planningId,feature,actionKey,kind,context,catalogStatus,sourceScreens,candidateEndpointModule,serviceLiteralReferences,runtimeState,systemEnabled,runtimeGateResult,runtimePermissionStatus,metadataProbe,functionalResult,positiveResult,testBindings,fullScopePassed,implementationDisposition
QA-FX01-A001,FX-01,identity.account.register,COMMAND,PUBLIC,Resolved delegated,FX01-S01,Identity,"[""src/Nexora.Infrastructure/Identity/SqlIdentityService.cs""]",Ready,True,Action handler not executed,Missing,Missing from real SQL,Not run,Not run,[],False,
QA-FX01-A002,FX-01,identity.account.verify,COMMAND,PUBLIC,Resolved delegated,FX01-S02,Identity,"[""src/Nexora.Infrastructure/Identity/SqlIdentityService.cs""]",Ready,True,Action handler not executed,Missing,Missing from real SQL,Not run,Not run,[],False,
QA-FX01-A003,FX-01,identity.account.resend,COMMAND,PUBLIC,Resolved delegated,FX01-S02,Identity,"[""src/Nexora.Infrastructure/Identity/SqlIdentityService.cs""]",Ready,True,Action handler not executed,Missing,Missing from real SQL,Not run,Not run,[],False,
QA-FX01-A004,FX-01,identity.account.login,COMMAND,PUBLIC,Resolved delegated,FX01-S03,Identity,"[""src/Nexora.Infrastructure/Identity/SqlIdentityService.cs""]",Ready,True,Action handler not executed,Missing,Missing from real SQL,Not run,Not run,[],False,
QA-FX01-A005,FX-01,identity.account.reset_request,COMMAND,PUBLIC,Resolved delegated,FX01-S04,Identity,"[""src/Nexora.Infrastructure/Identity/SqlIdentityService.cs""]",Ready,True,Action handler not executed,Missing,Missing from real SQL,Not run,Not run,[],False,
QA-FX01-A006,FX-01,identity.account.reset_confirm,COMMAND,PUBLIC,Resolved delegated,FX01-S04,Identity,"[""src/Nexora.Infrastructure/Identity/SqlIdentityService.cs""]",Ready,True,Action handler not executed,Missing,Missing from real SQL,Not run,Not run,[],False,
QA-FX01-A007,FX-01,identity.session.logout,COMMAND,CONTROL,Resolved delegated,FX01-S06,Identity,"[""src/Nexora.Infrastructure/Identity/SqlIdentityService.cs""]",Ready,True,Action handler not executed,Missing,Missing from real SQL,Not run,Not run,[],False,
QA-FX01-A008,FX-01,identity.session.revoke_session,COMMAND,CONTROL,Resolved delegated,FX01-S06,Identity,"[""src/Nexora.Infrastructure/Identity/SqlIdentityService.cs""]",Ready,True,Action handler not executed,Missing,Missing from real SQL,Partial coverage,Partial coverage,"[""FN-033""]",False,
QA-FX01-A009,FX-01,identity.session.revoke_all,COMMAND,CONTROL,Resolved delegated,FX01-S06,Identity,"[""src/Nexora.Infrastructure/Identity/SqlIdentityService.cs""]",Ready,True,Action handler not executed,Missing,Missing from real SQL,Not run,Not run,[],False,
QA-FX01-A010,FX-01,identity.session.read,QUERY,CONTROL,Resolved delegated,FX01-S06,Identity,[],Ready,True,Action handler not executed,Missing,Missing from real SQL,Partial coverage,Partial coverage,"[""FN-033""]",False,
QA-FX01-A011,FX-01,identity.profile.read,QUERY,CONTROL,Resolved delegated,FX01-S05,Identity,[],Ready,True,Action handler not executed,Missing,Missing from real SQL,Partial coverage,Partial coverage,"[""FN-029"",""FN-030""]",False,
QA-FX01-A012,FX-01,identity.profile.update,COMMAND,CONTROL,Resolved delegated,FX01-S05,Identity,"[""src/Nexora.Infrastructure/Identity/SqlIdentityService.cs""]",Ready,True,Action handler not executed,Missing,Missing from real SQL,Partial coverage,Partial coverage,"[""FN-029"",""FN-030""]",False,
QA-FX01-A013,FX-01,identity.profile.change_email,COMMAND,CONTROL,Resolved delegated,FX01-S05;FX01-S06,Identity,[],Ready,True,Action handler not executed,Missing,Missing from real SQL,Not run,Not run,[],False,
QA-FX01-A014,FX-01,identity.profile.change_password,COMMAND,CONTROL,Resolved delegated,FX01-S05;FX01-S06,Identity,[],Ready,True,Action handler not executed,Missing,Missing from real SQL,Not run,Not run,[],False,
QA-FX01-A015,FX-01,identity.mfa.enroll,COMMAND,CONTROL,Blocked,FX01-S06,Identity,[],Ready,True,Action handler not executed,Missing,Missing from real SQL,Not run,Not run,[],False,
QA-FX01-A016,FX-01,identity.mfa.remove,COMMAND,CONTROL,Blocked,FX01-S06,Identity,[],Ready,True,Action handler not executed,Missing,Missing from real SQL,Not run,Not run,[],False,
QA-FX01-A017,FX-01,identity.mfa.recover,COMMAND,CONTROL,Blocked,FX01-S06,Identity,[],Ready,True,Action handler not executed,Missing,Missing from real SQL,Not run,Not run,[],False,
QA-FX01-A018,FX-01,identity.account.delete_request,COMMAND,CONTROL,Superseded,FX01-S06,Identity,[],Ready,True,Action handler not executed,Missing,Missing from real SQL,Excluded-retired,Excluded-retired,[],False,
QA-FX02-A001,FX-02,access.user.read,QUERY,ADMIN,Resolved delegated,FX02-S01;FX02-S02,Access,"[""src/Nexora.Infrastructure/Identity/SqlIdentityService.cs"",""src/Nexora.Infrastructure/Access/SqlAdminAccessService.cs""]",Ready,True,Action handler not executed,Resolved,Present in real SQL,Partial coverage,Partial coverage,"[""FN-035""]",False,
QA-FX02-A002,FX-02,access.permission.read,QUERY,ADMIN,Resolved delegated,FX02-S04,Access,[],Ready,True,Action handler not executed,Resolved,Present in real SQL,Partial coverage,Partial coverage,"[""FN-036""]",False,
QA-FX02-A003,FX-02,access.role.set,COMMAND,SUPER,Resolved delegated,FX02-S03,Access,"[""src/Nexora.Infrastructure/Access/SqlAdminAccessService.cs""]",Ready,True,Action handler not executed,Resolved,Present in real SQL,Not run,Not run,[],False,
QA-FX02-A004,FX-02,access.permission.set,COMMAND,SUPER,Resolved delegated,FX02-S04,Access,"[""src/Nexora.Infrastructure/Access/SqlAdminAccessService.cs""]",Ready,True,Action handler not executed,Resolved,Present in real SQL,Partial coverage,Partial coverage,"[""FN-036""]",False,
QA-FX02-A005,FX-02,access.entitlement.set,COMMAND,SUPER,Resolved delegated,FX02-S05,Access,"[""src/Nexora.Infrastructure/Access/SqlAdminAccessService.cs""]",Ready,True,Action handler not executed,Resolved,Present in real SQL,Partial coverage,Partial coverage,"[""FN-037""]",False,
QA-FX02-A006,FX-02,access.user.disable,COMMAND,SUPER,Resolved delegated,FX02-S02,Access,"[""src/Nexora.Infrastructure/Access/SqlAdminAccessService.cs""]",Ready,True,Action handler not executed,Resolved,Present in real SQL,Not run,Not run,[],False,
QA-FX02-A007,FX-02,access.user.enable,COMMAND,SUPER,Resolved delegated,FX02-S02,Access,[],Ready,True,Action handler not executed,Missing,Missing from real SQL,Not run,Not run,[],False,
QA-FX02-A008,FX-02,access.user.revoke_sessions,COMMAND,SUPER,Resolved delegated,FX02-S02,Access,[],Ready,True,Action handler not executed,Missing,Missing from real SQL,Not run,Not run,[],False,
QA-FX02-A009,FX-02,access.change.read,QUERY,SUPER,Resolved delegated,FX02-S03;FX02-S04;FX02-S05,Access,"[""src/Nexora.Infrastructure/Access/SqlAdminAccessService.cs""]",Ready,True,Action handler not executed,Resolved,Present in real SQL,Not run,Not run,[],False,
QA-FX03-A001,FX-03,modules.catalog.read,QUERY,ADMIN,Resolved delegated,FX03-S01;FX03-S02,Modules,"[""src/Nexora.Infrastructure/Modules/SqlModulePolicyService.cs"",""src/Nexora.Infrastructure/Identity/SqlIdentityService.cs""]",Ready,True,Action handler not executed,Resolved,Present in real SQL,Partial coverage,Partial coverage,"[""FN-035"",""FN-038""]",False,
QA-FX03-A002,FX-03,modules.policy.enable,COMMAND,SUPER,Resolved delegated,FX03-S02;FX03-S03,Modules,"[""src/Nexora.Infrastructure/Modules/SqlModulePolicyService.cs"",""src/Nexora.Infrastructure/Identity/SqlIdentityService.cs""]",Ready,True,FN-038 paused policy preview blocked; confirm disabled; no enable commit,Resolved,Present in real SQL,Not run,Not run,[],False,
QA-FX03-A003,FX-03,modules.policy.disable,COMMAND,SUPER,Resolved delegated,FX03-S02;FX03-S03,Modules,"[""src/Nexora.Infrastructure/Modules/SqlModulePolicyService.cs"",""src/Nexora.Infrastructure/Identity/SqlIdentityService.cs""]",Ready,True,Action handler not executed,Resolved,Present in real SQL,Not run,Not run,[],False,
QA-FX03-A004,FX-03,modules.policy.defaults,COMMAND,SUPER,Resolved delegated,FX03-S04,Modules,"[""src/Nexora.Infrastructure/Modules/SqlModulePolicyService.cs"",""src/Nexora.Infrastructure/Identity/SqlIdentityService.cs""]",Ready,True,Action handler not executed,Resolved,Present in real SQL,Partial coverage,Partial coverage,"[""FN-038""]",False,
QA-FX03-A005,FX-03,modules.policy.sharing,COMMAND,SUPER,Resolved delegated,FX03-S05,Modules,[],Ready,True,Action handler not executed,Missing,Missing from real SQL,Not run,Not run,[],False,
QA-FX03-A006,FX-03,modules.policy.settings,COMMAND,SUPER,Resolved delegated,FX03-S05,Modules,[],Ready,True,Action handler not executed,Missing,Missing from real SQL,Not run,Not run,[],False,
QA-FX03-A007,FX-03,modules.upgrade.read,QUERY,ADMIN,Resolved delegated,FX03-S02,Modules,[],Ready,True,Action handler not executed,Missing,Missing from real SQL,Not run,Not run,[],False,
QA-FX03-A008,FX-03,modules.runtime.register,WORKER,SYSTEM,Resolved delegated,,Modules,[],Ready,True,Action handler not executed,Missing,Missing from real SQL,Not run,Not run,[],False,
QA-FX03-A009,FX-03,modules.runtime.migrate,WORKER,SYSTEM,Resolved delegated,,Modules,[],Ready,True,Action handler not executed,Missing,Missing from real SQL,Not run,Not run,[],False,
QA-FX03-A010,FX-03,modules.runtime.health,WORKER,SYSTEM,Resolved delegated,,Modules,[],Ready,True,Action handler not executed,Missing,Missing from real SQL,Not run,Not run,[],False,
QA-FX04-A001,FX-04,sharing.link.read,QUERY,SELF,Resolved delegated,FX04-S01;FX04-S02,Sharing,"[""src/Nexora.Infrastructure/Sharing/SqlSharingService.cs""]",Blocked,False,Actual list API 409 and module UI gate; positive path not run,Resolved,Present in real SQL,Not run,Blocked by runtime module; no positive execution,[],False,
QA-FX04-A002,FX-04,sharing.link.create,COMMAND,SELF,Resolved delegated,FX04-S01,Sharing,"[""src/Nexora.Infrastructure/Sharing/SqlSharingService.cs""]",Blocked,False,Action handler not executed,Resolved,Present in real SQL,Not run,Blocked by runtime module; no positive execution,[],False,
QA-FX04-A003,FX-04,sharing.link.update,COMMAND,SELF,Resolved delegated,FX04-S01,Sharing,"[""src/Nexora.Infrastructure/Sharing/SqlSharingService.cs""]",Blocked,False,Action handler not executed,Resolved,Present in real SQL,Not run,Blocked by runtime module; no positive execution,[],False,
QA-FX04-A004,FX-04,sharing.link.revoke,COMMAND,SELF,Resolved delegated,FX04-S02,Sharing,"[""src/Nexora.Infrastructure/Sharing/SqlSharingService.cs""]",Blocked,False,Action handler not executed,Resolved,Present in real SQL,Not run,Blocked by runtime module; no positive execution,[],False,
QA-FX04-A005,FX-04,sharing.link.resolve,QUERY,LINK,Resolved delegated,FX04-S03;FX04-S04,Sharing,[],Blocked,False,Action handler not executed,Resolved,Present in real SQL,Not run,Blocked by runtime module; no positive execution,[],False,
QA-FX04-A006,FX-04,sharing.link.copy_created,LOCAL,SELF,Resolved delegated,FX04-S01,Sharing,[],Blocked,False,Action handler not executed,Resolved,Present in real SQL,Not run,Blocked by runtime module; no positive execution,[],False,
QA-FX05-A001,FX-05,support.consent.read,QUERY,CONTROL,Resolved delegated,FX05-S01;FX05-S02,Support,"[""src/Nexora.Infrastructure/Support/SqlSupportService.cs""]",Blocked,False,Actual list API 409 and module UI gate; positive path not run,Resolved,Present in real SQL,Not run,Blocked by runtime module; no positive execution,[],False,
QA-FX05-A002,FX-05,support.consent.grant,COMMAND,CONTROL,Resolved delegated,FX05-S01,Support,"[""src/Nexora.Infrastructure/Support/SqlSupportService.cs""]",Blocked,False,Action handler not executed,Resolved,Present in real SQL,Not run,Blocked by runtime module; no positive execution,[],False,
QA-FX05-A003,FX-05,support.consent.revoke,COMMAND,CONTROL,Resolved delegated,FX05-S02,Support,"[""src/Nexora.Infrastructure/Support/SqlSupportService.cs""]",Blocked,False,Action handler not executed,Resolved,Present in real SQL,Not run,Blocked by runtime module; no positive execution,[],False,
QA-FX05-A004,FX-05,support.session.open,COMMAND,ADMIN,Resolved delegated,FX05-S03,Support,"[""src/Nexora.Infrastructure/Support/SqlSupportService.cs""]",Blocked,False,Action handler not executed,Resolved,Present in real SQL,Not run,Blocked by runtime module; no positive execution,[],False,
QA-FX05-A005,FX-05,support.session.end,COMMAND,CONTROL,Resolved delegated,FX05-S03,Support,"[""src/Nexora.Infrastructure/Support/SqlSupportService.cs""]",Blocked,False,Action handler not executed,Resolved,Present in real SQL,Not run,Blocked by runtime module; no positive execution,[],False,
QA-FX05-A006,FX-05,support.emergency.open,COMMAND,SUPER,Resolved delegated,FX05-S04,Support,"[""src/Nexora.Infrastructure/Support/SqlSupportService.cs""]",Blocked,False,Action handler not executed,Resolved,Present in real SQL,Not run,Blocked by runtime module; no positive execution,[],False,
QA-FX05-A007,FX-05,support.emergency.end,COMMAND,CONTROL,Resolved delegated,FX05-S05,Support,[],Blocked,False,Action handler not executed,Resolved,Present in real SQL,Not run,Blocked by runtime module; no positive execution,[],False,
QA-FX06-A001,FX-06,notifications.inbox.read,QUERY,SELF,Resolved delegated,FX06-S01;FX06-S02,Notifications,"[""src/Nexora.Infrastructure/Notifications/SqlNotificationService.cs"",""src/Nexora.Infrastructure/Dashboard/SqlDashboardService.cs""]",Ready,True,Action handler not executed,Resolved,Present in real SQL,Partial coverage,Partial coverage,"[""FN-034""]",False,
QA-FX06-A002,FX-06,notifications.inbox.mark_read,COMMAND,SELF,Resolved delegated,FX06-S01,Notifications,"[""src/Nexora.Infrastructure/Notifications/SqlNotificationService.cs""]",Ready,True,Action handler not executed,Resolved,Present in real SQL,Partial coverage,Partial coverage,"[""FN-034""]",False,
QA-FX06-A003,FX-06,notifications.inbox.mark_unread,COMMAND,SELF,Resolved delegated,FX06-S01,Notifications,"[""src/Nexora.Infrastructure/Notifications/SqlNotificationService.cs""]",Ready,True,Action handler not executed,Resolved,Present in real SQL,Partial coverage,Partial coverage,"[""FN-034""]",False,
QA-FX06-A004,FX-06,notifications.inbox.mark_all_read,COMMAND,SELF,Resolved delegated,FX06-S01,Notifications,"[""src/Nexora.Infrastructure/Notifications/SqlNotificationService.cs""]",Ready,True,Action handler not executed,Resolved,Present in real SQL,Partial coverage,Partial coverage,"[""FN-034""]",False,
QA-FX06-A005,FX-06,notifications.inbox.delete,COMMAND,SELF,Resolved delegated,FX06-S01,Notifications,"[""src/Nexora.Infrastructure/Notifications/SqlNotificationService.cs""]",Ready,True,Action handler not executed,Resolved,Present in real SQL,Partial coverage,Partial coverage,"[""FN-034""]",False,
QA-FX06-A006,FX-06,notifications.source.open,COMPOSITE,SELF,Resolved delegated,FX06-S02,Notifications,[],Ready,True,Action handler not executed,Missing,Missing from real SQL,Not run,Not run,[],False,
QA-FX06-A007,FX-06,notifications.push.subscribe,COMMAND,CONTROL,Resolved delegated,FX06-S03,Notifications,[],Ready,True,Action handler not executed,Missing,Missing from real SQL,Not run,Not run,[],False,
QA-FX06-A008,FX-06,notifications.push.remove,COMMAND,CONTROL,Resolved delegated,FX06-S03,Notifications,[],Ready,True,Action handler not executed,Missing,Missing from real SQL,Not run,Not run,[],False,
QA-FX06-A009,FX-06,notifications.dispatch.publish,WORKER,SYSTEM,Resolved delegated,,Notifications,"[""src/Nexora.Infrastructure/Notifications/SqlNotificationService.cs""]",Ready,True,Action handler not executed,Resolved,Present in real SQL,Not run,Not run,[],False,
QA-FX06-A010,FX-06,notifications.dispatch.deliver,WORKER,SYSTEM,Resolved delegated,,Notifications,[],Ready,True,Action handler not executed,Resolved,Present in real SQL,Not run,Not run,[],False,
QA-FX07-A001,FX-07,files.file.read,QUERY,SELF,Resolved delegated,FX07-S01,Files,"[""src/Nexora.Infrastructure/Files/SqlFileService.cs""]",Blocked,False,Actual list API 409 and module UI gate; positive path not run,Resolved,Present in real SQL,Not run,Blocked by runtime module; no positive execution,[],False,
QA-FX07-A002,FX-07,files.file.upload,COMMAND,SELF,Resolved delegated,FX07-S02,Files,"[""src/Nexora.Infrastructure/Files/SqlFileService.cs""]",Blocked,False,Action handler not executed,Resolved,Present in real SQL,Not run,Blocked by runtime module; no positive execution,[],False,
QA-FX07-A003,FX-07,files.file.cancel_upload,COMMAND,SELF,Resolved delegated,FX07-S02,Files,"[""src/Nexora.Infrastructure/Files/SqlFileService.cs""]",Blocked,False,Action handler not executed,Resolved,Present in real SQL,Not run,Blocked by runtime module; no positive execution,[],False,
QA-FX07-A004,FX-07,files.file.rename,COMMAND,SELF,Resolved delegated,FX07-S01,Files,"[""src/Nexora.Infrastructure/Files/SqlFileService.cs""]",Blocked,False,Action handler not executed,Resolved,Present in real SQL,Not run,Blocked by runtime module; no positive execution,[],False,
QA-FX07-A005,FX-07,files.file.replace,COMMAND,SELF,Resolved delegated,FX07-S05,Files,[],Blocked,False,Action handler not executed,Resolved,Present in real SQL,Not run,Blocked by runtime module; no positive execution,[],False,
QA-FX07-A006,FX-07,files.file.preview,QUERY,SELF,Resolved delegated,FX07-S03,Files,"[""src/Nexora.Infrastructure/Files/SqlFileService.cs""]",Blocked,False,Action handler not executed,Resolved,Present in real SQL,Not run,Blocked by runtime module; no positive execution,[],False,
QA-FX07-A007,FX-07,files.file.download,QUERY,SELF,Resolved delegated,FX07-S03,Files,"[""src/Nexora.Infrastructure/Files/SqlFileService.cs""]",Blocked,False,Action handler not executed,Resolved,Present in real SQL,Not run,Blocked by runtime module; no positive execution,[],False,
QA-FX07-A008,FX-07,files.reference.attach,COMPOSITE,SELF,Resolved delegated,FX07-S04,Files,"[""src/Nexora.Infrastructure/Files/SqlFileService.cs""]",Blocked,False,Action handler not executed,Resolved,Present in real SQL,Not run,Blocked by runtime module; no positive execution,[],False,
QA-FX07-A009,FX-07,files.reference.detach,COMPOSITE,SELF,Resolved delegated,FX07-S05,Files,"[""src/Nexora.Infrastructure/Files/SqlFileService.cs""]",Blocked,False,Action handler not executed,Resolved,Present in real SQL,Not run,Blocked by runtime module; no positive execution,[],False,
QA-FX07-A010,FX-07,files.file.trash,COMMAND,SELF,Resolved delegated,FX07-S01,Files,"[""src/Nexora.Infrastructure/Files/SqlFileService.cs""]",Blocked,False,Action handler not executed,Resolved,Present in real SQL,Not run,Blocked by runtime module; no positive execution,[],False,
QA-FX07-A011,FX-07,files.file.restore,COMMAND,SELF,Resolved delegated,FX07-S01,Files,"[""src/Nexora.Infrastructure/Files/SqlFileService.cs"",""src/Nexora.Infrastructure/Trash/SqlTrashService.cs""]",Blocked,False,Action handler not executed,Resolved,Present in real SQL,Not run,Blocked by runtime module; no positive execution,[],False,
QA-FX07-A012,FX-07,files.file.purge,COMMAND,SELF,Resolved delegated,FX07-S01,Files,"[""src/Nexora.Infrastructure/Files/SqlFileService.cs"",""src/Nexora.Infrastructure/Trash/SqlTrashService.cs""]",Blocked,False,Action handler not executed,Resolved,Present in real SQL,Not run,Blocked by runtime module; no positive execution,[],False,
QA-FX07-A013,FX-07,files.scan.complete,WORKER,SYSTEM,Resolved delegated,,Files,[],Blocked,False,Action handler not executed,Resolved,Present in real SQL,Not run,Blocked by runtime module; no positive execution,[],False,
QA-FX08-A001,FX-08,lifecycle.trash.read,QUERY,SELF,Resolved delegated,FX08-S01,Trash,"[""src/Nexora.Infrastructure/Trash/SqlTrashService.cs""]",Ready,True,Action handler not executed,Resolved,Present in real SQL,Partial coverage,Partial coverage,"[""FN-005""]",False,
QA-FX08-A002,FX-08,lifecycle.activity.read,COMPOSITE,SELF,Resolved delegated,FX08-S03,Trash,[],Ready,True,Action handler not executed,Missing,Missing from real SQL,Not run,Not run,[],False,
QA-FX08-A003,FX-08,lifecycle.resource.preview,COMPOSITE,SELF,Resolved delegated,FX08-S01;FX08-S02,Trash,[],Ready,True,Action handler not executed,Missing,Missing from real SQL,Not run,Not run,[],False,
QA-FX08-A004,FX-08,lifecycle.resource.trash,COMPOSITE,SELF,Resolved delegated,FX08-S01,Trash,[],Ready,True,Action handler not executed,Missing,Missing from real SQL,Partial coverage,Partial coverage,"[""FN-005""]",False,
QA-FX08-A005,FX-08,lifecycle.resource.restore,COMPOSITE,SELF,Resolved delegated,FX08-S01;FX08-S02,Trash,"[""src/Nexora.Infrastructure/Trash/SqlTrashService.cs""]",Ready,True,Action handler not executed,Resolved,Present in real SQL,Partial coverage,Partial coverage,"[""FN-005""]",False,
QA-FX08-A006,FX-08,lifecycle.resource.purge,COMPOSITE,SELF,Resolved delegated,FX08-S01;FX08-S02,Trash,"[""src/Nexora.Infrastructure/Trash/SqlTrashService.cs""]",Ready,True,Action handler not executed,Resolved,Present in real SQL,Partial coverage,Partial coverage,"[""FN-005""]",False,
QA-FX08-A007,FX-08,lifecycle.audit.read,QUERY,ADMIN,Resolved delegated,FX08-S04,Trash,[],Ready,True,Action handler not executed,Missing,Missing from real SQL,Not run,Not run,[],False,
QA-FX08-A008,FX-08,lifecycle.audit.append,WORKER,SYSTEM,Resolved delegated,,Trash,[],Ready,True,Action handler not executed,Missing,Missing from real SQL,Not run,Not run,[],False,
QA-FX09-A001,FX-09,settings.preference.read,QUERY,SELF,Resolved delegated,FX09-S01;FX09-S04,Settings,"[""src/Nexora.Infrastructure/Settings/SqlSettingsService.cs""]",Ready,True,Action handler not executed,Resolved,Present in real SQL,Partial coverage,Partial coverage,"[""FN-028"",""FN-036""]",False,
QA-FX09-A002,FX-09,settings.preference.update,COMMAND,SELF,Resolved delegated,FX09-S02,Settings,"[""src/Nexora.Infrastructure/Settings/SqlSettingsService.cs""]",Ready,True,Action handler not executed,Resolved,Present in real SQL,Partial coverage,Partial coverage,"[""FN-028"",""FN-036""]",False,
QA-FX09-A003,FX-09,settings.module.read,COMPOSITE,SELF,Resolved delegated,FX09-S03,Settings,[],Ready,True,Action handler not executed,Missing,Missing from real SQL,Not run,Not run,[],False,
QA-FX09-A004,FX-09,settings.module.update,COMPOSITE,SELF,Resolved delegated,FX09-S03,Settings,[],Ready,True,Action handler not executed,Missing,Missing from real SQL,Not run,Not run,[],False,
QA-FX10-A001,FX-10,transfer.import.preview,COMPOSITE,SELF,Resolved delegated,FX10-S01,,[],Blocked,False,Action handler not executed,Missing,Missing from real SQL,Not run,Blocked by runtime module; no positive execution,[],False,No candidate API feature handler in this build; implementation gap
QA-FX10-A002,FX-10,transfer.import.commit,COMPOSITE,SELF,Resolved delegated,FX10-S02,,[],Blocked,False,Action handler not executed,Missing,Missing from real SQL,Not run,Blocked by runtime module; no positive execution,[],False,No candidate API feature handler in this build; implementation gap
QA-FX10-A003,FX-10,transfer.import.read,QUERY,SELF,Resolved delegated,FX10-S04,,[],Blocked,False,Action handler not executed,Missing,Missing from real SQL,Not run,Blocked by runtime module; no positive execution,[],False,No candidate API feature handler in this build; implementation gap
QA-FX10-A004,FX-10,transfer.import.cancel,COMPOSITE,SELF,Resolved delegated,FX10-S02,,[],Blocked,False,Action handler not executed,Missing,Missing from real SQL,Not run,Blocked by runtime module; no positive execution,[],False,No candidate API feature handler in this build; implementation gap
QA-FX10-A005,FX-10,transfer.export.request,COMPOSITE,SELF,Resolved delegated,FX10-S03,,[],Blocked,False,Action handler not executed,Missing,Missing from real SQL,Not run,Blocked by runtime module; no positive execution,[],False,No candidate API feature handler in this build; implementation gap
QA-FX10-A006,FX-10,transfer.export.read,QUERY,SELF,Resolved delegated,FX10-S04,,[],Blocked,False,Action handler not executed,Missing,Missing from real SQL,Not run,Blocked by runtime module; no positive execution,[],False,No candidate API feature handler in this build; implementation gap
QA-FX10-A007,FX-10,transfer.export.download,COMPOSITE,SELF,Resolved delegated,FX10-S04,,[],Blocked,False,Action handler not executed,Missing,Missing from real SQL,Not run,Blocked by runtime module; no positive execution,[],False,No candidate API feature handler in this build; implementation gap
QA-FX10-A008,FX-10,transfer.backup.read,QUERY,ADMIN,Blocked,FX10-S05,,[],Blocked,False,Action handler not executed,Missing,Missing from real SQL,Not run,Blocked by runtime module; no positive execution,[],False,No candidate API feature handler in this build; implementation gap
QA-FX10-A009,FX-10,transfer.backup.request,COMMAND,SUPER,Blocked,FX10-S05,,[],Blocked,False,Action handler not executed,Missing,Missing from real SQL,Not run,Blocked by runtime module; no positive execution,[],False,No candidate API feature handler in this build; implementation gap
QA-FX10-A010,FX-10,transfer.restore.preview,COMMAND,SUPER,Blocked,FX10-S05,,[],Blocked,False,Action handler not executed,Missing,Missing from real SQL,Not run,Blocked by runtime module; no positive execution,[],False,No candidate API feature handler in this build; implementation gap
QA-FX10-A011,FX-10,transfer.restore.request,COMMAND,SUPER,Blocked,FX10-S05,,[],Blocked,False,Action handler not executed,Missing,Missing from real SQL,Not run,Blocked by runtime module; no positive execution,[],False,No candidate API feature handler in this build; implementation gap
QA-FX10-A012,FX-10,transfer.worker.backup,WORKER,SYSTEM,Blocked,,,[],Blocked,False,Action handler not executed,Missing,Missing from real SQL,Not run,Blocked by runtime module; no positive execution,[],False,No candidate API feature handler in this build; implementation gap
QA-FX10-A013,FX-10,transfer.worker.restore,WORKER,SYSTEM,Blocked,,,[],Blocked,False,Action handler not executed,Missing,Missing from real SQL,Not run,Blocked by runtime module; no positive execution,[],False,No candidate API feature handler in this build; implementation gap
QA-FX11-A001,FX-11,projects.project.read,QUERY,SELF,Resolved delegated,FX11-S01;FX11-S03,Productivity,"[""src/Nexora.Infrastructure/Productivity/SqlProductivityService.cs"",""src/Nexora.Infrastructure/Discovery/SqlFavoriteService.cs"",""src/Nexora.Infrastructure/Discovery/SqlSearchService.cs"",""src/Nexora.Infrastructure/Sharing/SqlSharingService.cs"",""src/Nexora.Infrastructure/Files/SqlFileService.cs"",""src/Nexora.Infrastructure/Support/SqlSupportService.cs""]",Ready,True,Action handler not executed,Resolved,Present in real SQL,Partial coverage,Partial coverage,"[""FN-005"",""FN-040""]",False,
QA-FX11-A002,FX-11,projects.project.create,COMMAND,SELF,Resolved delegated,FX11-S01;FX11-S02,Productivity,"[""src/Nexora.Infrastructure/Productivity/SqlProductivityService.cs""]",Ready,True,Action handler not executed,Resolved,Present in real SQL,Partial coverage,Partial coverage,"[""FN-005""]",False,
QA-FX11-A003,FX-11,projects.project.update,COMMAND,SELF,Resolved delegated,FX11-S02,Productivity,"[""src/Nexora.Infrastructure/Productivity/SqlProductivityService.cs""]",Ready,True,Action handler not executed,Resolved,Present in real SQL,Partial coverage,Partial coverage,"[""FN-005"",""FN-040""]",False,
QA-FX11-A004,FX-11,projects.project.start,COMMAND,SELF,Resolved delegated,FX11-S03,Productivity,"[""src/Nexora.Infrastructure/Productivity/SqlProductivityService.cs""]",Ready,True,Action handler not executed,Resolved,Present in real SQL,Not run,Not run,[],False,
QA-FX11-A005,FX-11,projects.project.revert,COMMAND,SELF,Resolved delegated,FX11-S03,Productivity,"[""src/Nexora.Infrastructure/Productivity/SqlProductivityService.cs""]",Ready,True,Action handler not executed,Resolved,Present in real SQL,Not run,Not run,[],False,
QA-FX11-A006,FX-11,projects.project.complete,COMMAND,SELF,Resolved delegated,FX11-S04,Productivity,"[""src/Nexora.Infrastructure/Productivity/SqlProductivityService.cs""]",Ready,True,Action handler not executed,Resolved,Present in real SQL,Partial coverage,Partial coverage,"[""FN-005""]",False,
QA-FX11-A007,FX-11,projects.project.skip,COMMAND,SELF,Resolved delegated,FX11-S04,Productivity,"[""src/Nexora.Infrastructure/Productivity/SqlProductivityService.cs""]",Ready,True,Action handler not executed,Resolved,Present in real SQL,Partial coverage,Partial coverage,"[""FN-040""]",False,
QA-FX11-A008,FX-11,projects.project.trash,COMMAND,SELF,Resolved delegated,FX11-S01,Productivity,"[""src/Nexora.Infrastructure/Productivity/SqlProductivityService.cs""]",Ready,True,Action handler not executed,Resolved,Present in real SQL,Partial coverage,Partial coverage,"[""FN-005""]",False,
QA-FX11-A009,FX-11,projects.project.restore,COMMAND,SELF,Resolved delegated,FX11-S01,Productivity,"[""src/Nexora.Infrastructure/Trash/SqlTrashService.cs""]",Ready,True,Action handler not executed,Resolved,Present in real SQL,Partial coverage,Partial coverage,"[""FN-005""]",False,
QA-FX11-A010,FX-11,projects.project.purge,COMMAND,SELF,Resolved delegated,FX11-S01,Productivity,"[""src/Nexora.Infrastructure/Trash/SqlTrashService.cs""]",Ready,True,Action handler not executed,Resolved,Present in real SQL,Partial coverage,Partial coverage,"[""FN-005""]",False,
QA-FX11-A011,FX-11,projects.project.history,QUERY,SELF,Resolved delegated,FX11-S05,Productivity,[],Ready,True,Action handler not executed,Missing,Missing from real SQL,Not run,Not run,[],False,
QA-FX11-A012,FX-11,projects.project.share,COMPOSITE,SELF,Resolved delegated,FX11-S03,Productivity,[],Ready,True,Action handler not executed,Missing,Missing from real SQL,Not run,Not run,[],False,
QA-FX12-A001,FX-12,tasks.task.read,QUERY,SELF,Resolved delegated,FX12-S01;FX12-S02;FX12-S04,Productivity,"[""src/Nexora.Infrastructure/Productivity/SqlProductivityService.cs"",""src/Nexora.Infrastructure/Discovery/SqlFavoriteService.cs"",""src/Nexora.Infrastructure/Discovery/SqlSearchService.cs"",""src/Nexora.Infrastructure/Files/SqlFileService.cs"",""src/Nexora.Infrastructure/Reminders/SqlReminderService.cs"",""src/Nexora.Infrastructure/Support/SqlSupportService.cs"",""src/Nexora.Infrastructure/Dashboard/SqlDashboardService.cs"",""src/Nexora.Infrastructure/Planner/SqlPlannerService.cs""]",Ready,True,Action handler not executed,Resolved,Present in real SQL,Partial coverage,Partial coverage,"[""FN-005""]",False,
QA-FX12-A002,FX-12,tasks.task.create,COMMAND,SELF,Resolved delegated,FX12-S01;FX12-S03,Productivity,"[""src/Nexora.Infrastructure/Productivity/SqlProductivityService.cs""]",Ready,True,Action handler not executed,Resolved,Present in real SQL,Partial coverage,Partial coverage,"[""FN-005""]",False,
QA-FX12-A003,FX-12,tasks.task.update,COMMAND,SELF,Resolved delegated,FX12-S02;FX12-S03,Productivity,"[""src/Nexora.Infrastructure/Productivity/SqlProductivityService.cs"",""src/Nexora.Infrastructure/Reminders/SqlReminderService.cs""]",Ready,True,Action handler not executed,Resolved,Present in real SQL,Partial coverage,Partial coverage,"[""FN-005""]",False,
QA-FX12-A004,FX-12,tasks.task.start,COMMAND,SELF,Resolved delegated,FX12-S01,Productivity,"[""src/Nexora.Infrastructure/Productivity/SqlProductivityService.cs""]",Ready,True,Action handler not executed,Resolved,Present in real SQL,Not run,Not run,[],False,
QA-FX12-A005,FX-12,tasks.task.complete,COMMAND,SELF,Resolved delegated,FX12-S01,Productivity,"[""src/Nexora.Infrastructure/Productivity/SqlProductivityService.cs""]",Ready,True,Action handler not executed,Resolved,Present in real SQL,Not run,Not run,[],False,
QA-FX12-A006,FX-12,tasks.task.skip,COMMAND,SELF,Resolved delegated,FX12-S01,Productivity,"[""src/Nexora.Infrastructure/Productivity/SqlProductivityService.cs""]",Ready,True,Action handler not executed,Resolved,Present in real SQL,Not run,Not run,[],False,
QA-FX12-A007,FX-12,tasks.task.revert,COMMAND,SELF,Resolved delegated,FX12-S01;FX12-S05,Productivity,"[""src/Nexora.Infrastructure/Productivity/SqlProductivityService.cs""]",Ready,True,Action handler not executed,Resolved,Present in real SQL,Not run,Not run,[],False,
QA-FX12-A008,FX-12,tasks.task.reorder,COMMAND,SELF,Resolved delegated,FX12-S01,Productivity,[],Ready,True,Action handler not executed,Missing,Missing from real SQL,Not run,Not run,[],False,
QA-FX12-A009,FX-12,tasks.task.criteria,COMMAND,SELF,Resolved delegated,FX12-S03,Productivity,[],Ready,True,Action handler not executed,Missing,Missing from real SQL,Not run,Not run,[],False,
QA-FX12-A010,FX-12,tasks.task.set_reminder,COMMAND,SELF,Resolved delegated,FX12-S03,Productivity,[],Ready,True,Action handler not executed,Missing,Missing from real SQL,Not run,Not run,[],False,
QA-FX12-A011,FX-12,tasks.task.remove_reminder,COMMAND,SELF,Resolved delegated,FX12-S03,Productivity,[],Ready,True,Action handler not executed,Missing,Missing from real SQL,Not run,Not run,[],False,
QA-FX12-A012,FX-12,tasks.task.trash,COMMAND,SELF,Resolved delegated,FX12-S02;FX12-S04,Productivity,"[""src/Nexora.Infrastructure/Productivity/SqlProductivityService.cs""]",Ready,True,Action handler not executed,Resolved,Present in real SQL,Not run,Not run,[],False,
QA-FX12-A013,FX-12,tasks.task.restore,COMMAND,SELF,Resolved delegated,FX12-S04,Productivity,"[""src/Nexora.Infrastructure/Trash/SqlTrashService.cs""]",Ready,True,Action handler not executed,Resolved,Present in real SQL,Not run,Not run,[],False,
QA-FX12-A014,FX-12,tasks.task.purge,COMMAND,SELF,Resolved delegated,FX12-S04,Productivity,"[""src/Nexora.Infrastructure/Trash/SqlTrashService.cs""]",Ready,True,Action handler not executed,Resolved,Present in real SQL,Not run,Not run,[],False,
QA-FX12-A015,FX-12,tasks.task.history,QUERY,SELF,Resolved delegated,FX12-S06,Productivity,[],Ready,True,Action handler not executed,Missing,Missing from real SQL,Not run,Not run,[],False,
QA-FX12-A016,FX-12,tasks.task.restore_version,COMMAND,SELF,Resolved delegated,FX12-S06,Productivity,[],Ready,True,Action handler not executed,Missing,Missing from real SQL,Not run,Not run,[],False,
QA-FX12-A017,FX-12,tasks.task.share,COMPOSITE,SELF,Resolved delegated,FX12-S04,Productivity,[],Ready,True,Action handler not executed,Missing,Missing from real SQL,Not run,Not run,[],False,
QA-FX13-A001,FX-13,calendar.calendar.read,QUERY,SELF,Resolved delegated,FX13-S01;FX13-S02;FX13-S03;FX13-S04,Productivity,[],Ready,True,Action handler not executed,Missing,Missing from real SQL,Partial coverage,Partial coverage,"[""FN-006""]",False,
QA-FX13-A002,FX-13,calendar.event.read,QUERY,SELF,Resolved delegated,FX13-S05,Productivity,"[""src/Nexora.Infrastructure/Productivity/SqlProductivityService.cs"",""src/Nexora.Infrastructure/Discovery/SqlFavoriteService.cs"",""src/Nexora.Infrastructure/Discovery/SqlSearchService.cs"",""src/Nexora.Infrastructure/Reminders/SqlReminderService.cs"",""src/Nexora.Infrastructure/Support/SqlSupportService.cs"",""src/Nexora.Infrastructure/Dashboard/SqlDashboardService.cs""]",Ready,True,Action handler not executed,Resolved,Present in real SQL,Partial coverage,Partial coverage,"[""FN-006""]",False,
QA-FX13-A003,FX-13,calendar.event.create,COMMAND,SELF,Resolved delegated,FX13-S05,Productivity,"[""src/Nexora.Infrastructure/Productivity/SqlProductivityService.cs""]",Ready,True,Action handler not executed,Resolved,Present in real SQL,Partial coverage,Partial coverage,"[""FN-006""]",False,
QA-FX13-A004,FX-13,calendar.event.update,COMMAND,SELF,Resolved delegated,FX13-S05,Productivity,"[""src/Nexora.Infrastructure/Productivity/SqlProductivityService.cs"",""src/Nexora.Infrastructure/Reminders/SqlReminderService.cs""]",Ready,True,Action handler not executed,Resolved,Present in real SQL,Partial coverage,Partial coverage,"[""FN-006""]",False,
QA-FX13-A005,FX-13,calendar.event.complete,COMMAND,SELF,Resolved delegated,FX13-S05,Productivity,"[""src/Nexora.Infrastructure/Productivity/SqlProductivityService.cs""]",Ready,True,Action handler not executed,Resolved,Present in real SQL,Partial coverage,Partial coverage,"[""FN-006""]",False,
QA-FX13-A006,FX-13,calendar.event.cancel,COMMAND,SELF,Resolved delegated,FX13-S05,Productivity,"[""src/Nexora.Infrastructure/Productivity/SqlProductivityService.cs""]",Ready,True,Action handler not executed,Resolved,Present in real SQL,Partial coverage,Partial coverage,"[""FN-006""]",False,
QA-FX13-A007,FX-13,calendar.event.set_reminder,COMMAND,SELF,Resolved delegated,FX13-S05,Productivity,[],Ready,True,Action handler not executed,Missing,Missing from real SQL,Not run,Not run,[],False,
QA-FX13-A008,FX-13,calendar.event.remove_reminder,COMMAND,SELF,Resolved delegated,FX13-S05,Productivity,[],Ready,True,Action handler not executed,Missing,Missing from real SQL,Not run,Not run,[],False,
QA-FX13-A009,FX-13,calendar.projection.open,COMPOSITE,SELF,Resolved delegated,FX13-S06,Productivity,[],Ready,True,Action handler not executed,Missing,Missing from real SQL,Not run,Not run,[],False,
QA-FX13-A010,FX-13,calendar.ics.preview,COMPOSITE,SELF,Resolved delegated,FX13-S07,Productivity,[],Ready,True,Action handler not executed,Missing,Missing from real SQL,Not run,Not run,[],False,
QA-FX13-A011,FX-13,calendar.ics.import,COMPOSITE,SELF,Resolved delegated,FX13-S07,Productivity,[],Ready,True,Action handler not executed,Missing,Missing from real SQL,Not run,Not run,[],False,
QA-FX13-A012,FX-13,calendar.ics.export,COMPOSITE,SELF,Resolved delegated,FX13-S07,Productivity,[],Ready,True,Action handler not executed,Missing,Missing from real SQL,Not run,Not run,[],False,
QA-FX14-A001,FX-14,reminders.configuration.read,COMPOSITE,SELF,Resolved delegated,FX14-S01;FX14-S03,Reminders,"[""src/Nexora.Infrastructure/Reminders/SqlReminderService.cs""]",Ready,True,Action handler not executed,Resolved,Present in real SQL,Partial coverage,Partial coverage,"[""FN-017""]",False,
QA-FX14-A002,FX-14,reminders.configuration.set,COMPOSITE,SELF,Resolved delegated,FX14-S01;FX14-S02,Reminders,"[""src/Nexora.Infrastructure/Reminders/SqlReminderService.cs""]",Ready,True,Action handler not executed,Resolved,Present in real SQL,Partial coverage,Partial coverage,"[""FN-017""]",False,
QA-FX14-A003,FX-14,reminders.configuration.remove,COMPOSITE,SELF,Resolved delegated,FX14-S01,Reminders,"[""src/Nexora.Infrastructure/Reminders/SqlReminderService.cs""]",Ready,True,Action handler not executed,Resolved,Present in real SQL,Partial coverage,Partial coverage,"[""FN-017""]",False,
QA-FX14-A004,FX-14,reminders.schedule.reconcile,WORKER,SYSTEM,Resolved delegated,,Reminders,[],Ready,True,Action handler not executed,Resolved,Present in real SQL,Not run,Not run,[],False,
QA-FX14-A005,FX-14,reminders.schedule.invalidate,WORKER,SYSTEM,Resolved delegated,,Reminders,"[""src/Nexora.Infrastructure/Reminders/SqlReminderService.cs""]",Ready,True,Action handler not executed,Resolved,Present in real SQL,Not run,Not run,[],False,
QA-FX14-A006,FX-14,reminders.schedule.dispatch,WORKER,SYSTEM,Resolved delegated,,Reminders,"[""src/Nexora.Infrastructure/Reminders/SqlReminderService.cs""]",Ready,True,Action handler not executed,Resolved,Present in real SQL,Not run,Not run,[],False,
QA-FX15-A001,FX-15,planner.plan.read,QUERY,SELF,Resolved delegated,FX15-S01;FX15-S02,Planner,"[""src/Nexora.Infrastructure/Support/SqlSupportService.cs"",""src/Nexora.Infrastructure/Planner/SqlPlannerService.cs""]",Ready,True,Action handler not executed,Resolved,Present in real SQL,Partial coverage,Partial coverage,"[""FN-015"",""FN-039""]",False,
QA-FX15-A002,FX-15,planner.plan.pin,COMMAND,SELF,Resolved delegated,FX15-S01;FX15-S03,Planner,"[""src/Nexora.Infrastructure/Planner/SqlPlannerService.cs""]",Ready,True,Action handler not executed,Resolved,Present in real SQL,Partial coverage,Partial coverage,"[""FN-015""]",False,
QA-FX15-A003,FX-15,planner.plan.unpin,COMMAND,SELF,Resolved delegated,FX15-S01,Planner,"[""src/Nexora.Infrastructure/Planner/SqlPlannerService.cs""]",Ready,True,Action handler not executed,Resolved,Present in real SQL,Partial coverage,Partial coverage,"[""FN-015""]",False,
QA-FX15-A004,FX-15,planner.plan.reorder,COMMAND,SELF,Resolved delegated,FX15-S01,Planner,"[""src/Nexora.Infrastructure/Planner/SqlPlannerService.cs""]",Ready,True,Action handler not executed,Resolved,Present in real SQL,Partial coverage,Partial coverage,"[""FN-039""]",False,
QA-FX15-A005,FX-15,planner.plan.reschedule,COMMAND,SELF,Resolved delegated,FX15-S02,Planner,"[""src/Nexora.Infrastructure/Planner/SqlPlannerService.cs""]",Ready,True,Action handler not executed,Resolved,Present in real SQL,Partial coverage,Partial coverage,"[""FN-015""]",False,
QA-FX15-A006,FX-15,planner.plan.notes,COMMAND,SELF,Resolved delegated,FX15-S01,Planner,"[""src/Nexora.Infrastructure/Planner/SqlPlannerService.cs""]",Ready,True,Action handler not executed,Resolved,Present in real SQL,Not run,Not run,[],False,
QA-FX16-A001,FX-16,goals.goal.read,QUERY,SELF,SLICE_IMPLEMENTED (local),FX16-S01,Goals,"[""src/Nexora.Infrastructure/Goals/SqlGoalService.cs"",""src/Nexora.Infrastructure/Discovery/SqlFavoriteService.cs"",""src/Nexora.Infrastructure/Discovery/SqlSearchService.cs"",""src/Nexora.Infrastructure/Support/SqlSupportService.cs""]",Ready,True,Action handler not executed,Resolved,Present in real SQL,Partial coverage,Partial coverage,"[""FN-013"",""FN-014"",""FN-037""]",False,
QA-FX16-A002,FX-16,goals.goal.create,COMMAND,SELF,SLICE_IMPLEMENTED (local),FX16-S01;FX16-S02,Goals,"[""src/Nexora.Infrastructure/Goals/SqlGoalService.cs""]",Ready,True,Action handler not executed,Resolved,Present in real SQL,Partial coverage,Partial coverage,"[""FN-013"",""FN-014""]",False,
QA-FX16-A003,FX-16,goals.goal.update,COMMAND,SELF,SLICE_IMPLEMENTED (local),FX16-S02,Goals,"[""src/Nexora.Infrastructure/Goals/SqlGoalService.cs""]",Ready,True,Action handler not executed,Resolved,Present in real SQL,Not run,Not run,[],False,
QA-FX16-A004,FX-16,goals.goal.start,COMMAND,SELF,SLICE_IMPLEMENTED (local),FX16-S03,Goals,"[""src/Nexora.Infrastructure/Goals/SqlGoalService.cs""]",Ready,True,Action handler not executed,Resolved,Present in real SQL,Partial coverage,Partial coverage,"[""FN-014""]",False,
QA-FX16-A005,FX-16,goals.goal.complete,COMMAND,SELF,SLICE_IMPLEMENTED (local),FX16-S03,Goals,"[""src/Nexora.Infrastructure/Goals/SqlGoalService.cs""]",Ready,True,Action handler not executed,Resolved,Present in real SQL,Partial coverage,Partial coverage,"[""FN-014""]",False,
QA-FX16-A006,FX-16,goals.goal.abandon,COMMAND,SELF,SLICE_IMPLEMENTED (local),FX16-S03,Goals,"[""src/Nexora.Infrastructure/Goals/SqlGoalService.cs""]",Ready,True,Action handler not executed,Resolved,Present in real SQL,Partial coverage,Partial coverage,"[""FN-014""]",False,
QA-FX16-A007,FX-16,goals.goal.reopen,COMMAND,SELF,SLICE_IMPLEMENTED (local),FX16-S03,Goals,"[""src/Nexora.Infrastructure/Goals/SqlGoalService.cs""]",Ready,True,Action handler not executed,Resolved,Present in real SQL,Partial coverage,Partial coverage,"[""FN-014""]",False,
QA-FX16-A008,FX-16,goals.target.read,QUERY,SELF,SLICE_IMPLEMENTED (local),FX16-S03,Goals,"[""src/Nexora.Infrastructure/Goals/SqlGoalService.cs""]",Ready,True,Action handler not executed,Resolved,Present in real SQL,Partial coverage,Partial coverage,"[""FN-014""]",False,
QA-FX16-A009,FX-16,goals.target.create,COMMAND,SELF,SLICE_IMPLEMENTED (local),FX16-S03,Goals,"[""src/Nexora.Infrastructure/Goals/SqlGoalService.cs""]",Ready,True,Action handler not executed,Resolved,Present in real SQL,Partial coverage,Partial coverage,"[""FN-014""]",False,
QA-FX16-A010,FX-16,goals.target.update,COMMAND,SELF,Resolved delegated,FX16-S03,Goals,[],Ready,True,Action handler not executed,Missing,Missing from real SQL,Not run,Not run,[],False,
QA-FX16-A011,FX-16,goals.target.remove,COMMAND,SELF,Resolved delegated,FX16-S03,Goals,[],Ready,True,Action handler not executed,Missing,Missing from real SQL,Not run,Not run,[],False,
QA-FX16-A012,FX-16,goals.target.link_task,COMMAND,SELF,Resolved delegated,FX16-S03,Goals,[],Ready,True,Action handler not executed,Missing,Missing from real SQL,Not run,Not run,[],False,
QA-FX16-A013,FX-16,goals.target.unlink_task,COMMAND,SELF,Resolved delegated,FX16-S03,Goals,[],Ready,True,Action handler not executed,Missing,Missing from real SQL,Not run,Not run,[],False,
QA-FX16-A014,FX-16,goals.progress.read,QUERY,SELF,Resolved delegated,FX16-S03,Goals,[],Ready,True,Action handler not executed,Missing,Missing from real SQL,Not run,Not run,[],False,
QA-FX16-A015,FX-16,goals.goal.archive,COMMAND,SELF,Resolved delegated,FX16-S01,Goals,[],Ready,True,Action handler not executed,Missing,Missing from real SQL,Not run,Not run,[],False,
QA-FX16-A016,FX-16,goals.goal.unarchive,COMMAND,SELF,Resolved delegated,FX16-S01,Goals,[],Ready,True,Action handler not executed,Missing,Missing from real SQL,Not run,Not run,[],False,
QA-FX16-A017,FX-16,goals.goal.trash,COMMAND,SELF,Resolved delegated,FX16-S01,Goals,[],Ready,True,Action handler not executed,Missing,Missing from real SQL,Not run,Not run,[],False,
QA-FX16-A018,FX-16,goals.goal.restore,COMMAND,SELF,Resolved delegated,FX16-S01,Goals,[],Ready,True,Action handler not executed,Missing,Missing from real SQL,Not run,Not run,[],False,
QA-FX16-A019,FX-16,goals.goal.purge,COMMAND,SELF,Resolved delegated,FX16-S01,Goals,[],Ready,True,Action handler not executed,Missing,Missing from real SQL,Not run,Not run,[],False,
QA-FX17-A001,FX-17,habits.habit.read,QUERY,SELF,Resolved delegated,FX17-S01;FX17-S02,Habits,"[""src/Nexora.Infrastructure/Habits/SqlHabitService.cs""]",Ready,True,Action handler not executed,Resolved,Present in real SQL,Partial coverage,Partial coverage,"[""FN-016""]",False,
QA-FX17-A002,FX-17,habits.habit.create,COMMAND,SELF,Resolved delegated,FX17-S03,Habits,"[""src/Nexora.Infrastructure/Habits/SqlHabitService.cs""]",Ready,True,Action handler not executed,Resolved,Present in real SQL,Partial coverage,Partial coverage,"[""FN-016""]",False,
QA-FX17-A003,FX-17,habits.habit.update,COMMAND,SELF,Resolved delegated,FX17-S03,Habits,"[""src/Nexora.Infrastructure/Habits/SqlHabitService.cs""]",Ready,True,Action handler not executed,Resolved,Present in real SQL,Not run,Not run,[],False,
QA-FX17-A004,FX-17,habits.habit.schedule,COMMAND,SELF,Resolved delegated,FX17-S03,Habits,"[""src/Nexora.Infrastructure/Habits/SqlHabitService.cs""]",Ready,True,Action handler not executed,Resolved,Present in real SQL,Partial coverage,Partial coverage,"[""FN-016""]",False,
QA-FX17-A005,FX-17,habits.habit.pause,COMMAND,SELF,Resolved delegated,FX17-S02,Habits,"[""src/Nexora.Infrastructure/Habits/SqlHabitService.cs""]",Ready,True,Action handler not executed,Resolved,Present in real SQL,Partial coverage,Partial coverage,"[""FN-016""]",False,
QA-FX17-A006,FX-17,habits.habit.resume,COMMAND,SELF,Resolved delegated,FX17-S02,Habits,"[""src/Nexora.Infrastructure/Habits/SqlHabitService.cs""]",Ready,True,Action handler not executed,Resolved,Present in real SQL,Partial coverage,Partial coverage,"[""FN-016""]",False,
QA-FX17-A007,FX-17,habits.habit.set_reminder,COMMAND,SELF,Resolved delegated,FX17-S03,Habits,"[""src/Nexora.Infrastructure/Habits/SqlHabitService.cs""]",Ready,True,Action handler not executed,Resolved,Present in real SQL,Not run,Not run,[],False,
QA-FX17-A008,FX-17,habits.checkin.record,COMMAND,SELF,Resolved delegated,FX17-S01,Habits,"[""src/Nexora.Infrastructure/Habits/SqlHabitService.cs""]",Ready,True,Action handler not executed,Resolved,Present in real SQL,Partial coverage,Partial coverage,"[""FN-016""]",False,
QA-FX17-A009,FX-17,habits.checkin.correct,COMMAND,SELF,Resolved delegated,FX17-S01;FX17-S04,Habits,"[""src/Nexora.Infrastructure/Habits/SqlHabitService.cs""]",Ready,True,Action handler not executed,Resolved,Present in real SQL,Partial coverage,Partial coverage,"[""FN-016""]",False,
QA-FX17-A010,FX-17,habits.streak.read,QUERY,SELF,Resolved delegated,FX17-S04,Habits,[],Ready,True,Action handler not executed,Resolved,Present in real SQL,Not run,Not run,[],False,
QA-FX17-A011,FX-17,habits.habit.archive,COMMAND,SELF,Resolved delegated,FX17-S02,Habits,"[""src/Nexora.Infrastructure/Habits/SqlHabitService.cs""]",Ready,True,Action handler not executed,Resolved,Present in real SQL,Partial coverage,Partial coverage,"[""FN-016""]",False,
QA-FX17-A012,FX-17,habits.habit.unarchive,COMMAND,SELF,Resolved delegated,FX17-S02,Habits,"[""src/Nexora.Infrastructure/Habits/SqlHabitService.cs""]",Ready,True,Action handler not executed,Resolved,Present in real SQL,Partial coverage,Partial coverage,"[""FN-016""]",False,
QA-FX17-A013,FX-17,habits.habit.trash,COMMAND,SELF,Resolved delegated,FX17-S02,Habits,[],Ready,True,Action handler not executed,Missing,Missing from real SQL,Not run,Not run,[],False,
QA-FX17-A014,FX-17,habits.habit.restore,COMMAND,SELF,Resolved delegated,FX17-S02,Habits,[],Ready,True,Action handler not executed,Missing,Missing from real SQL,Not run,Not run,[],False,
QA-FX17-A015,FX-17,habits.habit.purge,COMMAND,SELF,Resolved delegated,FX17-S02,Habits,[],Ready,True,Action handler not executed,Missing,Missing from real SQL,Not run,Not run,[],False,
QA-FX18-A001,FX-18,time.timer.read,QUERY,SELF,Resolved delegated,FX18-S01,,[],Blocked,False,Action handler not executed,Missing,Missing from real SQL,Not run,Blocked by runtime module; no positive execution,[],False,No candidate API feature handler in this build; implementation gap
QA-FX18-A002,FX-18,time.timer.start,COMMAND,SELF,Resolved delegated,FX18-S01,,[],Blocked,False,Action handler not executed,Missing,Missing from real SQL,Not run,Blocked by runtime module; no positive execution,[],False,No candidate API feature handler in this build; implementation gap
QA-FX18-A003,FX-18,time.timer.stop,COMMAND,SELF,Resolved delegated,FX18-S01,,[],Blocked,False,Action handler not executed,Missing,Missing from real SQL,Not run,Blocked by runtime module; no positive execution,[],False,No candidate API feature handler in this build; implementation gap
QA-FX18-A004,FX-18,time.timer.resume,COMMAND,SELF,Resolved delegated,FX18-S01,,[],Blocked,False,Action handler not executed,Missing,Missing from real SQL,Not run,Blocked by runtime module; no positive execution,[],False,No candidate API feature handler in this build; implementation gap
QA-FX18-A005,FX-18,time.entry.read,QUERY,SELF,Resolved delegated,FX18-S02,,[],Blocked,False,Action handler not executed,Missing,Missing from real SQL,Not run,Blocked by runtime module; no positive execution,[],False,No candidate API feature handler in this build; implementation gap
QA-FX18-A006,FX-18,time.entry.create,COMMAND,SELF,Resolved delegated,FX18-S03,,[],Blocked,False,Action handler not executed,Missing,Missing from real SQL,Not run,Blocked by runtime module; no positive execution,[],False,No candidate API feature handler in this build; implementation gap
QA-FX18-A007,FX-18,time.entry.update,COMMAND,SELF,Resolved delegated,FX18-S03,,[],Blocked,False,Action handler not executed,Missing,Missing from real SQL,Not run,Blocked by runtime module; no positive execution,[],False,No candidate API feature handler in this build; implementation gap
QA-FX18-A008,FX-18,time.entry.trash,COMMAND,SELF,Resolved delegated,FX18-S02,,[],Blocked,False,Action handler not executed,Missing,Missing from real SQL,Not run,Blocked by runtime module; no positive execution,[],False,No candidate API feature handler in this build; implementation gap
QA-FX18-A009,FX-18,time.entry.restore,COMMAND,SELF,Resolved delegated,FX18-S02,,[],Blocked,False,Action handler not executed,Missing,Missing from real SQL,Not run,Blocked by runtime module; no positive execution,[],False,No candidate API feature handler in this build; implementation gap
QA-FX18-A010,FX-18,time.entry.purge,COMMAND,SELF,Resolved delegated,FX18-S02,,[],Blocked,False,Action handler not executed,Missing,Missing from real SQL,Not run,Blocked by runtime module; no positive execution,[],False,No candidate API feature handler in this build; implementation gap
QA-FX18-A011,FX-18,time.entry.history,QUERY,SELF,Resolved delegated,FX18-S04,,[],Blocked,False,Action handler not executed,Missing,Missing from real SQL,Not run,Blocked by runtime module; no positive execution,[],False,No candidate API feature handler in this build; implementation gap
QA-FX18-A012,FX-18,time.report.read,QUERY,SELF,Resolved delegated,FX18-S04,,[],Blocked,False,Action handler not executed,Missing,Missing from real SQL,Not run,Blocked by runtime module; no positive execution,[],False,No candidate API feature handler in this build; implementation gap
QA-FX19-A001,FX-19,focus.session.read,QUERY,SELF,Resolved delegated,FX19-S02;FX19-S04,,[],Blocked,False,Action handler not executed,Missing,Missing from real SQL,Not run,Blocked by runtime module; no positive execution,[],False,No candidate API feature handler in this build; implementation gap
QA-FX19-A002,FX-19,focus.session.start,COMMAND,SELF,Resolved delegated,FX19-S01;FX19-S03,,[],Blocked,False,Action handler not executed,Missing,Missing from real SQL,Not run,Blocked by runtime module; no positive execution,[],False,No candidate API feature handler in this build; implementation gap
QA-FX19-A003,FX-19,focus.session.pause,COMMAND,SELF,Resolved delegated,FX19-S02,,[],Blocked,False,Action handler not executed,Missing,Missing from real SQL,Not run,Blocked by runtime module; no positive execution,[],False,No candidate API feature handler in this build; implementation gap
QA-FX19-A004,FX-19,focus.session.resume,COMMAND,SELF,Resolved delegated,FX19-S02,,[],Blocked,False,Action handler not executed,Missing,Missing from real SQL,Not run,Blocked by runtime module; no positive execution,[],False,No candidate API feature handler in this build; implementation gap
QA-FX19-A005,FX-19,focus.session.cancel,COMMAND,SELF,Resolved delegated,FX19-S02,,[],Blocked,False,Action handler not executed,Missing,Missing from real SQL,Not run,Blocked by runtime module; no positive execution,[],False,No candidate API feature handler in this build; implementation gap
QA-FX19-A006,FX-19,focus.preference.update,COMMAND,SELF,Resolved delegated,FX19-S01,,[],Blocked,False,Action handler not executed,Missing,Missing from real SQL,Not run,Blocked by runtime module; no positive execution,[],False,No candidate API feature handler in this build; implementation gap
QA-FX19-A007,FX-19,focus.session.finish_phase,WORKER,SYSTEM,Resolved delegated,,,[],Blocked,False,Action handler not executed,Missing,Missing from real SQL,Not run,Blocked by runtime module; no positive execution,[],False,No candidate API feature handler in this build; implementation gap
QA-FX19-A008,FX-19,focus.session.record_time,COMPOSITE,SELF,Resolved delegated,FX19-S03,,[],Blocked,False,Action handler not executed,Missing,Missing from real SQL,Not run,Blocked by runtime module; no positive execution,[],False,No candidate API feature handler in this build; implementation gap
QA-FX20-A001,FX-20,documents.library.read,QUERY,SELF,Resolved delegated,FX20-S01,Documents,"[""src/Nexora.Infrastructure/Documents/SqlDocumentService.cs"",""src/Nexora.Infrastructure/Discovery/SqlSearchService.cs"",""src/Nexora.Infrastructure/Dashboard/SqlDashboardService.cs""]",Ready,True,Action handler not executed,Resolved,Present in real SQL,Partial coverage,Partial coverage,"[""FN-001""]",False,
QA-FX20-A002,FX-20,documents.page.read,QUERY,SELF,Resolved delegated,FX20-S01;FX20-S04;FX20-S05;FX20-S08,Documents,"[""src/Nexora.Infrastructure/Documents/SqlDocumentService.cs"",""src/Nexora.Infrastructure/Discovery/SqlFavoriteService.cs"",""src/Nexora.Infrastructure/Discovery/SqlSearchService.cs"",""src/Nexora.Infrastructure/Sharing/SqlSharingService.cs"",""src/Nexora.Infrastructure/Files/SqlFileService.cs"",""src/Nexora.Infrastructure/Support/SqlSupportService.cs"",""src/Nexora.Infrastructure/Dashboard/SqlDashboardService.cs""]",Ready,True,Action handler not executed,Resolved,Present in real SQL,Partial coverage,Partial coverage,"[""FN-001"",""FN-031""]",False,
QA-FX20-A003,FX-20,documents.folder.read,QUERY,SELF,Resolved delegated,FX20-S02,Documents,[],Ready,True,Action handler not executed,Missing,Missing from real SQL,Not run,Not run,[],False,
QA-FX20-A004,FX-20,documents.folder.create,COMMAND,SELF,Resolved delegated,FX20-S01;FX20-S02,Documents,[],Ready,True,Action handler not executed,Missing,Missing from real SQL,Not run,Not run,[],False,
QA-FX20-A005,FX-20,documents.folder.rename,COMMAND,SELF,Resolved delegated,FX20-S01;FX20-S02,Documents,[],Ready,True,Action handler not executed,Missing,Missing from real SQL,Not run,Not run,[],False,
QA-FX20-A006,FX-20,documents.folder.trash,COMMAND,SELF,Resolved delegated,FX20-S02,Documents,[],Ready,True,Action handler not executed,Missing,Missing from real SQL,Not run,Not run,[],False,
QA-FX20-A007,FX-20,documents.folder.restore,COMMAND,SELF,Resolved delegated,FX20-S02,Documents,[],Ready,True,Action handler not executed,Missing,Missing from real SQL,Not run,Not run,[],False,
QA-FX20-A008,FX-20,documents.folder.purge,COMMAND,SELF,Resolved delegated,FX20-S02,Documents,[],Ready,True,Action handler not executed,Missing,Missing from real SQL,Not run,Not run,[],False,
QA-FX20-A009,FX-20,documents.page.create,COMMAND,SELF,Resolved delegated,FX20-S03,Documents,"[""src/Nexora.Infrastructure/Documents/SqlDocumentService.cs""]",Ready,True,Action handler not executed,Resolved,Present in real SQL,Partial coverage,Partial coverage,"[""FN-001""]",False,
QA-FX20-A010,FX-20,documents.page.save,COMMAND,SELF,Resolved delegated,FX20-S04;FX20-S05;FX20-S06,Documents,"[""src/Nexora.Infrastructure/Documents/SqlDocumentService.cs""]",Ready,True,Action handler not executed,Resolved,Present in real SQL,Partial coverage,Partial coverage,"[""FN-001""]",False,
QA-FX20-A011,FX-20,documents.page.publish,COMMAND,SELF,Resolved delegated,FX20-S04;FX20-S05,Documents,"[""src/Nexora.Infrastructure/Documents/SqlDocumentService.cs""]",Ready,True,Action handler not executed,Resolved,Present in real SQL,Partial coverage,Partial coverage,"[""FN-001""]",False,
QA-FX20-A012,FX-20,documents.page.unpublish,COMMAND,SELF,Resolved delegated,FX20-S04;FX20-S05,Documents,"[""src/Nexora.Infrastructure/Documents/SqlDocumentService.cs""]",Ready,True,Action handler not executed,Resolved,Present in real SQL,Not run,Not run,[],False,
QA-FX20-A013,FX-20,documents.page.archive,COMMAND,SELF,Resolved delegated,FX20-S09,Documents,"[""src/Nexora.Infrastructure/Documents/SqlDocumentService.cs""]",Ready,True,Action handler not executed,Resolved,Present in real SQL,Partial coverage,Partial coverage,"[""FN-001""]",False,
QA-FX20-A014,FX-20,documents.page.unarchive,COMMAND,SELF,Resolved delegated,FX20-S08;FX20-S09,Documents,[],Ready,True,Action handler not executed,Resolved,Present in real SQL,Partial coverage,Partial coverage,"[""FN-001""]",False,
QA-FX20-A015,FX-20,documents.page.trash,COMMAND,SELF,Resolved delegated,FX20-S08;FX20-S10,Documents,[],Ready,True,Action handler not executed,Missing,Missing from real SQL,Not run,Not run,[],False,
QA-FX20-A016,FX-20,documents.page.restore,COMMAND,SELF,Resolved delegated,FX20-S10,Documents,[],Ready,True,Action handler not executed,Missing,Missing from real SQL,Not run,Not run,[],False,
QA-FX20-A017,FX-20,documents.page.purge,COMMAND,SELF,Resolved delegated,FX20-S10,Documents,[],Ready,True,Action handler not executed,Missing,Missing from real SQL,Not run,Not run,[],False,
QA-FX20-A018,FX-20,documents.page.history,QUERY,SELF,Resolved delegated,FX20-S07,Documents,[],Ready,True,Action handler not executed,Missing,Missing from real SQL,Not run,Not run,[],False,
QA-FX20-A019,FX-20,documents.page.restore_version,COMMAND,SELF,Resolved delegated,FX20-S07,Documents,[],Ready,True,Action handler not executed,Missing,Missing from real SQL,Not run,Not run,[],False,
QA-FX20-A020,FX-20,documents.page.share,COMPOSITE,SELF,Resolved delegated,FX20-S01,Documents,[],Ready,True,Action handler not executed,Missing,Missing from real SQL,Not run,Not run,[],False,
QA-FX20-A021,FX-20,documents.tag.read,QUERY,SELF,Resolved delegated,FX20-S06,Documents,[],Ready,True,Action handler not executed,Missing,Missing from real SQL,Not run,Not run,[],False,
QA-FX20-A022,FX-20,documents.tag.create,COMMAND,SELF,Resolved delegated,FX20-S06,Documents,[],Ready,True,Action handler not executed,Missing,Missing from real SQL,Not run,Not run,[],False,
QA-FX20-A023,FX-20,documents.tag.rename,COMMAND,SELF,Resolved delegated,FX20-S06,Documents,[],Ready,True,Action handler not executed,Missing,Missing from real SQL,Not run,Not run,[],False,
QA-FX20-A024,FX-20,documents.tag.remove,COMMAND,SELF,Resolved delegated,FX20-S06,Documents,[],Ready,True,Action handler not executed,Missing,Missing from real SQL,Not run,Not run,[],False,
QA-FX21-A001,FX-21,bookmarks.bookmark.read,QUERY,SELF,SLICE_IMPLEMENTED (local),FX21-S01;FX21-S03,Bookmarks,"[""src/Nexora.Infrastructure/Discovery/SqlFavoriteService.cs"",""src/Nexora.Infrastructure/Discovery/SqlSearchService.cs"",""src/Nexora.Infrastructure/Support/SqlSupportService.cs"",""src/Nexora.Infrastructure/Reading/SqlReadingService.cs"",""src/Nexora.Infrastructure/Bookmarks/SqlBookmarkService.cs""]",Ready,True,Action handler not executed,Resolved,Present in real SQL,Partial coverage,Partial coverage,"[""FN-007"",""FN-010"",""FN-011"",""FN-012""]",False,
QA-FX21-A002,FX-21,bookmarks.bookmark.create,COMMAND,SELF,SLICE_IMPLEMENTED (local),FX21-S02,Bookmarks,"[""src/Nexora.Infrastructure/Bookmarks/SqlBookmarkService.cs""]",Ready,True,Action handler not executed,Resolved,Present in real SQL,Partial coverage,Partial coverage,"[""FN-007"",""FN-010"",""FN-011""]",False,
QA-FX21-A003,FX-21,bookmarks.bookmark.update,COMMAND,SELF,SLICE_IMPLEMENTED (local),FX21-S02,Bookmarks,"[""src/Nexora.Infrastructure/Bookmarks/SqlBookmarkService.cs""]",Ready,True,Action handler not executed,Resolved,Present in real SQL,Partial coverage,Partial coverage,"[""FN-007"",""FN-010"",""FN-011"",""FN-012""]",False,
QA-FX21-A004,FX-21,bookmarks.bookmark.refresh,COMMAND,SELF,Blocked,FX21-S03,Bookmarks,[],Ready,True,Action handler not executed,Missing,Missing from real SQL,Not run,Not run,[],False,
QA-FX21-A005,FX-21,bookmarks.bookmark.archive,COMMAND,SELF,SLICE_IMPLEMENTED (local),FX21-S01,Bookmarks,"[""src/Nexora.Infrastructure/Bookmarks/SqlBookmarkService.cs""]",Ready,True,Action handler not executed,Resolved,Present in real SQL,Partial coverage,Partial coverage,"[""FN-007"",""FN-012""]",False,
QA-FX21-A006,FX-21,bookmarks.bookmark.unarchive,COMMAND,SELF,SLICE_IMPLEMENTED (local),FX21-S01,Bookmarks,"[""src/Nexora.Infrastructure/Bookmarks/SqlBookmarkService.cs""]",Ready,True,Action handler not executed,Resolved,Present in real SQL,Partial coverage,Partial coverage,"[""FN-007""]",False,
QA-FX21-A007,FX-21,bookmarks.bookmark.trash,COMMAND,SELF,Resolved delegated,FX21-S01,Bookmarks,[],Ready,True,Action handler not executed,Missing,Missing from real SQL,Not run,Not run,[],False,
QA-FX21-A008,FX-21,bookmarks.bookmark.restore,COMMAND,SELF,Resolved delegated,FX21-S01,Bookmarks,[],Ready,True,Action handler not executed,Missing,Missing from real SQL,Not run,Not run,[],False,
QA-FX21-A009,FX-21,bookmarks.bookmark.purge,COMMAND,SELF,Resolved delegated,FX21-S01,Bookmarks,[],Ready,True,Action handler not executed,Missing,Missing from real SQL,Not run,Not run,[],False,
QA-FX21-A010,FX-21,bookmarks.bookmark.share,COMPOSITE,SELF,Resolved delegated,FX21-S03,Bookmarks,[],Ready,True,Action handler not executed,Missing,Missing from real SQL,Not run,Not run,[],False,
QA-FX21-A011,FX-21,bookmarks.bookmark.open_external,LOCAL,SELF,Superseded,FX21-S03,Bookmarks,[],Ready,True,Action handler not executed,Missing,Missing from real SQL,Excluded-retired,Excluded-retired,[],False,
QA-FX22-A001,FX-22,snippets.snippet.read,QUERY,SELF,SLICE_IMPLEMENTED (local),FX22-S01;FX22-S03,Snippets,"[""src/Nexora.Infrastructure/Discovery/SqlFavoriteService.cs"",""src/Nexora.Infrastructure/Discovery/SqlSearchService.cs"",""src/Nexora.Infrastructure/Snippets/SqlSnippetService.cs"",""src/Nexora.Infrastructure/Support/SqlSupportService.cs""]",Ready,True,Action handler not executed,Resolved,Present in real SQL,Partial coverage,Partial coverage,"[""FN-002""]",False,
QA-FX22-A002,FX-22,snippets.snippet.create,COMMAND,SELF,SLICE_IMPLEMENTED (local),FX22-S01;FX22-S02,Snippets,"[""src/Nexora.Infrastructure/Snippets/SqlSnippetService.cs""]",Ready,True,Action handler not executed,Resolved,Present in real SQL,Partial coverage,Partial coverage,"[""FN-002""]",False,
QA-FX22-A003,FX-22,snippets.snippet.save,COMMAND,SELF,SLICE_IMPLEMENTED (local),FX22-S02,Snippets,"[""src/Nexora.Infrastructure/Snippets/SqlSnippetService.cs""]",Ready,True,Action handler not executed,Resolved,Present in real SQL,Partial coverage,Partial coverage,"[""FN-002""]",False,
QA-FX22-A004,FX-22,snippets.snippet.archive,COMMAND,SELF,SLICE_IMPLEMENTED (local),FX22-S01,Snippets,"[""src/Nexora.Infrastructure/Snippets/SqlSnippetService.cs""]",Ready,True,Action handler not executed,Resolved,Present in real SQL,Partial coverage,Partial coverage,"[""FN-002""]",False,
QA-FX22-A005,FX-22,snippets.snippet.unarchive,COMMAND,SELF,SLICE_IMPLEMENTED (local),FX22-S01,Snippets,"[""src/Nexora.Infrastructure/Snippets/SqlSnippetService.cs""]",Ready,True,Action handler not executed,Resolved,Present in real SQL,Partial coverage,Partial coverage,"[""FN-002""]",False,
QA-FX22-A006,FX-22,snippets.snippet.trash,COMMAND,SELF,Resolved delegated,FX22-S01,Snippets,[],Ready,True,Action handler not executed,Missing,Missing from real SQL,Not run,Not run,[],False,
QA-FX22-A007,FX-22,snippets.snippet.restore,COMMAND,SELF,Resolved delegated,FX22-S01,Snippets,[],Ready,True,Action handler not executed,Missing,Missing from real SQL,Not run,Not run,[],False,
QA-FX22-A008,FX-22,snippets.snippet.purge,COMMAND,SELF,Resolved delegated,FX22-S01,Snippets,[],Ready,True,Action handler not executed,Missing,Missing from real SQL,Not run,Not run,[],False,
QA-FX22-A009,FX-22,snippets.snippet.history,QUERY,SELF,Resolved delegated,FX22-S03,Snippets,[],Ready,True,Action handler not executed,Missing,Missing from real SQL,Not run,Not run,[],False,
QA-FX22-A010,FX-22,snippets.snippet.restore_version,COMMAND,SELF,Resolved delegated,FX22-S03,Snippets,[],Ready,True,Action handler not executed,Missing,Missing from real SQL,Not run,Not run,[],False,
QA-FX22-A011,FX-22,snippets.snippet.share,COMPOSITE,SELF,Resolved delegated,FX22-S03,Snippets,[],Ready,True,Action handler not executed,Missing,Missing from real SQL,Not run,Not run,[],False,
QA-FX22-A012,FX-22,snippets.snippet.copy,LOCAL,SELF,Resolved delegated,FX22-S03,Snippets,[],Ready,True,Action handler not executed,Missing,Missing from real SQL,Not run,Not run,[],False,
QA-FX22-A013,FX-22,snippets.snippet.export,COMMAND,SELF,Resolved delegated,FX22-S03,Snippets,[],Ready,True,Action handler not executed,Missing,Missing from real SQL,Not run,Not run,[],False,
QA-FX23-A001,FX-23,reading.queue.read,QUERY,SELF,SLICE_IMPLEMENTED (local),FX23-S01;FX23-S03,Reading,"[""src/Nexora.Infrastructure/Support/SqlSupportService.cs"",""src/Nexora.Infrastructure/Reading/SqlReadingService.cs""]",Ready,True,Action handler not executed,Resolved,Present in real SQL,Partial coverage,Partial coverage,"[""FN-003""]",False,
QA-FX23-A002,FX-23,reading.item.save,COMPOSITE,SELF,SLICE_IMPLEMENTED (local),FX23-S01,Reading,"[""src/Nexora.Infrastructure/Reading/SqlReadingService.cs""]",Ready,True,Action handler not executed,Resolved,Present in real SQL,Partial coverage,Partial coverage,"[""FN-003""]",False,
QA-FX23-A003,FX-23,reading.item.remove,COMPOSITE,SELF,SLICE_IMPLEMENTED (local),FX23-S01;FX23-S03,Reading,"[""src/Nexora.Infrastructure/Reading/SqlReadingService.cs""]",Ready,True,Action handler not executed,Resolved,Present in real SQL,Partial coverage,Partial coverage,"[""FN-003""]",False,
QA-FX23-A004,FX-23,reading.item.read,COMPOSITE,SELF,SLICE_IMPLEMENTED (local),FX23-S01,Reading,"[""src/Nexora.Infrastructure/Reading/SqlReadingService.cs""]",Ready,True,Action handler not executed,Resolved,Present in real SQL,Partial coverage,Partial coverage,"[""FN-003""]",False,
QA-FX23-A005,FX-23,reading.item.unread,COMPOSITE,SELF,SLICE_IMPLEMENTED (local),FX23-S01,Reading,"[""src/Nexora.Infrastructure/Reading/SqlReadingService.cs""]",Ready,True,Action handler not executed,Resolved,Present in real SQL,Partial coverage,Partial coverage,"[""FN-003""]",False,
QA-FX23-A006,FX-23,reading.item.position,COMPOSITE,SELF,SLICE_IMPLEMENTED (local),FX23-S01,Reading,"[""src/Nexora.Infrastructure/Reading/SqlReadingService.cs""]",Ready,True,Action handler not executed,Resolved,Present in real SQL,Partial coverage,Partial coverage,"[""FN-003""]",False,
QA-FX24-A001,FX-24,organization.tag.read,QUERY,SELF,SLICE_IMPLEMENTED (local),FX24-S01,Organization,"[""src/Nexora.Infrastructure/Support/SqlSupportService.cs"",""src/Nexora.Infrastructure/Organization/SqlTagService.cs""]",Ready,True,Action handler not executed,Resolved,Present in real SQL,Partial coverage,Partial coverage,"[""FN-008""]",False,
QA-FX24-A002,FX-24,organization.tag.create,COMPOSITE,SELF,SLICE_IMPLEMENTED (local),FX24-S01,Organization,"[""src/Nexora.Infrastructure/Organization/SqlTagService.cs""]",Ready,True,Action handler not executed,Resolved,Present in real SQL,Partial coverage,Partial coverage,"[""FN-008""]",False,
QA-FX24-A003,FX-24,organization.tag.rename,COMPOSITE,SELF,SLICE_IMPLEMENTED (local),FX24-S01,Organization,"[""src/Nexora.Infrastructure/Organization/SqlTagService.cs""]",Ready,True,Action handler not executed,Resolved,Present in real SQL,Partial coverage,Partial coverage,"[""FN-008""]",False,
QA-FX24-A004,FX-24,organization.tag.remove,COMPOSITE,SELF,SLICE_IMPLEMENTED (local),FX24-S01,Organization,"[""src/Nexora.Infrastructure/Organization/SqlTagService.cs""]",Ready,True,Action handler not executed,Resolved,Present in real SQL,Partial coverage,Partial coverage,"[""FN-008""]",False,
QA-FX24-A005,FX-24,organization.tag.assign,COMPOSITE,SELF,Resolved delegated,FX24-S01,Organization,[],Ready,True,Action handler not executed,Missing,Missing from real SQL,Not run,Not run,[],False,
QA-FX24-A006,FX-24,organization.collection.read,QUERY,SELF,Resolved delegated,FX24-S02,Organization,[],Ready,True,Action handler not executed,Missing,Missing from real SQL,Not run,Not run,[],False,
QA-FX24-A007,FX-24,organization.collection.create,COMMAND,SELF,Resolved delegated,FX24-S02,Organization,[],Ready,True,Action handler not executed,Missing,Missing from real SQL,Not run,Not run,[],False,
QA-FX24-A008,FX-24,organization.collection.update,COMMAND,SELF,Resolved delegated,FX24-S02,Organization,[],Ready,True,Action handler not executed,Missing,Missing from real SQL,Not run,Not run,[],False,
QA-FX24-A009,FX-24,organization.collection.add,COMMAND,SELF,Resolved delegated,FX24-S03,Organization,[],Ready,True,Action handler not executed,Missing,Missing from real SQL,Not run,Not run,[],False,
QA-FX24-A010,FX-24,organization.collection.remove,COMMAND,SELF,Resolved delegated,FX24-S03,Organization,[],Ready,True,Action handler not executed,Missing,Missing from real SQL,Not run,Not run,[],False,
QA-FX24-A011,FX-24,organization.collection.reorder,COMMAND,SELF,Resolved delegated,FX24-S03,Organization,[],Ready,True,Action handler not executed,Missing,Missing from real SQL,Not run,Not run,[],False,
QA-FX24-A012,FX-24,organization.collection.delete,COMMAND,SELF,Resolved delegated,FX24-S02,Organization,[],Ready,True,Action handler not executed,Missing,Missing from real SQL,Not run,Not run,[],False,
QA-FX24-A013,FX-24,organization.template.read,QUERY,SELF,Resolved delegated,FX24-S04,Organization,[],Ready,True,Action handler not executed,Missing,Missing from real SQL,Not run,Not run,[],False,
QA-FX24-A014,FX-24,organization.template.create,COMMAND,SELF,Resolved delegated,FX24-S04,Organization,[],Ready,True,Action handler not executed,Missing,Missing from real SQL,Not run,Not run,[],False,
QA-FX24-A015,FX-24,organization.template.update,COMMAND,SELF,Resolved delegated,FX24-S04,Organization,[],Ready,True,Action handler not executed,Missing,Missing from real SQL,Not run,Not run,[],False,
QA-FX24-A016,FX-24,organization.template.archive,COMMAND,SELF,Resolved delegated,FX24-S04,Organization,[],Ready,True,Action handler not executed,Missing,Missing from real SQL,Not run,Not run,[],False,
QA-FX24-A017,FX-24,organization.template.unarchive,COMMAND,SELF,Resolved delegated,FX24-S04,Organization,[],Ready,True,Action handler not executed,Missing,Missing from real SQL,Not run,Not run,[],False,
QA-FX24-A018,FX-24,organization.template.trash,COMMAND,SELF,Resolved delegated,FX24-S04,Organization,[],Ready,True,Action handler not executed,Missing,Missing from real SQL,Not run,Not run,[],False,
QA-FX24-A019,FX-24,organization.template.restore,COMMAND,SELF,Resolved delegated,FX24-S04,Organization,[],Ready,True,Action handler not executed,Missing,Missing from real SQL,Not run,Not run,[],False,
QA-FX24-A020,FX-24,organization.template.purge,COMMAND,SELF,Resolved delegated,FX24-S04,Organization,[],Ready,True,Action handler not executed,Missing,Missing from real SQL,Not run,Not run,[],False,
QA-FX24-A021,FX-24,organization.template.instantiate,COMPOSITE,SELF,Resolved delegated,FX24-S05,Organization,[],Ready,True,Action handler not executed,Missing,Missing from real SQL,Not run,Not run,[],False,
QA-FX25-A001,FX-25,discovery.search.query,QUERY,SELF,SLICE_IMPLEMENTED (local),FX25-S01,Discovery,"[""src/Nexora.Infrastructure/Discovery/SqlSearchService.cs"",""src/Nexora.Infrastructure/Support/SqlSupportService.cs""]",Ready,True,Action handler not executed,Resolved,Present in real SQL,Partial coverage,Partial coverage,"[""FN-031""]",False,
QA-FX25-A002,FX-25,discovery.command.read,QUERY,SELF,Resolved delegated,FX25-S02,Discovery,[],Ready,True,Action handler not executed,Missing,Missing from real SQL,Not run,Not run,[],False,
QA-FX25-A003,FX-25,discovery.command.execute,COMPOSITE,SELF,Resolved delegated,FX25-S02,Discovery,[],Ready,True,Action handler not executed,Missing,Missing from real SQL,Not run,Not run,[],False,
QA-FX25-A004,FX-25,discovery.favorite.read,QUERY,SELF,SLICE_IMPLEMENTED (local),FX25-S03,Discovery,"[""src/Nexora.Infrastructure/Discovery/SqlFavoriteService.cs""]",Ready,True,Action handler not executed,Resolved,Present in real SQL,Partial coverage,Partial coverage,"[""FN-004""]",False,
QA-FX25-A005,FX-25,discovery.favorite.add,COMMAND,SELF,SLICE_IMPLEMENTED (local),FX25-S03,Discovery,"[""src/Nexora.Infrastructure/Discovery/SqlFavoriteService.cs""]",Ready,True,Action handler not executed,Resolved,Present in real SQL,Partial coverage,Partial coverage,"[""FN-004""]",False,
QA-FX25-A006,FX-25,discovery.favorite.remove,COMMAND,SELF,SLICE_IMPLEMENTED (local),FX25-S03,Discovery,"[""src/Nexora.Infrastructure/Discovery/SqlFavoriteService.cs""]",Ready,True,Action handler not executed,Resolved,Present in real SQL,Partial coverage,Partial coverage,"[""FN-004""]",False,
QA-FX25-A007,FX-25,discovery.favorite.reorder,COMMAND,SELF,SLICE_IMPLEMENTED (local),FX25-S03,Discovery,"[""src/Nexora.Infrastructure/Discovery/SqlFavoriteService.cs""]",Ready,True,Action handler not executed,Resolved,Present in real SQL,Partial coverage,Partial coverage,"[""FN-004""]",False,
QA-FX25-A008,FX-25,discovery.recent.read,QUERY,SELF,Resolved delegated,FX25-S03,Discovery,[],Ready,True,Action handler not executed,Missing,Missing from real SQL,Not run,Not run,[],False,
QA-FX25-A009,FX-25,discovery.recent.clear,COMMAND,SELF,Resolved delegated,FX25-S03,Discovery,[],Ready,True,Action handler not executed,Missing,Missing from real SQL,Not run,Not run,[],False,
QA-FX25-A010,FX-25,discovery.saved_search.read,QUERY,SELF,Resolved delegated,FX25-S04,Discovery,[],Ready,True,Action handler not executed,Missing,Missing from real SQL,Not run,Not run,[],False,
QA-FX25-A011,FX-25,discovery.saved_search.create,COMMAND,SELF,Resolved delegated,FX25-S04,Discovery,[],Ready,True,Action handler not executed,Missing,Missing from real SQL,Not run,Not run,[],False,
QA-FX25-A012,FX-25,discovery.saved_search.update,COMMAND,SELF,Resolved delegated,FX25-S04,Discovery,[],Ready,True,Action handler not executed,Missing,Missing from real SQL,Not run,Not run,[],False,
QA-FX25-A013,FX-25,discovery.saved_search.delete,COMMAND,SELF,Resolved delegated,FX25-S04,Discovery,[],Ready,True,Action handler not executed,Missing,Missing from real SQL,Not run,Not run,[],False,
QA-FX25-A014,FX-25,discovery.saved_search.run,COMPOSITE,SELF,Resolved delegated,FX25-S04,Discovery,[],Ready,True,Action handler not executed,Missing,Missing from real SQL,Not run,Not run,[],False,
QA-FX25-A015,FX-25,discovery.index.refresh,WORKER,SYSTEM,Resolved delegated,,Discovery,[],Ready,True,Action handler not executed,Missing,Missing from real SQL,Not run,Not run,[],False,
QA-FX26-A001,FX-26,dashboard.dashboard.read,QUERY,SELF,SLICE_IMPLEMENTED (local),FX26-S01,Dashboard,"[""src/Nexora.Infrastructure/Support/SqlSupportService.cs"",""src/Nexora.Infrastructure/Dashboard/SqlDashboardService.cs""]",Ready,True,Action handler not executed,Resolved,Present in real SQL,Partial coverage,Partial coverage,"[""FN-032""]",False,
QA-FX26-A002,FX-26,dashboard.layout.update,COMMAND,SELF,Resolved delegated,FX26-S02,Dashboard,[],Ready,True,Action handler not executed,Missing,Missing from real SQL,Not run,Not run,[],False,
QA-FX26-A003,FX-26,dashboard.layout.add_widget,COMMAND,SELF,Resolved delegated,FX26-S02,Dashboard,[],Ready,True,Action handler not executed,Missing,Missing from real SQL,Not run,Not run,[],False,
QA-FX26-A004,FX-26,dashboard.layout.configure_widget,COMMAND,SELF,Resolved delegated,FX26-S02,Dashboard,[],Ready,True,Action handler not executed,Missing,Missing from real SQL,Not run,Not run,[],False,
QA-FX26-A005,FX-26,dashboard.layout.remove_widget,COMMAND,SELF,Resolved delegated,FX26-S02,Dashboard,[],Ready,True,Action handler not executed,Missing,Missing from real SQL,Not run,Not run,[],False,
QA-FX26-A006,FX-26,dashboard.layout.reorder_widget,COMMAND,SELF,Resolved delegated,FX26-S02,Dashboard,[],Ready,True,Action handler not executed,Missing,Missing from real SQL,Not run,Not run,[],False,
QA-FX26-A007,FX-26,dashboard.widget.refresh,COMPOSITE,SELF,Resolved delegated,FX26-S01,Dashboard,[],Ready,True,Action handler not executed,Missing,Missing from real SQL,Not run,Not run,[],False,
QA-FX26-A008,FX-26,dashboard.quick_create.open,COMPOSITE,SELF,Resolved delegated,FX26-S01,Dashboard,[],Ready,True,Action handler not executed,Missing,Missing from real SQL,Not run,Not run,[],False,
QA-FX27-A001,FX-27,finance.account.read,QUERY,SELF,Blocked,FX27-S02,Finance,[],Ready,True,Action handler not executed,Missing,Missing from real SQL,Not run,Not run,[],False,
QA-FX27-A002,FX-27,finance.account.create,COMMAND,SELF,Blocked,FX27-S03,Finance,[],Ready,True,Action handler not executed,Missing,Missing from real SQL,Not run,Not run,[],False,
QA-FX27-A003,FX-27,finance.account.update,COMMAND,SELF,Blocked,FX27-S03,Finance,[],Ready,True,Action handler not executed,Missing,Missing from real SQL,Not run,Not run,[],False,
QA-FX27-A004,FX-27,finance.account.close,COMMAND,SELF,Blocked,FX27-S02,Finance,[],Ready,True,Action handler not executed,Missing,Missing from real SQL,Not run,Not run,[],False,
QA-FX27-A005,FX-27,finance.transaction.read,QUERY,SELF,Blocked,FX27-S04,Finance,[],Ready,True,Action handler not executed,Missing,Missing from real SQL,Not run,Not run,[],False,
QA-FX27-A006,FX-27,finance.transaction.post,COMMAND,SELF,Blocked,FX27-S05,Finance,[],Ready,True,Action handler not executed,Missing,Missing from real SQL,Not run,Not run,[],False,
QA-FX27-A007,FX-27,finance.transaction.correct,COMMAND,SELF,Blocked,FX27-S05,Finance,[],Ready,True,Action handler not executed,Missing,Missing from real SQL,Not run,Not run,[],False,
QA-FX27-A008,FX-27,finance.transaction.void,COMMAND,SELF,Blocked,FX27-S04,Finance,[],Ready,True,Action handler not executed,Missing,Missing from real SQL,Not run,Not run,[],False,
QA-FX27-A009,FX-27,finance.transaction.split,COMMAND,SELF,Blocked,FX27-S05,Finance,[],Ready,True,Action handler not executed,Missing,Missing from real SQL,Not run,Not run,[],False,
QA-FX27-A010,FX-27,finance.transfer.post,COMMAND,SELF,Blocked,FX27-S06,Finance,[],Ready,True,Action handler not executed,Missing,Missing from real SQL,Not run,Not run,[],False,
QA-FX27-A011,FX-27,finance.category.read,QUERY,SELF,Blocked,FX27-S05,Finance,[],Ready,True,Action handler not executed,Missing,Missing from real SQL,Not run,Not run,[],False,
QA-FX27-A012,FX-27,finance.category.create,COMMAND,SELF,Blocked,FX27-S05,Finance,[],Ready,True,Action handler not executed,Missing,Missing from real SQL,Not run,Not run,[],False,
QA-FX27-A013,FX-27,finance.category.update,COMMAND,SELF,Blocked,FX27-S05,Finance,[],Ready,True,Action handler not executed,Missing,Missing from real SQL,Not run,Not run,[],False,
QA-FX27-A014,FX-27,finance.bill.read,QUERY,SELF,Blocked,FX27-S07,Finance,[],Ready,True,Action handler not executed,Missing,Missing from real SQL,Not run,Not run,[],False,
QA-FX27-A015,FX-27,finance.bill.create,COMMAND,SELF,Blocked,FX27-S07,Finance,[],Ready,True,Action handler not executed,Missing,Missing from real SQL,Not run,Not run,[],False,
QA-FX27-A016,FX-27,finance.bill.update,COMMAND,SELF,Blocked,FX27-S07,Finance,[],Ready,True,Action handler not executed,Missing,Missing from real SQL,Not run,Not run,[],False,
QA-FX27-A017,FX-27,finance.subscription.read,QUERY,SELF,Blocked,FX27-S08,Finance,[],Ready,True,Action handler not executed,Missing,Missing from real SQL,Not run,Not run,[],False,
QA-FX27-A018,FX-27,finance.subscription.create,COMMAND,SELF,Blocked,FX27-S08,Finance,[],Ready,True,Action handler not executed,Missing,Missing from real SQL,Not run,Not run,[],False,
QA-FX27-A019,FX-27,finance.subscription.update,COMMAND,SELF,Blocked,FX27-S08,Finance,[],Ready,True,Action handler not executed,Missing,Missing from real SQL,Not run,Not run,[],False,
QA-FX27-A020,FX-27,finance.budget.read,QUERY,SELF,Blocked,FX27-S09,Finance,[],Ready,True,Action handler not executed,Missing,Missing from real SQL,Not run,Not run,[],False,
QA-FX27-A021,FX-27,finance.budget.create,COMMAND,SELF,Blocked,FX27-S09,Finance,[],Ready,True,Action handler not executed,Missing,Missing from real SQL,Not run,Not run,[],False,
QA-FX27-A022,FX-27,finance.budget.update,COMMAND,SELF,Blocked,FX27-S09,Finance,[],Ready,True,Action handler not executed,Missing,Missing from real SQL,Not run,Not run,[],False,
QA-FX27-A023,FX-27,finance.savings.read,QUERY,SELF,Blocked,FX27-S10,Finance,[],Ready,True,Action handler not executed,Missing,Missing from real SQL,Not run,Not run,[],False,
QA-FX27-A024,FX-27,finance.savings.create,COMMAND,SELF,Blocked,FX27-S10,Finance,[],Ready,True,Action handler not executed,Missing,Missing from real SQL,Not run,Not run,[],False,
QA-FX27-A025,FX-27,finance.savings.update,COMMAND,SELF,Blocked,FX27-S10,Finance,[],Ready,True,Action handler not executed,Missing,Missing from real SQL,Not run,Not run,[],False,
QA-FX27-A026,FX-27,finance.debt.read,QUERY,SELF,Blocked,FX27-S10,Finance,[],Ready,True,Action handler not executed,Missing,Missing from real SQL,Not run,Not run,[],False,
QA-FX27-A027,FX-27,finance.debt.create,COMMAND,SELF,Blocked,FX27-S10,Finance,[],Ready,True,Action handler not executed,Missing,Missing from real SQL,Not run,Not run,[],False,
QA-FX27-A028,FX-27,finance.debt.update,COMMAND,SELF,Blocked,FX27-S10,Finance,[],Ready,True,Action handler not executed,Missing,Missing from real SQL,Not run,Not run,[],False,
QA-FX27-A029,FX-27,finance.category.merge,COMMAND,SELF,Blocked,FX27-S05,Finance,[],Ready,True,Action handler not executed,Missing,Missing from real SQL,Not run,Not run,[],False,
QA-FX27-A030,FX-27,finance.category.remove,COMMAND,SELF,Blocked,FX27-S05,Finance,[],Ready,True,Action handler not executed,Missing,Missing from real SQL,Not run,Not run,[],False,
QA-FX27-A031,FX-27,finance.bill.cancel,COMMAND,SELF,Blocked,FX27-S07,Finance,[],Ready,True,Action handler not executed,Missing,Missing from real SQL,Not run,Not run,[],False,
QA-FX27-A032,FX-27,finance.bill.record_payment,COMMAND,SELF,Blocked,FX27-S07,Finance,[],Ready,True,Action handler not executed,Missing,Missing from real SQL,Not run,Not run,[],False,
QA-FX27-A033,FX-27,finance.bill.void_payment,COMMAND,SELF,Blocked,FX27-S07,Finance,[],Ready,True,Action handler not executed,Missing,Missing from real SQL,Not run,Not run,[],False,
QA-FX27-A034,FX-27,finance.subscription.pause,COMMAND,SELF,Blocked,FX27-S08,Finance,[],Ready,True,Action handler not executed,Missing,Missing from real SQL,Not run,Not run,[],False,
QA-FX27-A035,FX-27,finance.subscription.cancel,COMMAND,SELF,Blocked,FX27-S08,Finance,[],Ready,True,Action handler not executed,Missing,Missing from real SQL,Not run,Not run,[],False,
QA-FX27-A036,FX-27,finance.subscription.record_price,COMMAND,SELF,Blocked,FX27-S08,Finance,[],Ready,True,Action handler not executed,Missing,Missing from real SQL,Not run,Not run,[],False,
QA-FX27-A037,FX-27,finance.debt.record_payment,COMMAND,SELF,Blocked,FX27-S10,Finance,[],Ready,True,Action handler not executed,Missing,Missing from real SQL,Not run,Not run,[],False,
QA-FX27-A038,FX-27,finance.debt.adjust_interest,COMMAND,SELF,Blocked,FX27-S10,Finance,[],Ready,True,Action handler not executed,Missing,Missing from real SQL,Not run,Not run,[],False,
QA-FX27-A039,FX-27,finance.savings.record_progress,COMMAND,SELF,Blocked,FX27-S10,Finance,[],Ready,True,Action handler not executed,Missing,Missing from real SQL,Not run,Not run,[],False,
QA-FX27-A040,FX-27,finance.report.read,QUERY,SELF,Blocked,FX27-S01;FX27-S11,Finance,[],Ready,True,Action handler not executed,Missing,Missing from real SQL,Not run,Not run,[],False,
QA-FX27-A041,FX-27,finance.csv.preview,COMPOSITE,SELF,Blocked,FX27-S12,Finance,[],Ready,True,Action handler not executed,Missing,Missing from real SQL,Not run,Not run,[],False,
QA-FX27-A042,FX-27,finance.csv.import,COMPOSITE,SELF,Blocked,FX27-S12,Finance,[],Ready,True,Action handler not executed,Missing,Missing from real SQL,Not run,Not run,[],False,
QA-FX27-A043,FX-27,finance.csv.export,COMPOSITE,SELF,Blocked,FX27-S12,Finance,[],Ready,True,Action handler not executed,Missing,Missing from real SQL,Not run,Not run,[],False,
QA-FX27-A044,FX-27,finance.report.share,COMPOSITE,SELF,Blocked,FX27-S11,Finance,[],Ready,True,Action handler not executed,Missing,Missing from real SQL,Not run,Not run,[],False,
QA-FX28-A001,FX-28,vault.session.unlock,COMMAND,CONTROL,Resolved delegated,FX28-S01,,[],Blocked,False,Action handler not executed,Missing,Missing from real SQL,Not run,Blocked by runtime module; no positive execution,[],False,No candidate API feature handler in this build; implementation gap
QA-FX28-A002,FX-28,vault.session.lock,COMMAND,CONTROL,Resolved delegated,FX28-S01;FX28-S06,,[],Blocked,False,Action handler not executed,Missing,Missing from real SQL,Not run,Blocked by runtime module; no positive execution,[],False,No candidate API feature handler in this build; implementation gap
QA-FX28-A003,FX-28,vault.item.read,QUERY,SELF,Resolved delegated,FX28-S01;FX28-S02,,[],Blocked,False,Action handler not executed,Missing,Missing from real SQL,Not run,Blocked by runtime module; no positive execution,[],False,No candidate API feature handler in this build; implementation gap
QA-FX28-A004,FX-28,vault.item.create,COMMAND,SELF,Resolved delegated,FX28-S03,,[],Blocked,False,Action handler not executed,Missing,Missing from real SQL,Not run,Blocked by runtime module; no positive execution,[],False,No candidate API feature handler in this build; implementation gap
QA-FX28-A005,FX-28,vault.item.update,COMMAND,SELF,Resolved delegated,FX28-S03,,[],Blocked,False,Action handler not executed,Missing,Missing from real SQL,Not run,Blocked by runtime module; no positive execution,[],False,No candidate API feature handler in this build; implementation gap
QA-FX28-A006,FX-28,vault.item.reveal,COMMAND,SELF,Resolved delegated,FX28-S02,,[],Blocked,False,Action handler not executed,Missing,Missing from real SQL,Not run,Blocked by runtime module; no positive execution,[],False,No candidate API feature handler in this build; implementation gap
QA-FX28-A007,FX-28,vault.item.copy,COMMAND,SELF,Resolved delegated,FX28-S02,,[],Blocked,False,Action handler not executed,Missing,Missing from real SQL,Not run,Blocked by runtime module; no positive execution,[],False,No candidate API feature handler in this build; implementation gap
QA-FX28-A008,FX-28,vault.item.trash,COMMAND,SELF,Resolved delegated,FX28-S06,,[],Blocked,False,Action handler not executed,Missing,Missing from real SQL,Not run,Blocked by runtime module; no positive execution,[],False,No candidate API feature handler in this build; implementation gap
QA-FX28-A009,FX-28,vault.item.restore,COMMAND,SELF,Superseded,FX28-S06,,[],Blocked,False,Action handler not executed,Missing,Missing from real SQL,Excluded-retired,Excluded-retired,[],False,No candidate API feature handler in this build; implementation gap
QA-FX28-A010,FX-28,vault.item.purge,COMMAND,SELF,Superseded,FX28-S06,,[],Blocked,False,Action handler not executed,Missing,Missing from real SQL,Excluded-retired,Excluded-retired,[],False,No candidate API feature handler in this build; implementation gap
QA-FX28-A011,FX-28,vault.item.history,QUERY,SELF,Resolved delegated,FX28-S04,,[],Blocked,False,Action handler not executed,Missing,Missing from real SQL,Not run,Blocked by runtime module; no positive execution,[],False,No candidate API feature handler in this build; implementation gap
QA-FX28-A012,FX-28,vault.item.restore_version,COMMAND,SELF,Superseded,FX28-S04,,[],Blocked,False,Action handler not executed,Missing,Missing from real SQL,Excluded-retired,Excluded-retired,[],False,No candidate API feature handler in this build; implementation gap
QA-FX28-A013,FX-28,vault.folder.read,QUERY,SELF,Resolved delegated,FX28-S01,,[],Blocked,False,Action handler not executed,Missing,Missing from real SQL,Not run,Blocked by runtime module; no positive execution,[],False,No candidate API feature handler in this build; implementation gap
QA-FX28-A014,FX-28,vault.folder.create,COMMAND,SELF,Resolved delegated,FX28-S01,,[],Blocked,False,Action handler not executed,Missing,Missing from real SQL,Not run,Blocked by runtime module; no positive execution,[],False,No candidate API feature handler in this build; implementation gap
QA-FX28-A015,FX-28,vault.folder.rename,COMMAND,SELF,Resolved delegated,FX28-S01,,[],Blocked,False,Action handler not executed,Missing,Missing from real SQL,Not run,Blocked by runtime module; no positive execution,[],False,No candidate API feature handler in this build; implementation gap
QA-FX28-A016,FX-28,vault.folder.remove,COMMAND,SELF,Resolved delegated,FX28-S01,,[],Blocked,False,Action handler not executed,Missing,Missing from real SQL,Not run,Blocked by runtime module; no positive execution,[],False,No candidate API feature handler in this build; implementation gap
QA-FX28-A017,FX-28,vault.tag.manage,COMMAND,SELF,Resolved delegated,FX28-S01,,[],Blocked,False,Action handler not executed,Missing,Missing from real SQL,Not run,Blocked by runtime module; no positive execution,[],False,No candidate API feature handler in this build; implementation gap
QA-FX28-A018,FX-28,vault.recovery_code.mark_used,COMMAND,SELF,Resolved delegated,FX28-S02,,[],Blocked,False,Action handler not executed,Missing,Missing from real SQL,Not run,Blocked by runtime module; no positive execution,[],False,No candidate API feature handler in this build; implementation gap
QA-FX28-A019,FX-28,vault.reference.resolve,WORKER,SYSTEM,Resolved delegated,,,[],Blocked,False,Action handler not executed,Missing,Missing from real SQL,Not run,Blocked by runtime module; no positive execution,[],False,No candidate API feature handler in this build; implementation gap
QA-FX28-A020,FX-28,vault.generator.generate,LOCAL,SELF,Resolved delegated,FX28-S05,,[],Blocked,False,Action handler not executed,Missing,Missing from real SQL,Not run,Blocked by runtime module; no positive execution,[],False,No candidate API feature handler in this build; implementation gap
QA-FX28-A021,FX-28,vault.generator.copy,LOCAL,SELF,Resolved delegated,FX28-S05,,[],Blocked,False,Action handler not executed,Missing,Missing from real SQL,Not run,Blocked by runtime module; no positive execution,[],False,No candidate API feature handler in this build; implementation gap
QA-FX29-A001,FX-29,news.source.read,QUERY,SELF,Resolved delegated,FX29-S01,,[],Blocked,False,Action handler not executed,Missing,Missing from real SQL,Not run,Blocked by runtime module; no positive execution,[],False,No candidate API feature handler in this build; implementation gap
QA-FX29-A002,FX-29,news.source.follow,COMMAND,SELF,Resolved delegated,FX29-S02,,[],Blocked,False,Action handler not executed,Missing,Missing from real SQL,Not run,Blocked by runtime module; no positive execution,[],False,No candidate API feature handler in this build; implementation gap
QA-FX29-A003,FX-29,news.source.update,COMMAND,SELF,Resolved delegated,FX29-S02,,[],Blocked,False,Action handler not executed,Missing,Missing from real SQL,Not run,Blocked by runtime module; no positive execution,[],False,No candidate API feature handler in this build; implementation gap
QA-FX29-A004,FX-29,news.source.pause,COMMAND,SELF,Resolved delegated,FX29-S01,,[],Blocked,False,Action handler not executed,Missing,Missing from real SQL,Not run,Blocked by runtime module; no positive execution,[],False,No candidate API feature handler in this build; implementation gap
QA-FX29-A005,FX-29,news.source.resume,COMMAND,SELF,Resolved delegated,FX29-S01,,[],Blocked,False,Action handler not executed,Missing,Missing from real SQL,Not run,Blocked by runtime module; no positive execution,[],False,No candidate API feature handler in this build; implementation gap
QA-FX29-A006,FX-29,news.source.unfollow,COMMAND,SELF,Resolved delegated,FX29-S01,,[],Blocked,False,Action handler not executed,Missing,Missing from real SQL,Not run,Blocked by runtime module; no positive execution,[],False,No candidate API feature handler in this build; implementation gap
QA-FX29-A007,FX-29,news.source.refresh,COMMAND,SELF,Blocked,FX29-S01,,[],Blocked,False,Action handler not executed,Missing,Missing from real SQL,Not run,Blocked by runtime module; no positive execution,[],False,No candidate API feature handler in this build; implementation gap
QA-FX29-A008,FX-29,news.article.read,QUERY,SELF,Resolved delegated,FX29-S03;FX29-S04,,[],Blocked,False,Action handler not executed,Missing,Missing from real SQL,Not run,Blocked by runtime module; no positive execution,[],False,No candidate API feature handler in this build; implementation gap
QA-FX29-A009,FX-29,news.article.mark_read,COMMAND,SELF,Resolved delegated,FX29-S03,,[],Blocked,False,Action handler not executed,Missing,Missing from real SQL,Not run,Blocked by runtime module; no positive execution,[],False,No candidate API feature handler in this build; implementation gap
QA-FX29-A010,FX-29,news.article.mark_unread,COMMAND,SELF,Resolved delegated,FX29-S03,,[],Blocked,False,Action handler not executed,Missing,Missing from real SQL,Not run,Blocked by runtime module; no positive execution,[],False,No candidate API feature handler in this build; implementation gap
QA-FX29-A011,FX-29,news.article.mark_all_read,COMMAND,SELF,Resolved delegated,FX29-S03,,[],Blocked,False,Action handler not executed,Missing,Missing from real SQL,Not run,Blocked by runtime module; no positive execution,[],False,No candidate API feature handler in this build; implementation gap
QA-FX29-A012,FX-29,news.article.save,COMPOSITE,SELF,Resolved delegated,FX29-S04,,[],Blocked,False,Action handler not executed,Missing,Missing from real SQL,Not run,Blocked by runtime module; no positive execution,[],False,No candidate API feature handler in this build; implementation gap
QA-FX29-A013,FX-29,news.history.read,QUERY,SELF,Resolved delegated,FX29-S03,,[],Blocked,False,Action handler not executed,Missing,Missing from real SQL,Not run,Blocked by runtime module; no positive execution,[],False,No candidate API feature handler in this build; implementation gap
QA-FX29-A014,FX-29,news.history.clear,COMMAND,SELF,Resolved delegated,FX29-S03,,[],Blocked,False,Action handler not executed,Missing,Missing from real SQL,Not run,Blocked by runtime module; no positive execution,[],False,No candidate API feature handler in this build; implementation gap
QA-FX29-A015,FX-29,news.category.read,QUERY,SELF,Resolved delegated,FX29-S01,,[],Blocked,False,Action handler not executed,Missing,Missing from real SQL,Not run,Blocked by runtime module; no positive execution,[],False,No candidate API feature handler in this build; implementation gap
QA-FX29-A016,FX-29,news.category.create,COMMAND,SELF,Resolved delegated,FX29-S01,,[],Blocked,False,Action handler not executed,Missing,Missing from real SQL,Not run,Blocked by runtime module; no positive execution,[],False,No candidate API feature handler in this build; implementation gap
QA-FX29-A017,FX-29,news.category.update,COMMAND,SELF,Resolved delegated,FX29-S01,,[],Blocked,False,Action handler not executed,Missing,Missing from real SQL,Not run,Blocked by runtime module; no positive execution,[],False,No candidate API feature handler in this build; implementation gap
QA-FX29-A018,FX-29,news.category.remove,COMMAND,SELF,Resolved delegated,FX29-S01,,[],Blocked,False,Action handler not executed,Missing,Missing from real SQL,Not run,Blocked by runtime module; no positive execution,[],False,No candidate API feature handler in this build; implementation gap
QA-FX29-A019,FX-29,news.watch.read,QUERY,SELF,Resolved delegated,FX29-S05,,[],Blocked,False,Action handler not executed,Missing,Missing from real SQL,Not run,Blocked by runtime module; no positive execution,[],False,No candidate API feature handler in this build; implementation gap
QA-FX29-A020,FX-29,news.watch.create,COMMAND,SELF,Resolved delegated,FX29-S05,,[],Blocked,False,Action handler not executed,Missing,Missing from real SQL,Not run,Blocked by runtime module; no positive execution,[],False,No candidate API feature handler in this build; implementation gap
QA-FX29-A021,FX-29,news.watch.update,COMMAND,SELF,Resolved delegated,FX29-S05,,[],Blocked,False,Action handler not executed,Missing,Missing from real SQL,Not run,Blocked by runtime module; no positive execution,[],False,No candidate API feature handler in this build; implementation gap
QA-FX29-A022,FX-29,news.watch.enable,COMMAND,SELF,Resolved delegated,FX29-S05,,[],Blocked,False,Action handler not executed,Missing,Missing from real SQL,Not run,Blocked by runtime module; no positive execution,[],False,No candidate API feature handler in this build; implementation gap
QA-FX29-A023,FX-29,news.watch.disable,COMMAND,SELF,Resolved delegated,FX29-S05,,[],Blocked,False,Action handler not executed,Missing,Missing from real SQL,Not run,Blocked by runtime module; no positive execution,[],False,No candidate API feature handler in this build; implementation gap
QA-FX29-A024,FX-29,news.watch.delete,COMMAND,SELF,Resolved delegated,FX29-S05,,[],Blocked,False,Action handler not executed,Missing,Missing from real SQL,Not run,Blocked by runtime module; no positive execution,[],False,No candidate API feature handler in this build; implementation gap
QA-FX29-A025,FX-29,news.match.read,QUERY,SELF,Resolved delegated,FX29-S05,,[],Blocked,False,Action handler not executed,Missing,Missing from real SQL,Not run,Blocked by runtime module; no positive execution,[],False,No candidate API feature handler in this build; implementation gap
QA-FX29-A026,FX-29,news.worker.fetch,WORKER,SYSTEM,Blocked,,,[],Blocked,False,Action handler not executed,Missing,Missing from real SQL,Not run,Blocked by runtime module; no positive execution,[],False,No candidate API feature handler in this build; implementation gap
QA-FX29-A027,FX-29,news.worker.match,WORKER,SYSTEM,Resolved delegated,,,[],Blocked,False,Action handler not executed,Missing,Missing from real SQL,Not run,Blocked by runtime module; no positive execution,[],False,No candidate API feature handler in this build; implementation gap
QA-FX30-A001,FX-30,prices.tracker.read,QUERY,SELF,Paused,FX30-S01,,[],Paused,False,Action handler not executed,Missing,Missing from real SQL,Not run,Blocked by runtime module; no positive execution,[],False,No candidate API feature handler in this build; implementation gap
QA-FX30-A002,FX-30,prices.tracker.create,COMMAND,SELF,Paused,FX30-S02,,[],Paused,False,Action handler not executed,Missing,Missing from real SQL,Not run,Blocked by runtime module; no positive execution,[],False,No candidate API feature handler in this build; implementation gap
QA-FX30-A003,FX-30,prices.tracker.update,COMMAND,SELF,Paused,FX30-S02,,[],Paused,False,Action handler not executed,Missing,Missing from real SQL,Not run,Blocked by runtime module; no positive execution,[],False,No candidate API feature handler in this build; implementation gap
QA-FX30-A004,FX-30,prices.tracker.pause,COMMAND,SELF,Paused,FX30-S01,,[],Paused,False,Action handler not executed,Missing,Missing from real SQL,Not run,Blocked by runtime module; no positive execution,[],False,No candidate API feature handler in this build; implementation gap
QA-FX30-A005,FX-30,prices.tracker.resume,COMMAND,SELF,Paused,FX30-S01,,[],Paused,False,Action handler not executed,Missing,Missing from real SQL,Not run,Blocked by runtime module; no positive execution,[],False,No candidate API feature handler in this build; implementation gap
QA-FX30-A006,FX-30,prices.tracker.remove,COMMAND,SELF,Paused,FX30-S01,,[],Paused,False,Action handler not executed,Missing,Missing from real SQL,Not run,Blocked by runtime module; no positive execution,[],False,No candidate API feature handler in this build; implementation gap
QA-FX30-A007,FX-30,prices.tracker.refresh,COMMAND,SELF,Paused,FX30-S03,,[],Paused,False,Action handler not executed,Missing,Missing from real SQL,Not run,Blocked by runtime module; no positive execution,[],False,No candidate API feature handler in this build; implementation gap
QA-FX30-A008,FX-30,prices.observation.read,QUERY,SELF,Paused,FX30-S03,,[],Paused,False,Action handler not executed,Missing,Missing from real SQL,Not run,Blocked by runtime module; no positive execution,[],False,No candidate API feature handler in this build; implementation gap
QA-FX30-A009,FX-30,prices.alert.read,QUERY,SELF,Paused,FX30-S04,,[],Paused,False,Action handler not executed,Missing,Missing from real SQL,Not run,Blocked by runtime module; no positive execution,[],False,No candidate API feature handler in this build; implementation gap
QA-FX30-A010,FX-30,prices.alert.create,COMMAND,SELF,Paused,FX30-S04,,[],Paused,False,Action handler not executed,Missing,Missing from real SQL,Not run,Blocked by runtime module; no positive execution,[],False,No candidate API feature handler in this build; implementation gap
QA-FX30-A011,FX-30,prices.alert.update,COMMAND,SELF,Paused,FX30-S04,,[],Paused,False,Action handler not executed,Missing,Missing from real SQL,Not run,Blocked by runtime module; no positive execution,[],False,No candidate API feature handler in this build; implementation gap
QA-FX30-A012,FX-30,prices.alert.enable,COMMAND,SELF,Paused,FX30-S04,,[],Paused,False,Action handler not executed,Missing,Missing from real SQL,Not run,Blocked by runtime module; no positive execution,[],False,No candidate API feature handler in this build; implementation gap
QA-FX30-A013,FX-30,prices.alert.disable,COMMAND,SELF,Paused,FX30-S04,,[],Paused,False,Action handler not executed,Missing,Missing from real SQL,Not run,Blocked by runtime module; no positive execution,[],False,No candidate API feature handler in this build; implementation gap
QA-FX30-A014,FX-30,prices.alert.remove,COMMAND,SELF,Paused,FX30-S04,,[],Paused,False,Action handler not executed,Missing,Missing from real SQL,Not run,Blocked by runtime module; no positive execution,[],False,No candidate API feature handler in this build; implementation gap
QA-FX30-A015,FX-30,prices.delivery.read,QUERY,SELF,Paused,FX30-S05,,[],Paused,False,Action handler not executed,Missing,Missing from real SQL,Not run,Blocked by runtime module; no positive execution,[],False,No candidate API feature handler in this build; implementation gap
QA-FX30-A016,FX-30,prices.worker.fetch,WORKER,SYSTEM,Paused,,,[],Paused,False,Action handler not executed,Missing,Missing from real SQL,Not run,Blocked by runtime module; no positive execution,[],False,No candidate API feature handler in this build; implementation gap
QA-FX30-A017,FX-30,prices.worker.evaluate,WORKER,SYSTEM,Paused,,,[],Paused,False,Action handler not executed,Missing,Missing from real SQL,Not run,Blocked by runtime module; no positive execution,[],False,No candidate API feature handler in this build; implementation gap
QA-FX31-A001,FX-31,shopping.wishlist.read,QUERY,SELF,Resolved delegated,FX31-S01,,[],Blocked,False,Action handler not executed,Missing,Missing from real SQL,Not run,Blocked by runtime module; no positive execution,[],False,No candidate API feature handler in this build; implementation gap
QA-FX31-A002,FX-31,shopping.wishlist.create,COMMAND,SELF,Resolved delegated,FX31-S01,,[],Blocked,False,Action handler not executed,Missing,Missing from real SQL,Not run,Blocked by runtime module; no positive execution,[],False,No candidate API feature handler in this build; implementation gap
QA-FX31-A003,FX-31,shopping.wishlist.update,COMMAND,SELF,Resolved delegated,FX31-S01,,[],Blocked,False,Action handler not executed,Missing,Missing from real SQL,Not run,Blocked by runtime module; no positive execution,[],False,No candidate API feature handler in this build; implementation gap
QA-FX31-A004,FX-31,shopping.wishlist.mark_purchased,COMMAND,SELF,Resolved delegated,FX31-S01,,[],Blocked,False,Action handler not executed,Missing,Missing from real SQL,Not run,Blocked by runtime module; no positive execution,[],False,No candidate API feature handler in this build; implementation gap
QA-FX31-A005,FX-31,shopping.wishlist.archive,COMMAND,SELF,Resolved delegated,FX31-S01,,[],Blocked,False,Action handler not executed,Missing,Missing from real SQL,Not run,Blocked by runtime module; no positive execution,[],False,No candidate API feature handler in this build; implementation gap
QA-FX31-A006,FX-31,shopping.wishlist.unarchive,COMMAND,SELF,Resolved delegated,FX31-S01,,[],Blocked,False,Action handler not executed,Missing,Missing from real SQL,Not run,Blocked by runtime module; no positive execution,[],False,No candidate API feature handler in this build; implementation gap
QA-FX31-A007,FX-31,shopping.wishlist.trash,COMMAND,SELF,Resolved delegated,FX31-S01,,[],Blocked,False,Action handler not executed,Missing,Missing from real SQL,Not run,Blocked by runtime module; no positive execution,[],False,No candidate API feature handler in this build; implementation gap
QA-FX31-A008,FX-31,shopping.wishlist.restore,COMMAND,SELF,Resolved delegated,FX31-S01,,[],Blocked,False,Action handler not executed,Missing,Missing from real SQL,Not run,Blocked by runtime module; no positive execution,[],False,No candidate API feature handler in this build; implementation gap
QA-FX31-A009,FX-31,shopping.wishlist.purge,COMMAND,SELF,Resolved delegated,FX31-S01,,[],Blocked,False,Action handler not executed,Missing,Missing from real SQL,Not run,Blocked by runtime module; no positive execution,[],False,No candidate API feature handler in this build; implementation gap
QA-FX31-A010,FX-31,shopping.comparison.read,QUERY,SELF,Resolved delegated,FX31-S02,,[],Blocked,False,Action handler not executed,Missing,Missing from real SQL,Not run,Blocked by runtime module; no positive execution,[],False,No candidate API feature handler in this build; implementation gap
QA-FX31-A011,FX-31,shopping.comparison.create,COMMAND,SELF,Resolved delegated,FX31-S02,,[],Blocked,False,Action handler not executed,Missing,Missing from real SQL,Not run,Blocked by runtime module; no positive execution,[],False,No candidate API feature handler in this build; implementation gap
QA-FX31-A012,FX-31,shopping.comparison.update,COMMAND,SELF,Resolved delegated,FX31-S02,,[],Blocked,False,Action handler not executed,Missing,Missing from real SQL,Not run,Blocked by runtime module; no positive execution,[],False,No candidate API feature handler in this build; implementation gap
QA-FX31-A013,FX-31,shopping.comparison.members,COMMAND,SELF,Resolved delegated,FX31-S02,,[],Blocked,False,Action handler not executed,Missing,Missing from real SQL,Not run,Blocked by runtime module; no positive execution,[],False,No candidate API feature handler in this build; implementation gap
QA-FX31-A014,FX-31,shopping.comparison.criteria,COMMAND,SELF,Resolved delegated,FX31-S02,,[],Blocked,False,Action handler not executed,Missing,Missing from real SQL,Not run,Blocked by runtime module; no positive execution,[],False,No candidate API feature handler in this build; implementation gap
QA-FX31-A015,FX-31,shopping.comparison.remove,COMMAND,SELF,Resolved delegated,FX31-S02,,[],Blocked,False,Action handler not executed,Missing,Missing from real SQL,Not run,Blocked by runtime module; no positive execution,[],False,No candidate API feature handler in this build; implementation gap
QA-FX31-A016,FX-31,shopping.order.read,QUERY,SELF,Resolved delegated,FX31-S03,,[],Blocked,False,Action handler not executed,Missing,Missing from real SQL,Not run,Blocked by runtime module; no positive execution,[],False,No candidate API feature handler in this build; implementation gap
QA-FX31-A017,FX-31,shopping.order.create,COMMAND,SELF,Resolved delegated,FX31-S04,,[],Blocked,False,Action handler not executed,Missing,Missing from real SQL,Not run,Blocked by runtime module; no positive execution,[],False,No candidate API feature handler in this build; implementation gap
QA-FX31-A018,FX-31,shopping.order.update,COMMAND,SELF,Resolved delegated,FX31-S04,,[],Blocked,False,Action handler not executed,Missing,Missing from real SQL,Not run,Blocked by runtime module; no positive execution,[],False,No candidate API feature handler in this build; implementation gap
QA-FX31-A019,FX-31,shopping.order.transition,COMMAND,SELF,Resolved delegated,FX31-S04,,[],Blocked,False,Action handler not executed,Missing,Missing from real SQL,Not run,Blocked by runtime module; no positive execution,[],False,No candidate API feature handler in this build; implementation gap
QA-FX31-A020,FX-31,shopping.order.return,COMMAND,SELF,Resolved delegated,FX31-S04,,[],Blocked,False,Action handler not executed,Missing,Missing from real SQL,Not run,Blocked by runtime module; no positive execution,[],False,No candidate API feature handler in this build; implementation gap
QA-FX31-A021,FX-31,shopping.order.trash,COMMAND,SELF,Resolved delegated,FX31-S03,,[],Blocked,False,Action handler not executed,Missing,Missing from real SQL,Not run,Blocked by runtime module; no positive execution,[],False,No candidate API feature handler in this build; implementation gap
QA-FX31-A022,FX-31,shopping.order.restore,COMMAND,SELF,Resolved delegated,FX31-S03,,[],Blocked,False,Action handler not executed,Missing,Missing from real SQL,Not run,Blocked by runtime module; no positive execution,[],False,No candidate API feature handler in this build; implementation gap
QA-FX31-A023,FX-31,shopping.order.purge,COMMAND,SELF,Resolved delegated,FX31-S03,,[],Blocked,False,Action handler not executed,Missing,Missing from real SQL,Not run,Blocked by runtime module; no positive execution,[],False,No candidate API feature handler in this build; implementation gap
QA-FX31-A024,FX-31,shopping.order.history,QUERY,SELF,Resolved delegated,FX31-S04,,[],Blocked,False,Action handler not executed,Missing,Missing from real SQL,Not run,Blocked by runtime module; no positive execution,[],False,No candidate API feature handler in this build; implementation gap
QA-FX31-A025,FX-31,shopping.seller.read,QUERY,SELF,Resolved delegated,FX31-S05,,[],Blocked,False,Action handler not executed,Missing,Missing from real SQL,Not run,Blocked by runtime module; no positive execution,[],False,No candidate API feature handler in this build; implementation gap
QA-FX31-A026,FX-31,shopping.seller.create,COMMAND,SELF,Resolved delegated,FX31-S05,,[],Blocked,False,Action handler not executed,Missing,Missing from real SQL,Not run,Blocked by runtime module; no positive execution,[],False,No candidate API feature handler in this build; implementation gap
QA-FX31-A027,FX-31,shopping.seller.update,COMMAND,SELF,Resolved delegated,FX31-S05,,[],Blocked,False,Action handler not executed,Missing,Missing from real SQL,Not run,Blocked by runtime module; no positive execution,[],False,No candidate API feature handler in this build; implementation gap
QA-FX31-A028,FX-31,shopping.seller.merge,COMMAND,SELF,Resolved delegated,FX31-S05,,[],Blocked,False,Action handler not executed,Missing,Missing from real SQL,Not run,Blocked by runtime module; no positive execution,[],False,No candidate API feature handler in this build; implementation gap
QA-FX31-A029,FX-31,shopping.warranty.read,QUERY,SELF,Resolved delegated,FX31-S06,,[],Blocked,False,Action handler not executed,Missing,Missing from real SQL,Not run,Blocked by runtime module; no positive execution,[],False,No candidate API feature handler in this build; implementation gap
QA-FX31-A030,FX-31,shopping.warranty.create,COMMAND,SELF,Resolved delegated,FX31-S06,,[],Blocked,False,Action handler not executed,Missing,Missing from real SQL,Not run,Blocked by runtime module; no positive execution,[],False,No candidate API feature handler in this build; implementation gap
QA-FX31-A031,FX-31,shopping.warranty.update,COMMAND,SELF,Resolved delegated,FX31-S06,,[],Blocked,False,Action handler not executed,Missing,Missing from real SQL,Not run,Blocked by runtime module; no positive execution,[],False,No candidate API feature handler in this build; implementation gap
QA-FX31-A032,FX-31,shopping.warranty.evidence,COMMAND,SELF,Resolved delegated,FX31-S06,,[],Blocked,False,Action handler not executed,Missing,Missing from real SQL,Not run,Blocked by runtime module; no positive execution,[],False,No candidate API feature handler in this build; implementation gap
QA-FX31-A033,FX-31,shopping.purchase.create_asset,COMPOSITE,SELF,Resolved delegated,FX31-S07,,[],Blocked,False,Action handler not executed,Missing,Missing from real SQL,Not run,Blocked by runtime module; no positive execution,[],False,No candidate API feature handler in this build; implementation gap
QA-FX32-A001,FX-32,toolbox.catalog.read,QUERY,SELF,SLICE_IMPLEMENTED (local),FX32-S01,DeveloperTools,"[""src/Nexora.Infrastructure/DeveloperTools/LocalToolboxService.cs"",""src/Nexora.Infrastructure/Support/SqlSupportService.cs""]",Ready,True,Action handler not executed,Resolved,Present in real SQL,Partial coverage,Partial coverage,"[""FN-027""]",False,
QA-FX32-A002,FX-32,toolbox.base64.run,LOCAL,SELF,SLICE_IMPLEMENTED (local),FX32-S02,DeveloperTools,"[""src/Nexora.Infrastructure/DeveloperTools/LocalToolboxService.cs""]",Ready,True,Action handler not executed,Resolved,Present in real SQL,Partial coverage,Partial coverage,"[""FN-019""]",False,
QA-FX32-A003,FX-32,toolbox.url_codec.run,LOCAL,SELF,SLICE_IMPLEMENTED (local),FX32-S02,DeveloperTools,"[""src/Nexora.Infrastructure/DeveloperTools/LocalToolboxService.cs""]",Ready,True,Action handler not executed,Resolved,Present in real SQL,Partial coverage,Partial coverage,"[""FN-020""]",False,
QA-FX32-A004,FX-32,toolbox.html_codec.run,LOCAL,SELF,SLICE_IMPLEMENTED (local),FX32-S02,DeveloperTools,"[""src/Nexora.Infrastructure/DeveloperTools/LocalToolboxService.cs""]",Ready,True,Action handler not executed,Resolved,Present in real SQL,Partial coverage,Partial coverage,"[""FN-021""]",False,
QA-FX32-A005,FX-32,toolbox.hash.run,LOCAL,SELF,SLICE_IMPLEMENTED (local),FX32-S02,DeveloperTools,"[""src/Nexora.Infrastructure/DeveloperTools/LocalToolboxService.cs""]",Ready,True,Action handler not executed,Resolved,Present in real SQL,Partial coverage,Partial coverage,"[""FN-022""]",False,
QA-FX32-A006,FX-32,toolbox.password.run,LOCAL,SELF,SLICE_IMPLEMENTED (local),FX32-S02,DeveloperTools,"[""src/Nexora.Infrastructure/DeveloperTools/LocalToolboxService.cs""]",Ready,True,Action handler not executed,Resolved,Present in real SQL,Partial coverage,Partial coverage,"[""FN-024""]",False,
QA-FX32-A007,FX-32,toolbox.uuid.run,LOCAL,SELF,SLICE_IMPLEMENTED (local),FX32-S02,DeveloperTools,"[""src/Nexora.Infrastructure/DeveloperTools/LocalToolboxService.cs""]",Ready,True,Action handler not executed,Resolved,Present in real SQL,Partial coverage,Partial coverage,"[""FN-023""]",False,
QA-FX32-A008,FX-32,toolbox.datetime.run,LOCAL,SELF,Resolved delegated,FX32-S02,DeveloperTools,[],Ready,True,Action handler not executed,Missing,Missing from real SQL,Not run,Not run,[],False,
QA-FX32-A009,FX-32,toolbox.json.run,LOCAL,SELF,SLICE_IMPLEMENTED (local),FX32-S02,DeveloperTools,"[""src/Nexora.Infrastructure/DeveloperTools/LocalToolboxService.cs""]",Ready,True,Action handler not executed,Resolved,Present in real SQL,Partial coverage,Partial coverage,"[""FN-025""]",False,
QA-FX32-A010,FX-32,toolbox.xml.run,LOCAL,SELF,Resolved delegated,FX32-S02,DeveloperTools,[],Ready,True,Action handler not executed,Missing,Missing from real SQL,Not run,Not run,[],False,
QA-FX32-A011,FX-32,toolbox.yaml.run,LOCAL,SELF,Resolved delegated,FX32-S02,DeveloperTools,[],Ready,True,Action handler not executed,Missing,Missing from real SQL,Not run,Not run,[],False,
QA-FX32-A012,FX-32,toolbox.csv.run,LOCAL,SELF,Resolved delegated,FX32-S02,DeveloperTools,[],Ready,True,Action handler not executed,Missing,Missing from real SQL,Not run,Not run,[],False,
QA-FX32-A013,FX-32,toolbox.data_convert.run,LOCAL,SELF,Resolved delegated,FX32-S02,DeveloperTools,[],Ready,True,Action handler not executed,Missing,Missing from real SQL,Not run,Not run,[],False,
QA-FX32-A014,FX-32,toolbox.regex.run,LOCAL,SELF,SLICE_IMPLEMENTED (local),FX32-S02,DeveloperTools,"[""src/Nexora.Infrastructure/DeveloperTools/LocalToolboxService.cs""]",Ready,True,Action handler not executed,Resolved,Present in real SQL,Partial coverage,Partial coverage,"[""FN-026""]",False,
QA-FX32-A015,FX-32,toolbox.text_diff.run,LOCAL,SELF,Resolved delegated,FX32-S02,DeveloperTools,[],Ready,True,Action handler not executed,Missing,Missing from real SQL,Not run,Not run,[],False,
QA-FX32-A016,FX-32,toolbox.color.run,LOCAL,SELF,Resolved delegated,FX32-S02,DeveloperTools,[],Ready,True,Action handler not executed,Missing,Missing from real SQL,Not run,Not run,[],False,
QA-FX32-A017,FX-32,toolbox.qr.run,LOCAL,SELF,Resolved delegated,FX32-S02,DeveloperTools,[],Ready,True,Action handler not executed,Missing,Missing from real SQL,Not run,Not run,[],False,
QA-FX32-A018,FX-32,toolbox.jwt.run,LOCAL,SELF,Resolved delegated,FX32-S02,DeveloperTools,[],Ready,True,Action handler not executed,Missing,Missing from real SQL,Not run,Not run,[],False,
QA-FX32-A019,FX-32,toolbox.cron.run,LOCAL,SELF,Resolved delegated,FX32-S02,DeveloperTools,[],Ready,True,Action handler not executed,Missing,Missing from real SQL,Not run,Not run,[],False,
QA-FX32-A020,FX-32,toolbox.markdown.run,LOCAL,SELF,Resolved delegated,FX32-S02,DeveloperTools,[],Ready,True,Action handler not executed,Missing,Missing from real SQL,Not run,Not run,[],False,
QA-FX32-A021,FX-32,toolbox.code_format.run,LOCAL,SELF,Resolved delegated,FX32-S02,DeveloperTools,[],Ready,True,Action handler not executed,Missing,Missing from real SQL,Not run,Not run,[],False,
QA-FX32-A022,FX-32,toolbox.url_parse.run,LOCAL,SELF,Resolved delegated,FX32-S02,DeveloperTools,[],Ready,True,Action handler not executed,Missing,Missing from real SQL,Not run,Not run,[],False,
QA-FX32-A023,FX-32,toolbox.headers.run,LOCAL,SELF,Resolved delegated,FX32-S02,DeveloperTools,[],Ready,True,Action handler not executed,Missing,Missing from real SQL,Not run,Not run,[],False,
QA-FX32-A024,FX-32,toolbox.certificate.run,LOCAL,SELF,Resolved delegated,FX32-S02,DeveloperTools,[],Ready,True,Action handler not executed,Missing,Missing from real SQL,Not run,Not run,[],False,
QA-FX32-A025,FX-32,toolbox.network.http,COMMAND,SELF,Paused,FX32-S04,DeveloperTools,[],Ready,True,Action handler not executed,Missing,Missing from real SQL,Not run,Not run,[],False,
QA-FX32-A026,FX-32,toolbox.network.dns,COMMAND,SELF,Paused,FX32-S04,DeveloperTools,[],Ready,True,Action handler not executed,Missing,Missing from real SQL,Not run,Not run,[],False,
QA-FX32-A027,FX-32,toolbox.output.copy,LOCAL,SELF,Resolved delegated,FX32-S02,DeveloperTools,[],Ready,True,Action handler not executed,Missing,Missing from real SQL,Not run,Not run,[],False,
QA-FX32-A028,FX-32,toolbox.output.download,LOCAL,SELF,Resolved delegated,FX32-S02,DeveloperTools,[],Ready,True,Action handler not executed,Missing,Missing from real SQL,Not run,Not run,[],False,
QA-FX32-A029,FX-32,toolbox.output.save_snippet,COMPOSITE,SELF,Resolved delegated,FX32-S02,DeveloperTools,[],Ready,True,Action handler not executed,Missing,Missing from real SQL,Not run,Not run,[],False,
QA-FX32-A030,FX-32,toolbox.history.read,QUERY,SELF,Resolved delegated,FX32-S03,DeveloperTools,[],Ready,True,Action handler not executed,Missing,Missing from real SQL,Not run,Not run,[],False,
QA-FX32-A031,FX-32,toolbox.history.save,COMMAND,SELF,Resolved delegated,FX32-S03,DeveloperTools,[],Ready,True,Action handler not executed,Missing,Missing from real SQL,Not run,Not run,[],False,
QA-FX32-A032,FX-32,toolbox.history.delete,COMMAND,SELF,Resolved delegated,FX32-S03,DeveloperTools,[],Ready,True,Action handler not executed,Missing,Missing from real SQL,Not run,Not run,[],False,
QA-FX33-A001,FX-33,github.repository.search,QUERY,SELF,Blocked,FX33-S01,,[],Blocked,False,Action handler not executed,Missing,Missing from real SQL,Not run,Blocked by runtime module; no positive execution,[],False,No candidate API feature handler in this build; implementation gap
QA-FX33-A002,FX-33,github.repository.read,QUERY,SELF,Resolved delegated,FX33-S02,,[],Blocked,False,Action handler not executed,Missing,Missing from real SQL,Not run,Blocked by runtime module; no positive execution,[],False,No candidate API feature handler in this build; implementation gap
QA-FX33-A003,FX-33,github.repository.refresh,COMMAND,SELF,Blocked,FX33-S02,,[],Blocked,False,Action handler not executed,Missing,Missing from real SQL,Not run,Blocked by runtime module; no positive execution,[],False,No candidate API feature handler in this build; implementation gap
QA-FX33-A004,FX-33,github.saved.read,QUERY,SELF,Resolved delegated,FX33-S03,,[],Blocked,False,Action handler not executed,Missing,Missing from real SQL,Not run,Blocked by runtime module; no positive execution,[],False,No candidate API feature handler in this build; implementation gap
QA-FX33-A005,FX-33,github.saved.save,COMMAND,SELF,Resolved delegated,FX33-S03,,[],Blocked,False,Action handler not executed,Missing,Missing from real SQL,Not run,Blocked by runtime module; no positive execution,[],False,No candidate API feature handler in this build; implementation gap
QA-FX33-A006,FX-33,github.saved.notes,COMMAND,SELF,Resolved delegated,FX33-S03,,[],Blocked,False,Action handler not executed,Missing,Missing from real SQL,Not run,Blocked by runtime module; no positive execution,[],False,No candidate API feature handler in this build; implementation gap
QA-FX33-A007,FX-33,github.saved.remove,COMMAND,SELF,Resolved delegated,FX33-S03,,[],Blocked,False,Action handler not executed,Missing,Missing from real SQL,Not run,Blocked by runtime module; no positive execution,[],False,No candidate API feature handler in this build; implementation gap
QA-FX33-A008,FX-33,github.query.read,QUERY,SELF,Resolved delegated,FX33-S03,,[],Blocked,False,Action handler not executed,Missing,Missing from real SQL,Not run,Blocked by runtime module; no positive execution,[],False,No candidate API feature handler in this build; implementation gap
QA-FX33-A009,FX-33,github.query.create,COMMAND,SELF,Resolved delegated,FX33-S03,,[],Blocked,False,Action handler not executed,Missing,Missing from real SQL,Not run,Blocked by runtime module; no positive execution,[],False,No candidate API feature handler in this build; implementation gap
QA-FX33-A010,FX-33,github.query.update,COMMAND,SELF,Resolved delegated,FX33-S03,,[],Blocked,False,Action handler not executed,Missing,Missing from real SQL,Not run,Blocked by runtime module; no positive execution,[],False,No candidate API feature handler in this build; implementation gap
QA-FX33-A011,FX-33,github.query.delete,COMMAND,SELF,Resolved delegated,FX33-S03,,[],Blocked,False,Action handler not executed,Missing,Missing from real SQL,Not run,Blocked by runtime module; no positive execution,[],False,No candidate API feature handler in this build; implementation gap
QA-FX33-A012,FX-33,github.query.run,COMMAND,SELF,Blocked,FX33-S03,,[],Blocked,False,Action handler not executed,Missing,Missing from real SQL,Not run,Blocked by runtime module; no positive execution,[],False,No candidate API feature handler in this build; implementation gap
QA-FX33-A013,FX-33,github.snapshot.read,QUERY,SELF,Resolved delegated,FX33-S04,,[],Blocked,False,Action handler not executed,Missing,Missing from real SQL,Not run,Blocked by runtime module; no positive execution,[],False,No candidate API feature handler in this build; implementation gap
QA-FX33-A014,FX-33,github.snapshot.capture,COMMAND,SELF,Blocked,FX33-S04,,[],Blocked,False,Action handler not executed,Missing,Missing from real SQL,Not run,Blocked by runtime module; no positive execution,[],False,No candidate API feature handler in this build; implementation gap
QA-FX33-A015,FX-33,github.snapshot.compare,COMMAND,SELF,Resolved delegated,FX33-S04,,[],Blocked,False,Action handler not executed,Missing,Missing from real SQL,Not run,Blocked by runtime module; no positive execution,[],False,No candidate API feature handler in this build; implementation gap
QA-FX33-A016,FX-33,github.provider.fetch,WORKER,SYSTEM,Blocked,,,[],Blocked,False,Action handler not executed,Missing,Missing from real SQL,Not run,Blocked by runtime module; no positive execution,[],False,No candidate API feature handler in this build; implementation gap
QA-FX34-A001,FX-34,automation.definition.read,QUERY,SELF,Paused,FX34-S01;FX34-S03,,[],Paused,False,Action handler not executed,Missing,Missing from real SQL,Not run,Blocked by runtime module; no positive execution,[],False,No candidate API feature handler in this build; implementation gap
QA-FX34-A002,FX-34,automation.definition.create,COMMAND,SELF,Paused,FX34-S01;FX34-S02,,[],Paused,False,Action handler not executed,Missing,Missing from real SQL,Not run,Blocked by runtime module; no positive execution,[],False,No candidate API feature handler in this build; implementation gap
QA-FX34-A003,FX-34,automation.definition.save,COMMAND,SELF,Paused,FX34-S02,,[],Paused,False,Action handler not executed,Missing,Missing from real SQL,Not run,Blocked by runtime module; no positive execution,[],False,No candidate API feature handler in this build; implementation gap
QA-FX34-A004,FX-34,automation.definition.validate,COMMAND,SELF,Paused,FX34-S02,,[],Paused,False,Action handler not executed,Missing,Missing from real SQL,Not run,Blocked by runtime module; no positive execution,[],False,No candidate API feature handler in this build; implementation gap
QA-FX34-A005,FX-34,automation.definition.enable,COMMAND,SELF,Paused,FX34-S01,,[],Paused,False,Action handler not executed,Missing,Missing from real SQL,Not run,Blocked by runtime module; no positive execution,[],False,No candidate API feature handler in this build; implementation gap
QA-FX34-A006,FX-34,automation.definition.disable,COMMAND,SELF,Paused,FX34-S01,,[],Paused,False,Action handler not executed,Missing,Missing from real SQL,Not run,Blocked by runtime module; no positive execution,[],False,No candidate API feature handler in this build; implementation gap
QA-FX34-A007,FX-34,automation.definition.trash,COMMAND,SELF,Paused,FX34-S01,,[],Paused,False,Action handler not executed,Missing,Missing from real SQL,Not run,Blocked by runtime module; no positive execution,[],False,No candidate API feature handler in this build; implementation gap
QA-FX34-A008,FX-34,automation.definition.restore,COMMAND,SELF,Paused,FX34-S01,,[],Paused,False,Action handler not executed,Missing,Missing from real SQL,Not run,Blocked by runtime module; no positive execution,[],False,No candidate API feature handler in this build; implementation gap
QA-FX34-A009,FX-34,automation.definition.purge,COMMAND,SELF,Paused,FX34-S01,,[],Paused,False,Action handler not executed,Missing,Missing from real SQL,Not run,Blocked by runtime module; no positive execution,[],False,No candidate API feature handler in this build; implementation gap
QA-FX34-A010,FX-34,automation.definition.history,QUERY,SELF,Paused,FX34-S03,,[],Paused,False,Action handler not executed,Missing,Missing from real SQL,Not run,Blocked by runtime module; no positive execution,[],False,No candidate API feature handler in this build; implementation gap
QA-FX34-A011,FX-34,automation.run.read,QUERY,SELF,Paused,FX34-S04,,[],Paused,False,Action handler not executed,Missing,Missing from real SQL,Not run,Blocked by runtime module; no positive execution,[],False,No candidate API feature handler in this build; implementation gap
QA-FX34-A012,FX-34,automation.run.start,COMMAND,SELF,Paused,FX34-S05,,[],Paused,False,Action handler not executed,Missing,Missing from real SQL,Not run,Blocked by runtime module; no positive execution,[],False,No candidate API feature handler in this build; implementation gap
QA-FX34-A013,FX-34,automation.run.cancel,COMMAND,SELF,Paused,FX34-S05,,[],Paused,False,Action handler not executed,Missing,Missing from real SQL,Not run,Blocked by runtime module; no positive execution,[],False,No candidate API feature handler in this build; implementation gap
QA-FX34-A014,FX-34,automation.run.retry_step,COMMAND,SELF,Paused,FX34-S05,,[],Paused,False,Action handler not executed,Missing,Missing from real SQL,Not run,Blocked by runtime module; no positive execution,[],False,No candidate API feature handler in this build; implementation gap
QA-FX34-A015,FX-34,automation.run.dry_run,COMMAND,SELF,Paused,FX34-S05,,[],Paused,False,Action handler not executed,Missing,Missing from real SQL,Not run,Blocked by runtime module; no positive execution,[],False,No candidate API feature handler in this build; implementation gap
QA-FX34-A016,FX-34,automation.schedule.update,COMMAND,SELF,Paused,FX34-S02,,[],Paused,False,Action handler not executed,Missing,Missing from real SQL,Not run,Blocked by runtime module; no positive execution,[],False,No candidate API feature handler in this build; implementation gap
QA-FX34-A017,FX-34,automation.definition.import,COMPOSITE,SELF,Paused,FX34-S02,,[],Paused,False,Action handler not executed,Missing,Missing from real SQL,Not run,Blocked by runtime module; no positive execution,[],False,No candidate API feature handler in this build; implementation gap
QA-FX34-A018,FX-34,automation.definition.export,COMPOSITE,SELF,Paused,FX34-S02,,[],Paused,False,Action handler not executed,Missing,Missing from real SQL,Not run,Blocked by runtime module; no positive execution,[],False,No candidate API feature handler in this build; implementation gap
QA-FX34-A019,FX-34,automation.step.dispatch,WORKER,SYSTEM,Paused,,,[],Paused,False,Action handler not executed,Missing,Missing from real SQL,Not run,Blocked by runtime module; no positive execution,[],False,No candidate API feature handler in this build; implementation gap
QA-FX35-A001,FX-35,integrations.connection.read,QUERY,SELF,Paused,FX35-S01,,[],Paused,False,Action handler not executed,Missing,Missing from real SQL,Not run,Blocked by runtime module; no positive execution,[],False,No candidate API feature handler in this build; implementation gap
QA-FX35-A002,FX-35,integrations.connection.create,COMMAND,SELF,Paused,FX35-S02,,[],Paused,False,Action handler not executed,Missing,Missing from real SQL,Not run,Blocked by runtime module; no positive execution,[],False,No candidate API feature handler in this build; implementation gap
QA-FX35-A003,FX-35,integrations.connection.update,COMMAND,SELF,Paused,FX35-S02,,[],Paused,False,Action handler not executed,Missing,Missing from real SQL,Not run,Blocked by runtime module; no positive execution,[],False,No candidate API feature handler in this build; implementation gap
QA-FX35-A004,FX-35,integrations.connection.test,COMMAND,SELF,Paused,FX35-S02,,[],Paused,False,Action handler not executed,Missing,Missing from real SQL,Not run,Blocked by runtime module; no positive execution,[],False,No candidate API feature handler in this build; implementation gap
QA-FX35-A005,FX-35,integrations.connection.disable,COMMAND,SELF,Paused,FX35-S01,,[],Paused,False,Action handler not executed,Missing,Missing from real SQL,Not run,Blocked by runtime module; no positive execution,[],False,No candidate API feature handler in this build; implementation gap
QA-FX35-A006,FX-35,integrations.connection.scopes,COMMAND,SELF,Paused,FX35-S02,,[],Paused,False,Action handler not executed,Missing,Missing from real SQL,Not run,Blocked by runtime module; no positive execution,[],False,No candidate API feature handler in this build; implementation gap
QA-FX35-A007,FX-35,integrations.connection.credential,COMMAND,SELF,Paused,FX35-S05,,[],Paused,False,Action handler not executed,Missing,Missing from real SQL,Not run,Blocked by runtime module; no positive execution,[],False,No candidate API feature handler in this build; implementation gap
QA-FX35-A008,FX-35,integrations.webhook.read,QUERY,SELF,Paused,FX35-S03,,[],Paused,False,Action handler not executed,Missing,Missing from real SQL,Not run,Blocked by runtime module; no positive execution,[],False,No candidate API feature handler in this build; implementation gap
QA-FX35-A009,FX-35,integrations.webhook.create,COMMAND,SELF,Paused,FX35-S03,,[],Paused,False,Action handler not executed,Missing,Missing from real SQL,Not run,Blocked by runtime module; no positive execution,[],False,No candidate API feature handler in this build; implementation gap
QA-FX35-A010,FX-35,integrations.webhook.update,COMMAND,SELF,Paused,FX35-S03,,[],Paused,False,Action handler not executed,Missing,Missing from real SQL,Not run,Blocked by runtime module; no positive execution,[],False,No candidate API feature handler in this build; implementation gap
QA-FX35-A011,FX-35,integrations.webhook.enable,COMMAND,SELF,Paused,FX35-S03,,[],Paused,False,Action handler not executed,Missing,Missing from real SQL,Not run,Blocked by runtime module; no positive execution,[],False,No candidate API feature handler in this build; implementation gap
QA-FX35-A012,FX-35,integrations.webhook.disable,COMMAND,SELF,Paused,FX35-S03,,[],Paused,False,Action handler not executed,Missing,Missing from real SQL,Not run,Blocked by runtime module; no positive execution,[],False,No candidate API feature handler in this build; implementation gap
QA-FX35-A013,FX-35,integrations.webhook.test,COMMAND,SELF,Paused,FX35-S03,,[],Paused,False,Action handler not executed,Missing,Missing from real SQL,Not run,Blocked by runtime module; no positive execution,[],False,No candidate API feature handler in this build; implementation gap
QA-FX35-A014,FX-35,integrations.webhook.rotate,COMMAND,SELF,Paused,FX35-S03,,[],Paused,False,Action handler not executed,Missing,Missing from real SQL,Not run,Blocked by runtime module; no positive execution,[],False,No candidate API feature handler in this build; implementation gap
QA-FX35-A015,FX-35,integrations.delivery.read,QUERY,SELF,Paused,FX35-S04,,[],Paused,False,Action handler not executed,Missing,Missing from real SQL,Not run,Blocked by runtime module; no positive execution,[],False,No candidate API feature handler in this build; implementation gap
QA-FX35-A016,FX-35,integrations.delivery.retry,COMMAND,SELF,Paused,FX35-S04,,[],Paused,False,Action handler not executed,Missing,Missing from real SQL,Not run,Blocked by runtime module; no positive execution,[],False,No candidate API feature handler in this build; implementation gap
QA-FX35-A017,FX-35,integrations.system_connection.read,QUERY,ADMIN,Paused,FX35-S01,,[],Paused,False,Action handler not executed,Missing,Missing from real SQL,Not run,Blocked by runtime module; no positive execution,[],False,No candidate API feature handler in this build; implementation gap
QA-FX35-A018,FX-35,integrations.system_connection.configure,COMMAND,SUPER,Paused,FX35-S01,,[],Paused,False,Action handler not executed,Missing,Missing from real SQL,Not run,Blocked by runtime module; no positive execution,[],False,No candidate API feature handler in this build; implementation gap
QA-FX35-A019,FX-35,integrations.worker.receive,WORKER,SYSTEM,Paused,,,[],Paused,False,Action handler not executed,Missing,Missing from real SQL,Not run,Blocked by runtime module; no positive execution,[],False,No candidate API feature handler in this build; implementation gap
QA-FX35-A020,FX-35,integrations.worker.send,WORKER,SYSTEM,Paused,,,[],Paused,False,Action handler not executed,Missing,Missing from real SQL,Not run,Blocked by runtime module; no positive execution,[],False,No candidate API feature handler in this build; implementation gap
QA-FX36-A001,FX-36,monitoring.monitor.read,QUERY,SELF,Resolved delegated,FX36-S01,,[],Blocked,False,Action handler not executed,Missing,Missing from real SQL,Not run,Blocked by runtime module; no positive execution,[],False,No candidate API feature handler in this build; implementation gap
QA-FX36-A002,FX-36,monitoring.monitor.create,COMMAND,SELF,Resolved delegated,FX36-S02,,[],Blocked,False,Action handler not executed,Missing,Missing from real SQL,Not run,Blocked by runtime module; no positive execution,[],False,No candidate API feature handler in this build; implementation gap
QA-FX36-A003,FX-36,monitoring.monitor.update,COMMAND,SELF,Resolved delegated,FX36-S02,,[],Blocked,False,Action handler not executed,Missing,Missing from real SQL,Not run,Blocked by runtime module; no positive execution,[],False,No candidate API feature handler in this build; implementation gap
QA-FX36-A004,FX-36,monitoring.monitor.pause,COMMAND,SELF,Resolved delegated,FX36-S01,,[],Blocked,False,Action handler not executed,Missing,Missing from real SQL,Not run,Blocked by runtime module; no positive execution,[],False,No candidate API feature handler in this build; implementation gap
QA-FX36-A005,FX-36,monitoring.monitor.resume,COMMAND,SELF,Resolved delegated,FX36-S01,,[],Blocked,False,Action handler not executed,Missing,Missing from real SQL,Not run,Blocked by runtime module; no positive execution,[],False,No candidate API feature handler in this build; implementation gap
QA-FX36-A006,FX-36,monitoring.monitor.remove,COMMAND,SELF,Resolved delegated,FX36-S01,,[],Blocked,False,Action handler not executed,Missing,Missing from real SQL,Not run,Blocked by runtime module; no positive execution,[],False,No candidate API feature handler in this build; implementation gap
QA-FX36-A007,FX-36,monitoring.monitor.check,COMMAND,SELF,Paused,FX36-S03,,[],Blocked,False,Action handler not executed,Missing,Missing from real SQL,Not run,Blocked by runtime module; no positive execution,[],False,No candidate API feature handler in this build; implementation gap
QA-FX36-A008,FX-36,monitoring.observation.read,QUERY,SELF,Resolved delegated,FX36-S03,,[],Blocked,False,Action handler not executed,Missing,Missing from real SQL,Not run,Blocked by runtime module; no positive execution,[],False,No candidate API feature handler in this build; implementation gap
QA-FX36-A009,FX-36,monitoring.incident.read,QUERY,SELF,Resolved delegated,FX36-S03,,[],Blocked,False,Action handler not executed,Missing,Missing from real SQL,Not run,Blocked by runtime module; no positive execution,[],False,No candidate API feature handler in this build; implementation gap
QA-FX36-A010,FX-36,monitoring.probe.run,WORKER,SYSTEM,Paused,,,[],Blocked,False,Action handler not executed,Missing,Missing from real SQL,Not run,Blocked by runtime module; no positive execution,[],False,No candidate API feature handler in this build; implementation gap
QA-FX36-A011,FX-36,monitoring.job.read,QUERY,ADMIN,Resolved delegated,FX36-S04;FX36-S05,,[],Blocked,False,Action handler not executed,Missing,Missing from real SQL,Not run,Blocked by runtime module; no positive execution,[],False,No candidate API feature handler in this build; implementation gap
QA-FX36-A012,FX-36,monitoring.job.retry,COMMAND,ADMIN,Resolved delegated,FX36-S05,,[],Blocked,False,Action handler not executed,Missing,Missing from real SQL,Not run,Blocked by runtime module; no positive execution,[],False,No candidate API feature handler in this build; implementation gap
QA-FX36-A013,FX-36,monitoring.job.cancel,COMMAND,ADMIN,Resolved delegated,FX36-S05,,[],Blocked,False,Action handler not executed,Missing,Missing from real SQL,Not run,Blocked by runtime module; no positive execution,[],False,No candidate API feature handler in this build; implementation gap
QA-FX37-A001,FX-37,assets.asset.read,QUERY,SELF,Resolved delegated,FX37-S01;FX37-S03,,[],Blocked,False,Action handler not executed,Missing,Missing from real SQL,Not run,Blocked by runtime module; no positive execution,[],False,No candidate API feature handler in this build; implementation gap
QA-FX37-A002,FX-37,assets.asset.create,COMMAND,SELF,Resolved delegated,FX37-S01;FX37-S02,,[],Blocked,False,Action handler not executed,Missing,Missing from real SQL,Not run,Blocked by runtime module; no positive execution,[],False,No candidate API feature handler in this build; implementation gap
QA-FX37-A003,FX-37,assets.asset.update,COMMAND,SELF,Resolved delegated,FX37-S02,,[],Blocked,False,Action handler not executed,Missing,Missing from real SQL,Not run,Blocked by runtime module; no positive execution,[],False,No candidate API feature handler in this build; implementation gap
QA-FX37-A004,FX-37,assets.asset.transition,COMMAND,SELF,Resolved delegated,FX37-S03,,[],Blocked,False,Action handler not executed,Missing,Missing from real SQL,Not run,Blocked by runtime module; no positive execution,[],False,No candidate API feature handler in this build; implementation gap
QA-FX37-A005,FX-37,assets.asset.archive,COMMAND,SELF,Resolved delegated,FX37-S01,,[],Blocked,False,Action handler not executed,Missing,Missing from real SQL,Not run,Blocked by runtime module; no positive execution,[],False,No candidate API feature handler in this build; implementation gap
QA-FX37-A006,FX-37,assets.asset.unarchive,COMMAND,SELF,Resolved delegated,FX37-S01,,[],Blocked,False,Action handler not executed,Missing,Missing from real SQL,Not run,Blocked by runtime module; no positive execution,[],False,No candidate API feature handler in this build; implementation gap
QA-FX37-A007,FX-37,assets.asset.trash,COMMAND,SELF,Resolved delegated,FX37-S06,,[],Blocked,False,Action handler not executed,Missing,Missing from real SQL,Not run,Blocked by runtime module; no positive execution,[],False,No candidate API feature handler in this build; implementation gap
QA-FX37-A008,FX-37,assets.asset.restore,COMMAND,SELF,Resolved delegated,FX37-S06,,[],Blocked,False,Action handler not executed,Missing,Missing from real SQL,Not run,Blocked by runtime module; no positive execution,[],False,No candidate API feature handler in this build; implementation gap
QA-FX37-A009,FX-37,assets.asset.purge,COMMAND,SELF,Resolved delegated,FX37-S06,,[],Blocked,False,Action handler not executed,Missing,Missing from real SQL,Not run,Blocked by runtime module; no positive execution,[],False,No candidate API feature handler in this build; implementation gap
QA-FX37-A010,FX-37,assets.asset.history,QUERY,SELF,Resolved delegated,FX37-S06,,[],Blocked,False,Action handler not executed,Missing,Missing from real SQL,Not run,Blocked by runtime module; no positive execution,[],False,No candidate API feature handler in this build; implementation gap
QA-FX37-A011,FX-37,assets.serial.reveal,COMMAND,SELF,Resolved delegated,FX37-S03,,[],Blocked,False,Action handler not executed,Missing,Missing from real SQL,Not run,Blocked by runtime module; no positive execution,[],False,No candidate API feature handler in this build; implementation gap
QA-FX37-A012,FX-37,assets.serial.copy,COMMAND,SELF,Resolved delegated,FX37-S03,,[],Blocked,False,Action handler not executed,Missing,Missing from real SQL,Not run,Blocked by runtime module; no positive execution,[],False,No candidate API feature handler in this build; implementation gap
QA-FX37-A013,FX-37,assets.purchase.update,COMMAND,SELF,Resolved delegated,FX37-S02,,[],Blocked,False,Action handler not executed,Missing,Missing from real SQL,Not run,Blocked by runtime module; no positive execution,[],False,No candidate API feature handler in this build; implementation gap
QA-FX37-A014,FX-37,assets.warranty.update,COMMAND,SELF,Resolved delegated,FX37-S04,,[],Blocked,False,Action handler not executed,Missing,Missing from real SQL,Not run,Blocked by runtime module; no positive execution,[],False,No candidate API feature handler in this build; implementation gap
QA-FX37-A015,FX-37,assets.warranty.set_reminder,COMMAND,SELF,Resolved delegated,FX37-S04,,[],Blocked,False,Action handler not executed,Missing,Missing from real SQL,Not run,Blocked by runtime module; no positive execution,[],False,No candidate API feature handler in this build; implementation gap
QA-FX37-A016,FX-37,assets.repair.read,QUERY,SELF,Resolved delegated,FX37-S04,,[],Blocked,False,Action handler not executed,Missing,Missing from real SQL,Not run,Blocked by runtime module; no positive execution,[],False,No candidate API feature handler in this build; implementation gap
QA-FX37-A017,FX-37,assets.repair.create,COMMAND,SELF,Resolved delegated,FX37-S04,,[],Blocked,False,Action handler not executed,Missing,Missing from real SQL,Not run,Blocked by runtime module; no positive execution,[],False,No candidate API feature handler in this build; implementation gap
QA-FX37-A018,FX-37,assets.repair.update,COMMAND,SELF,Resolved delegated,FX37-S04,,[],Blocked,False,Action handler not executed,Missing,Missing from real SQL,Not run,Blocked by runtime module; no positive execution,[],False,No candidate API feature handler in this build; implementation gap
QA-FX37-A019,FX-37,assets.repair.remove,COMMAND,SELF,Resolved delegated,FX37-S04,,[],Blocked,False,Action handler not executed,Missing,Missing from real SQL,Not run,Blocked by runtime module; no positive execution,[],False,No candidate API feature handler in this build; implementation gap
QA-FX37-A020,FX-37,assets.component.read,QUERY,SELF,Resolved delegated,FX37-S05,,[],Blocked,False,Action handler not executed,Missing,Missing from real SQL,Not run,Blocked by runtime module; no positive execution,[],False,No candidate API feature handler in this build; implementation gap
QA-FX37-A021,FX-37,assets.component.create,COMMAND,SELF,Resolved delegated,FX37-S05,,[],Blocked,False,Action handler not executed,Missing,Missing from real SQL,Not run,Blocked by runtime module; no positive execution,[],False,No candidate API feature handler in this build; implementation gap
QA-FX37-A022,FX-37,assets.component.update,COMMAND,SELF,Resolved delegated,FX37-S05,,[],Blocked,False,Action handler not executed,Missing,Missing from real SQL,Not run,Blocked by runtime module; no positive execution,[],False,No candidate API feature handler in this build; implementation gap
QA-FX37-A023,FX-37,assets.component.remove,COMMAND,SELF,Resolved delegated,FX37-S05,,[],Blocked,False,Action handler not executed,Missing,Missing from real SQL,Not run,Blocked by runtime module; no positive execution,[],False,No candidate API feature handler in this build; implementation gap
QA-FX37-A024,FX-37,assets.accessory.link,COMMAND,SELF,Resolved delegated,FX37-S05,,[],Blocked,False,Action handler not executed,Missing,Missing from real SQL,Not run,Blocked by runtime module; no positive execution,[],False,No candidate API feature handler in this build; implementation gap
QA-FX37-A025,FX-37,assets.accessory.unlink,COMMAND,SELF,Resolved delegated,FX37-S05,,[],Blocked,False,Action handler not executed,Missing,Missing from real SQL,Not run,Blocked by runtime module; no positive execution,[],False,No candidate API feature handler in this build; implementation gap
QA-FX37-A026,FX-37,assets.loan.lend,COMMAND,SELF,Resolved delegated,FX37-S03,,[],Blocked,False,Action handler not executed,Missing,Missing from real SQL,Not run,Blocked by runtime module; no positive execution,[],False,No candidate API feature handler in this build; implementation gap
QA-FX37-A027,FX-37,assets.loan.return,COMMAND,SELF,Resolved delegated,FX37-S03,,[],Blocked,False,Action handler not executed,Missing,Missing from real SQL,Not run,Blocked by runtime module; no positive execution,[],False,No candidate API feature handler in this build; implementation gap
QA-FX37-A028,FX-37,assets.asset.share,COMPOSITE,SELF,Blocked,FX37-S03,,[],Blocked,False,Action handler not executed,Missing,Missing from real SQL,Not run,Blocked by runtime module; no positive execution,[],False,No candidate API feature handler in this build; implementation gap
QA-FX38-A001,FX-38,digital.asset.read,QUERY,SELF,Resolved delegated,FX38-S01;FX38-S03,,[],Blocked,False,Action handler not executed,Missing,Missing from real SQL,Not run,Blocked by runtime module; no positive execution,[],False,No candidate API feature handler in this build; implementation gap
QA-FX38-A002,FX-38,digital.asset.create,COMMAND,SELF,Resolved delegated,FX38-S02,,[],Blocked,False,Action handler not executed,Missing,Missing from real SQL,Not run,Blocked by runtime module; no positive execution,[],False,No candidate API feature handler in this build; implementation gap
QA-FX38-A003,FX-38,digital.asset.update,COMMAND,SELF,Resolved delegated,FX38-S02,,[],Blocked,False,Action handler not executed,Missing,Missing from real SQL,Not run,Blocked by runtime module; no positive execution,[],False,No candidate API feature handler in this build; implementation gap
QA-FX38-A004,FX-38,digital.asset.cancel,COMMAND,SELF,Resolved delegated,FX38-S03,,[],Blocked,False,Action handler not executed,Missing,Missing from real SQL,Not run,Blocked by runtime module; no positive execution,[],False,No candidate API feature handler in this build; implementation gap
QA-FX38-A005,FX-38,digital.asset.archive,COMMAND,SELF,Resolved delegated,FX38-S01,,[],Blocked,False,Action handler not executed,Missing,Missing from real SQL,Not run,Blocked by runtime module; no positive execution,[],False,No candidate API feature handler in this build; implementation gap
QA-FX38-A006,FX-38,digital.asset.unarchive,COMMAND,SELF,Resolved delegated,FX38-S01,,[],Blocked,False,Action handler not executed,Missing,Missing from real SQL,Not run,Blocked by runtime module; no positive execution,[],False,No candidate API feature handler in this build; implementation gap
QA-FX38-A007,FX-38,digital.asset.trash,COMMAND,SELF,Resolved delegated,FX38-S01,,[],Blocked,False,Action handler not executed,Missing,Missing from real SQL,Not run,Blocked by runtime module; no positive execution,[],False,No candidate API feature handler in this build; implementation gap
QA-FX38-A008,FX-38,digital.asset.restore,COMMAND,SELF,Resolved delegated,FX38-S01,,[],Blocked,False,Action handler not executed,Missing,Missing from real SQL,Not run,Blocked by runtime module; no positive execution,[],False,No candidate API feature handler in this build; implementation gap
QA-FX38-A009,FX-38,digital.asset.purge,COMMAND,SELF,Resolved delegated,FX38-S01,,[],Blocked,False,Action handler not executed,Missing,Missing from real SQL,Not run,Blocked by runtime module; no positive execution,[],False,No candidate API feature handler in this build; implementation gap
QA-FX38-A010,FX-38,digital.asset.history,QUERY,SELF,Resolved delegated,FX38-S04,,[],Blocked,False,Action handler not executed,Missing,Missing from real SQL,Not run,Blocked by runtime module; no positive execution,[],False,No candidate API feature handler in this build; implementation gap
QA-FX38-A011,FX-38,digital.renewal.record,COMMAND,SELF,Resolved delegated,FX38-S04,,[],Blocked,False,Action handler not executed,Missing,Missing from real SQL,Not run,Blocked by runtime module; no positive execution,[],False,No candidate API feature handler in this build; implementation gap
QA-FX38-A012,FX-38,digital.credential.reference,COMMAND,SELF,Blocked,FX38-S02,,[],Blocked,False,Action handler not executed,Missing,Missing from real SQL,Not run,Blocked by runtime module; no positive execution,[],False,No candidate API feature handler in this build; implementation gap
QA-FX38-A013,FX-38,digital.observation.inspect,COMMAND,SELF,Blocked,FX38-S03,,[],Blocked,False,Action handler not executed,Missing,Missing from real SQL,Not run,Blocked by runtime module; no positive execution,[],False,No candidate API feature handler in this build; implementation gap
QA-FX38-A014,FX-38,digital.certificate.parse,LOCAL,SELF,Resolved delegated,FX38-S02,,[],Blocked,False,Action handler not executed,Missing,Missing from real SQL,Not run,Blocked by runtime module; no positive execution,[],False,No candidate API feature handler in this build; implementation gap
QA-FX38-A015,FX-38,digital.asset.set_reminder,COMMAND,SELF,Resolved delegated,FX38-S03,,[],Blocked,False,Action handler not executed,Missing,Missing from real SQL,Not run,Blocked by runtime module; no positive execution,[],False,No candidate API feature handler in this build; implementation gap
QA-FX38-A016,FX-38,digital.asset.share,COMPOSITE,SELF,Blocked,FX38-S03,,[],Blocked,False,Action handler not executed,Missing,Missing from real SQL,Not run,Blocked by runtime module; no positive execution,[],False,No candidate API feature handler in this build; implementation gap
QA-FX39-A001,FX-39,career.job.read,QUERY,SELF,Resolved delegated,FX39-S01,,[],Blocked,False,Action handler not executed,Missing,Missing from real SQL,Not run,Blocked by runtime module; no positive execution,[],False,No candidate API feature handler in this build; implementation gap
QA-FX39-A002,FX-39,career.job.create,COMMAND,SELF,Resolved delegated,FX39-S02,,[],Blocked,False,Action handler not executed,Missing,Missing from real SQL,Not run,Blocked by runtime module; no positive execution,[],False,No candidate API feature handler in this build; implementation gap
QA-FX39-A003,FX-39,career.job.update,COMMAND,SELF,Resolved delegated,FX39-S02,,[],Blocked,False,Action handler not executed,Missing,Missing from real SQL,Not run,Blocked by runtime module; no positive execution,[],False,No candidate API feature handler in this build; implementation gap
QA-FX39-A004,FX-39,career.job.transition,COMMAND,SELF,Resolved delegated,FX39-S01,,[],Blocked,False,Action handler not executed,Missing,Missing from real SQL,Not run,Blocked by runtime module; no positive execution,[],False,No candidate API feature handler in this build; implementation gap
QA-FX39-A005,FX-39,career.job.trash,COMMAND,SELF,Resolved delegated,FX39-S01,,[],Blocked,False,Action handler not executed,Missing,Missing from real SQL,Not run,Blocked by runtime module; no positive execution,[],False,No candidate API feature handler in this build; implementation gap
QA-FX39-A006,FX-39,career.job.restore,COMMAND,SELF,Resolved delegated,FX39-S01,,[],Blocked,False,Action handler not executed,Missing,Missing from real SQL,Not run,Blocked by runtime module; no positive execution,[],False,No candidate API feature handler in this build; implementation gap
QA-FX39-A007,FX-39,career.job.purge,COMMAND,SELF,Resolved delegated,FX39-S01,,[],Blocked,False,Action handler not executed,Missing,Missing from real SQL,Not run,Blocked by runtime module; no positive execution,[],False,No candidate API feature handler in this build; implementation gap
QA-FX39-A008,FX-39,career.job.history,QUERY,SELF,Resolved delegated,FX39-S07,,[],Blocked,False,Action handler not executed,Missing,Missing from real SQL,Not run,Blocked by runtime module; no positive execution,[],False,No candidate API feature handler in this build; implementation gap
QA-FX39-A009,FX-39,career.company.read,QUERY,SELF,Resolved delegated,FX39-S03,,[],Blocked,False,Action handler not executed,Missing,Missing from real SQL,Not run,Blocked by runtime module; no positive execution,[],False,No candidate API feature handler in this build; implementation gap
QA-FX39-A010,FX-39,career.company.create,COMMAND,SELF,Resolved delegated,FX39-S03,,[],Blocked,False,Action handler not executed,Missing,Missing from real SQL,Not run,Blocked by runtime module; no positive execution,[],False,No candidate API feature handler in this build; implementation gap
QA-FX39-A011,FX-39,career.company.update,COMMAND,SELF,Resolved delegated,FX39-S03,,[],Blocked,False,Action handler not executed,Missing,Missing from real SQL,Not run,Blocked by runtime module; no positive execution,[],False,No candidate API feature handler in this build; implementation gap
QA-FX39-A012,FX-39,career.company.merge,COMMAND,SELF,Resolved delegated,FX39-S03,,[],Blocked,False,Action handler not executed,Missing,Missing from real SQL,Not run,Blocked by runtime module; no positive execution,[],False,No candidate API feature handler in this build; implementation gap
QA-FX39-A013,FX-39,career.interview.read,QUERY,SELF,Superseded,FX39-S04,,[],Blocked,False,Action handler not executed,Missing,Missing from real SQL,Excluded-retired,Excluded-retired,[],False,No candidate API feature handler in this build; implementation gap
QA-FX39-A014,FX-39,career.interview.create,COMMAND,SELF,Superseded,FX39-S04,,[],Blocked,False,Action handler not executed,Missing,Missing from real SQL,Excluded-retired,Excluded-retired,[],False,No candidate API feature handler in this build; implementation gap
QA-FX39-A015,FX-39,career.interview.update,COMMAND,SELF,Superseded,FX39-S04,,[],Blocked,False,Action handler not executed,Missing,Missing from real SQL,Excluded-retired,Excluded-retired,[],False,No candidate API feature handler in this build; implementation gap
QA-FX39-A016,FX-39,career.interview.complete,COMMAND,SELF,Superseded,FX39-S04,,[],Blocked,False,Action handler not executed,Missing,Missing from real SQL,Excluded-retired,Excluded-retired,[],False,No candidate API feature handler in this build; implementation gap
QA-FX39-A017,FX-39,career.interview.cancel,COMMAND,SELF,Superseded,FX39-S04,,[],Blocked,False,Action handler not executed,Missing,Missing from real SQL,Excluded-retired,Excluded-retired,[],False,No candidate API feature handler in this build; implementation gap
QA-FX39-A018,FX-39,career.interview.link_calendar,COMPOSITE,SELF,Superseded,FX39-S04,,[],Blocked,False,Action handler not executed,Missing,Missing from real SQL,Excluded-retired,Excluded-retired,[],False,No candidate API feature handler in this build; implementation gap
QA-FX39-A019,FX-39,career.resume.read,QUERY,SELF,Resolved delegated,FX39-S05,,[],Blocked,False,Action handler not executed,Missing,Missing from real SQL,Not run,Blocked by runtime module; no positive execution,[],False,No candidate API feature handler in this build; implementation gap
QA-FX39-A020,FX-39,career.resume.create,COMMAND,SELF,Resolved delegated,FX39-S05,,[],Blocked,False,Action handler not executed,Missing,Missing from real SQL,Not run,Blocked by runtime module; no positive execution,[],False,No candidate API feature handler in this build; implementation gap
QA-FX39-A021,FX-39,career.resume.update,COMMAND,SELF,Resolved delegated,FX39-S05,,[],Blocked,False,Action handler not executed,Missing,Missing from real SQL,Not run,Blocked by runtime module; no positive execution,[],False,No candidate API feature handler in this build; implementation gap
QA-FX39-A022,FX-39,career.resume.upload_version,COMMAND,SELF,Resolved delegated,FX39-S05,,[],Blocked,False,Action handler not executed,Missing,Missing from real SQL,Not run,Blocked by runtime module; no positive execution,[],False,No candidate API feature handler in this build; implementation gap
QA-FX39-A023,FX-39,career.resume.select_document,COMMAND,SELF,Resolved delegated,FX39-S05,,[],Blocked,False,Action handler not executed,Missing,Missing from real SQL,Not run,Blocked by runtime module; no positive execution,[],False,No candidate API feature handler in this build; implementation gap
QA-FX39-A024,FX-39,career.resume.download,COMMAND,SELF,Resolved delegated,FX39-S06,,[],Blocked,False,Action handler not executed,Missing,Missing from real SQL,Not run,Blocked by runtime module; no positive execution,[],False,No candidate API feature handler in this build; implementation gap
QA-FX39-A025,FX-39,career.resume.archive,COMMAND,SELF,Resolved delegated,FX39-S05,,[],Blocked,False,Action handler not executed,Missing,Missing from real SQL,Not run,Blocked by runtime module; no positive execution,[],False,No candidate API feature handler in this build; implementation gap
QA-FX39-A026,FX-39,career.resume.unarchive,COMMAND,SELF,Resolved delegated,FX39-S05,,[],Blocked,False,Action handler not executed,Missing,Missing from real SQL,Not run,Blocked by runtime module; no positive execution,[],False,No candidate API feature handler in this build; implementation gap
QA-FX39-A027,FX-39,career.resume.trash,COMMAND,SELF,Resolved delegated,FX39-S05,,[],Blocked,False,Action handler not executed,Missing,Missing from real SQL,Not run,Blocked by runtime module; no positive execution,[],False,No candidate API feature handler in this build; implementation gap
QA-FX39-A028,FX-39,career.resume.restore,COMMAND,SELF,Resolved delegated,FX39-S05,,[],Blocked,False,Action handler not executed,Missing,Missing from real SQL,Not run,Blocked by runtime module; no positive execution,[],False,No candidate API feature handler in this build; implementation gap
QA-FX39-A029,FX-39,career.resume.purge,COMMAND,SELF,Resolved delegated,FX39-S05,,[],Blocked,False,Action handler not executed,Missing,Missing from real SQL,Not run,Blocked by runtime module; no positive execution,[],False,No candidate API feature handler in this build; implementation gap
QA-FX39-A030,FX-39,career.resume.history,QUERY,SELF,Resolved delegated,FX39-S07,,[],Blocked,False,Action handler not executed,Missing,Missing from real SQL,Not run,Blocked by runtime module; no positive execution,[],False,No candidate API feature handler in this build; implementation gap
QA-FX39-A031,FX-39,career.resume.share,COMPOSITE,SELF,Resolved delegated,FX39-S06,,[],Blocked,False,Action handler not executed,Missing,Missing from real SQL,Not run,Blocked by runtime module; no positive execution,[],False,No candidate API feature handler in this build; implementation gap
QA-FX39-A032,FX-39,career.application.attach_resume,COMMAND,SELF,Resolved delegated,FX39-S02,,[],Blocked,False,Action handler not executed,Missing,Missing from real SQL,Not run,Blocked by runtime module; no positive execution,[],False,No candidate API feature handler in this build; implementation gap
QA-FX39-A033,FX-39,career.resume.convert,COMMAND,SELF,Resolved delegated,FX39-S06,,[],Blocked,False,Action handler not executed,Missing,Missing from real SQL,Not run,Blocked by runtime module; no positive execution,[],False,No candidate API feature handler in this build; implementation gap
QA-FX40-A001,FX-40,learning.skill.read,QUERY,SELF,Resolved delegated,FX40-S02,,[],Blocked,False,Action handler not executed,Missing,Missing from real SQL,Not run,Blocked by runtime module; no positive execution,[],False,No candidate API feature handler in this build; implementation gap
QA-FX40-A002,FX-40,learning.skill.create,COMMAND,SELF,Resolved delegated,FX40-S02,,[],Blocked,False,Action handler not executed,Missing,Missing from real SQL,Not run,Blocked by runtime module; no positive execution,[],False,No candidate API feature handler in this build; implementation gap
QA-FX40-A003,FX-40,learning.skill.update,COMMAND,SELF,Resolved delegated,FX40-S02,,[],Blocked,False,Action handler not executed,Missing,Missing from real SQL,Not run,Blocked by runtime module; no positive execution,[],False,No candidate API feature handler in this build; implementation gap
QA-FX40-A004,FX-40,learning.skill.proficiency,COMMAND,SELF,Resolved delegated,FX40-S02,,[],Blocked,False,Action handler not executed,Missing,Missing from real SQL,Not run,Blocked by runtime module; no positive execution,[],False,No candidate API feature handler in this build; implementation gap
QA-FX40-A005,FX-40,learning.skill.evidence,COMMAND,SELF,Resolved delegated,FX40-S02,,[],Blocked,False,Action handler not executed,Missing,Missing from real SQL,Not run,Blocked by runtime module; no positive execution,[],False,No candidate API feature handler in this build; implementation gap
QA-FX40-A006,FX-40,learning.skill.merge,COMMAND,SELF,Resolved delegated,FX40-S02,,[],Blocked,False,Action handler not executed,Missing,Missing from real SQL,Not run,Blocked by runtime module; no positive execution,[],False,No candidate API feature handler in this build; implementation gap
QA-FX40-A007,FX-40,learning.skill.archive,COMMAND,SELF,Resolved delegated,FX40-S02,,[],Blocked,False,Action handler not executed,Missing,Missing from real SQL,Not run,Blocked by runtime module; no positive execution,[],False,No candidate API feature handler in this build; implementation gap
QA-FX40-A008,FX-40,learning.skill.unarchive,COMMAND,SELF,Resolved delegated,FX40-S02,,[],Blocked,False,Action handler not executed,Missing,Missing from real SQL,Not run,Blocked by runtime module; no positive execution,[],False,No candidate API feature handler in this build; implementation gap
QA-FX40-A009,FX-40,learning.skill.trash,COMMAND,SELF,Resolved delegated,FX40-S02,,[],Blocked,False,Action handler not executed,Missing,Missing from real SQL,Not run,Blocked by runtime module; no positive execution,[],False,No candidate API feature handler in this build; implementation gap
QA-FX40-A010,FX-40,learning.skill.restore,COMMAND,SELF,Resolved delegated,FX40-S02,,[],Blocked,False,Action handler not executed,Missing,Missing from real SQL,Not run,Blocked by runtime module; no positive execution,[],False,No candidate API feature handler in this build; implementation gap
QA-FX40-A011,FX-40,learning.skill.purge,COMMAND,SELF,Resolved delegated,FX40-S02,,[],Blocked,False,Action handler not executed,Missing,Missing from real SQL,Not run,Blocked by runtime module; no positive execution,[],False,No candidate API feature handler in this build; implementation gap
QA-FX40-A012,FX-40,learning.course.read,QUERY,SELF,Resolved delegated,FX40-S03,,[],Blocked,False,Action handler not executed,Missing,Missing from real SQL,Not run,Blocked by runtime module; no positive execution,[],False,No candidate API feature handler in this build; implementation gap
QA-FX40-A013,FX-40,learning.course.create,COMMAND,SELF,Resolved delegated,FX40-S03,,[],Blocked,False,Action handler not executed,Missing,Missing from real SQL,Not run,Blocked by runtime module; no positive execution,[],False,No candidate API feature handler in this build; implementation gap
QA-FX40-A014,FX-40,learning.course.update,COMMAND,SELF,Resolved delegated,FX40-S03,,[],Blocked,False,Action handler not executed,Missing,Missing from real SQL,Not run,Blocked by runtime module; no positive execution,[],False,No candidate API feature handler in this build; implementation gap
QA-FX40-A015,FX-40,learning.course.progress,COMMAND,SELF,Resolved delegated,FX40-S03,,[],Blocked,False,Action handler not executed,Missing,Missing from real SQL,Not run,Blocked by runtime module; no positive execution,[],False,No candidate API feature handler in this build; implementation gap
QA-FX40-A016,FX-40,learning.course.milestone,COMMAND,SELF,Resolved delegated,FX40-S03,,[],Blocked,False,Action handler not executed,Missing,Missing from real SQL,Not run,Blocked by runtime module; no positive execution,[],False,No candidate API feature handler in this build; implementation gap
QA-FX40-A017,FX-40,learning.course.complete,COMMAND,SELF,Resolved delegated,FX40-S03,,[],Blocked,False,Action handler not executed,Missing,Missing from real SQL,Not run,Blocked by runtime module; no positive execution,[],False,No candidate API feature handler in this build; implementation gap
QA-FX40-A018,FX-40,learning.course.abandon,COMMAND,SELF,Resolved delegated,FX40-S03,,[],Blocked,False,Action handler not executed,Missing,Missing from real SQL,Not run,Blocked by runtime module; no positive execution,[],False,No candidate API feature handler in this build; implementation gap
QA-FX40-A019,FX-40,learning.course.archive,COMMAND,SELF,Resolved delegated,FX40-S03,,[],Blocked,False,Action handler not executed,Missing,Missing from real SQL,Not run,Blocked by runtime module; no positive execution,[],False,No candidate API feature handler in this build; implementation gap
QA-FX40-A020,FX-40,learning.course.unarchive,COMMAND,SELF,Resolved delegated,FX40-S03,,[],Blocked,False,Action handler not executed,Missing,Missing from real SQL,Not run,Blocked by runtime module; no positive execution,[],False,No candidate API feature handler in this build; implementation gap
QA-FX40-A021,FX-40,learning.course.trash,COMMAND,SELF,Resolved delegated,FX40-S03,,[],Blocked,False,Action handler not executed,Missing,Missing from real SQL,Not run,Blocked by runtime module; no positive execution,[],False,No candidate API feature handler in this build; implementation gap
QA-FX40-A022,FX-40,learning.course.restore,COMMAND,SELF,Resolved delegated,FX40-S03,,[],Blocked,False,Action handler not executed,Missing,Missing from real SQL,Not run,Blocked by runtime module; no positive execution,[],False,No candidate API feature handler in this build; implementation gap
QA-FX40-A023,FX-40,learning.course.purge,COMMAND,SELF,Resolved delegated,FX40-S03,,[],Blocked,False,Action handler not executed,Missing,Missing from real SQL,Not run,Blocked by runtime module; no positive execution,[],False,No candidate API feature handler in this build; implementation gap
QA-FX40-A024,FX-40,learning.certification.read,QUERY,SELF,Resolved delegated,FX40-S04,,[],Blocked,False,Action handler not executed,Missing,Missing from real SQL,Not run,Blocked by runtime module; no positive execution,[],False,No candidate API feature handler in this build; implementation gap
QA-FX40-A025,FX-40,learning.certification.create,COMMAND,SELF,Resolved delegated,FX40-S04,,[],Blocked,False,Action handler not executed,Missing,Missing from real SQL,Not run,Blocked by runtime module; no positive execution,[],False,No candidate API feature handler in this build; implementation gap
QA-FX40-A026,FX-40,learning.certification.update,COMMAND,SELF,Resolved delegated,FX40-S04,,[],Blocked,False,Action handler not executed,Missing,Missing from real SQL,Not run,Blocked by runtime module; no positive execution,[],False,No candidate API feature handler in this build; implementation gap
QA-FX40-A027,FX-40,learning.certification.renew,COMMAND,SELF,Resolved delegated,FX40-S04,,[],Blocked,False,Action handler not executed,Missing,Missing from real SQL,Not run,Blocked by runtime module; no positive execution,[],False,No candidate API feature handler in this build; implementation gap
QA-FX40-A028,FX-40,learning.certification.evidence,COMMAND,SELF,Resolved delegated,FX40-S04,,[],Blocked,False,Action handler not executed,Missing,Missing from real SQL,Not run,Blocked by runtime module; no positive execution,[],False,No candidate API feature handler in this build; implementation gap
QA-FX40-A029,FX-40,learning.certification.set_reminder,COMMAND,SELF,Resolved delegated,FX40-S04,,[],Blocked,False,Action handler not executed,Missing,Missing from real SQL,Not run,Blocked by runtime module; no positive execution,[],False,No candidate API feature handler in this build; implementation gap
QA-FX40-A030,FX-40,learning.certification.share,COMPOSITE,SELF,Blocked,FX40-S04,,[],Blocked,False,Action handler not executed,Missing,Missing from real SQL,Not run,Blocked by runtime module; no positive execution,[],False,No candidate API feature handler in this build; implementation gap
QA-FX40-A031,FX-40,learning.plan.read,QUERY,SELF,Resolved delegated,FX40-S05,,[],Blocked,False,Action handler not executed,Missing,Missing from real SQL,Not run,Blocked by runtime module; no positive execution,[],False,No candidate API feature handler in this build; implementation gap
QA-FX40-A032,FX-40,learning.plan.create,COMMAND,SELF,Resolved delegated,FX40-S05,,[],Blocked,False,Action handler not executed,Missing,Missing from real SQL,Not run,Blocked by runtime module; no positive execution,[],False,No candidate API feature handler in this build; implementation gap
QA-FX40-A033,FX-40,learning.plan.update,COMMAND,SELF,Resolved delegated,FX40-S05,,[],Blocked,False,Action handler not executed,Missing,Missing from real SQL,Not run,Blocked by runtime module; no positive execution,[],False,No candidate API feature handler in this build; implementation gap
QA-FX40-A034,FX-40,learning.plan.link,COMMAND,SELF,Resolved delegated,FX40-S05,,[],Blocked,False,Action handler not executed,Missing,Missing from real SQL,Not run,Blocked by runtime module; no positive execution,[],False,No candidate API feature handler in this build; implementation gap
QA-FX40-A035,FX-40,learning.plan.unlink,COMMAND,SELF,Resolved delegated,FX40-S05,,[],Blocked,False,Action handler not executed,Missing,Missing from real SQL,Not run,Blocked by runtime module; no positive execution,[],False,No candidate API feature handler in this build; implementation gap
QA-FX40-A036,FX-40,learning.plan.reorder,COMMAND,SELF,Resolved delegated,FX40-S05,,[],Blocked,False,Action handler not executed,Missing,Missing from real SQL,Not run,Blocked by runtime module; no positive execution,[],False,No candidate API feature handler in this build; implementation gap
QA-FX40-A037,FX-40,learning.plan.complete,COMMAND,SELF,Resolved delegated,FX40-S05,,[],Blocked,False,Action handler not executed,Missing,Missing from real SQL,Not run,Blocked by runtime module; no positive execution,[],False,No candidate API feature handler in this build; implementation gap
QA-FX40-A038,FX-40,learning.plan.archive,COMMAND,SELF,Resolved delegated,FX40-S05,,[],Blocked,False,Action handler not executed,Missing,Missing from real SQL,Not run,Blocked by runtime module; no positive execution,[],False,No candidate API feature handler in this build; implementation gap
QA-FX40-A039,FX-40,learning.plan.unarchive,COMMAND,SELF,Resolved delegated,FX40-S05,,[],Blocked,False,Action handler not executed,Missing,Missing from real SQL,Not run,Blocked by runtime module; no positive execution,[],False,No candidate API feature handler in this build; implementation gap
QA-FX40-A040,FX-40,learning.plan.trash,COMMAND,SELF,Resolved delegated,FX40-S05,,[],Blocked,False,Action handler not executed,Missing,Missing from real SQL,Not run,Blocked by runtime module; no positive execution,[],False,No candidate API feature handler in this build; implementation gap
QA-FX40-A041,FX-40,learning.plan.restore,COMMAND,SELF,Resolved delegated,FX40-S05,,[],Blocked,False,Action handler not executed,Missing,Missing from real SQL,Not run,Blocked by runtime module; no positive execution,[],False,No candidate API feature handler in this build; implementation gap
QA-FX40-A042,FX-40,learning.plan.purge,COMMAND,SELF,Resolved delegated,FX40-S05,,[],Blocked,False,Action handler not executed,Missing,Missing from real SQL,Not run,Blocked by runtime module; no positive execution,[],False,No candidate API feature handler in this build; implementation gap
QA-FX40-A043,FX-40,learning.worklog.read,QUERY,SELF,Resolved delegated,FX40-S06,,[],Blocked,False,Action handler not executed,Missing,Missing from real SQL,Not run,Blocked by runtime module; no positive execution,[],False,No candidate API feature handler in this build; implementation gap
QA-FX40-A044,FX-40,learning.worklog.create,COMMAND,SELF,Resolved delegated,FX40-S06,,[],Blocked,False,Action handler not executed,Missing,Missing from real SQL,Not run,Blocked by runtime module; no positive execution,[],False,No candidate API feature handler in this build; implementation gap
QA-FX40-A045,FX-40,learning.worklog.update,COMMAND,SELF,Resolved delegated,FX40-S06,,[],Blocked,False,Action handler not executed,Missing,Missing from real SQL,Not run,Blocked by runtime module; no positive execution,[],False,No candidate API feature handler in this build; implementation gap
QA-FX40-A046,FX-40,learning.worklog.link_time,COMMAND,SELF,Resolved delegated,FX40-S06,,[],Blocked,False,Action handler not executed,Missing,Missing from real SQL,Not run,Blocked by runtime module; no positive execution,[],False,No candidate API feature handler in this build; implementation gap
QA-FX40-A047,FX-40,learning.worklog.archive,COMMAND,SELF,Resolved delegated,FX40-S06,,[],Blocked,False,Action handler not executed,Missing,Missing from real SQL,Not run,Blocked by runtime module; no positive execution,[],False,No candidate API feature handler in this build; implementation gap
QA-FX40-A048,FX-40,learning.worklog.unarchive,COMMAND,SELF,Resolved delegated,FX40-S06,,[],Blocked,False,Action handler not executed,Missing,Missing from real SQL,Not run,Blocked by runtime module; no positive execution,[],False,No candidate API feature handler in this build; implementation gap
QA-FX40-A049,FX-40,learning.worklog.trash,COMMAND,SELF,Resolved delegated,FX40-S06,,[],Blocked,False,Action handler not executed,Missing,Missing from real SQL,Not run,Blocked by runtime module; no positive execution,[],False,No candidate API feature handler in this build; implementation gap
QA-FX40-A050,FX-40,learning.worklog.restore,COMMAND,SELF,Resolved delegated,FX40-S06,,[],Blocked,False,Action handler not executed,Missing,Missing from real SQL,Not run,Blocked by runtime module; no positive execution,[],False,No candidate API feature handler in this build; implementation gap
QA-FX40-A051,FX-40,learning.worklog.purge,COMMAND,SELF,Resolved delegated,FX40-S06,,[],Blocked,False,Action handler not executed,Missing,Missing from real SQL,Not run,Blocked by runtime module; no positive execution,[],False,No candidate API feature handler in this build; implementation gap
QA-FX40-A052,FX-40,learning.report.read,QUERY,SELF,Resolved delegated,FX40-S01,,[],Blocked,False,Action handler not executed,Missing,Missing from real SQL,Not run,Blocked by runtime module; no positive execution,[],False,No candidate API feature handler in this build; implementation gap
QA-FX07-A014,FX-07,files.support.read,QUERY,SUPPORT,Resolved delegated,FX05-S03;FX05-S05,Files,[],Blocked,False,Action handler not executed,Resolved,Present in real SQL,Not run,Blocked by runtime module; no positive execution,[],False,
QA-FX11-A013,FX-11,projects.support.read,QUERY,SUPPORT,Resolved delegated,FX05-S03;FX05-S05,Productivity,[],Ready,True,Action handler not executed,Missing,Missing from real SQL,Not run,Not run,[],False,
QA-FX12-A018,FX-12,tasks.support.read,QUERY,SUPPORT,Resolved delegated,FX05-S03;FX05-S05,Productivity,[],Ready,True,Action handler not executed,Missing,Missing from real SQL,Not run,Not run,[],False,
QA-FX13-A013,FX-13,calendar.support.read,QUERY,SUPPORT,Resolved delegated,FX05-S03;FX05-S05,Productivity,[],Ready,True,Action handler not executed,Missing,Missing from real SQL,Not run,Not run,[],False,
QA-FX15-A007,FX-15,planner.support.read,QUERY,SUPPORT,Resolved delegated,FX05-S03;FX05-S05,Planner,[],Ready,True,Action handler not executed,Missing,Missing from real SQL,Not run,Not run,[],False,
QA-FX16-A020,FX-16,goals.support.read,QUERY,SUPPORT,Resolved delegated,FX05-S03;FX05-S05,Goals,[],Ready,True,Action handler not executed,Missing,Missing from real SQL,Not run,Not run,[],False,
QA-FX17-A016,FX-17,habits.support.read,QUERY,SUPPORT,Resolved delegated,FX05-S03;FX05-S05,Habits,[],Ready,True,Action handler not executed,Missing,Missing from real SQL,Not run,Not run,[],False,
QA-FX18-A013,FX-18,time.support.read,QUERY,SUPPORT,Resolved delegated,FX05-S03;FX05-S05,,[],Blocked,False,Action handler not executed,Missing,Missing from real SQL,Not run,Blocked by runtime module; no positive execution,[],False,No candidate API feature handler in this build; implementation gap
QA-FX19-A009,FX-19,focus.support.read,QUERY,SUPPORT,Resolved delegated,FX05-S03;FX05-S05,,[],Blocked,False,Action handler not executed,Missing,Missing from real SQL,Not run,Blocked by runtime module; no positive execution,[],False,No candidate API feature handler in this build; implementation gap
QA-FX20-A025,FX-20,documents.support.read,QUERY,SUPPORT,Resolved delegated,FX05-S03;FX05-S05,Documents,[],Ready,True,Action handler not executed,Missing,Missing from real SQL,Not run,Not run,[],False,
QA-FX21-A012,FX-21,bookmarks.support.read,QUERY,SUPPORT,Resolved delegated,FX05-S03;FX05-S05,Bookmarks,[],Ready,True,Action handler not executed,Missing,Missing from real SQL,Not run,Not run,[],False,
QA-FX22-A014,FX-22,snippets.support.read,QUERY,SUPPORT,Resolved delegated,FX05-S03;FX05-S05,Snippets,[],Ready,True,Action handler not executed,Missing,Missing from real SQL,Not run,Not run,[],False,
QA-FX23-A007,FX-23,reading.support.read,QUERY,SUPPORT,Resolved delegated,FX05-S03;FX05-S05,Reading,[],Ready,True,Action handler not executed,Missing,Missing from real SQL,Not run,Not run,[],False,
QA-FX24-A022,FX-24,organization.support.read,QUERY,SUPPORT,Resolved delegated,FX05-S03;FX05-S05,Organization,[],Ready,True,Action handler not executed,Missing,Missing from real SQL,Not run,Not run,[],False,
QA-FX27-A045,FX-27,finance.support.read,QUERY,SUPPORT,Blocked,FX05-S03;FX05-S05,Finance,[],Ready,True,Action handler not executed,Missing,Missing from real SQL,Not run,Not run,[],False,
QA-FX28-A022,FX-28,vault.support.read,QUERY,SUPPORT,Blocked,FX05-S03;FX05-S05,,[],Blocked,False,Action handler not executed,Missing,Missing from real SQL,Not run,Blocked by runtime module; no positive execution,[],False,No candidate API feature handler in this build; implementation gap
QA-FX29-A028,FX-29,news.support.read,QUERY,SUPPORT,Resolved delegated,FX05-S03;FX05-S05,,[],Blocked,False,Action handler not executed,Missing,Missing from real SQL,Not run,Blocked by runtime module; no positive execution,[],False,No candidate API feature handler in this build; implementation gap
QA-FX30-A018,FX-30,prices.support.read,QUERY,SUPPORT,Paused,FX05-S03;FX05-S05,,[],Paused,False,Action handler not executed,Missing,Missing from real SQL,Not run,Blocked by runtime module; no positive execution,[],False,No candidate API feature handler in this build; implementation gap
QA-FX31-A034,FX-31,shopping.support.read,QUERY,SUPPORT,Resolved delegated,FX05-S03;FX05-S05,,[],Blocked,False,Action handler not executed,Missing,Missing from real SQL,Not run,Blocked by runtime module; no positive execution,[],False,No candidate API feature handler in this build; implementation gap
QA-FX32-A033,FX-32,toolbox.support.read,QUERY,SUPPORT,Resolved delegated,FX05-S03;FX05-S05,DeveloperTools,[],Ready,True,Action handler not executed,Missing,Missing from real SQL,Not run,Not run,[],False,
QA-FX33-A017,FX-33,github.support.read,QUERY,SUPPORT,Resolved delegated,FX05-S03;FX05-S05,,[],Blocked,False,Action handler not executed,Missing,Missing from real SQL,Not run,Blocked by runtime module; no positive execution,[],False,No candidate API feature handler in this build; implementation gap
QA-FX34-A020,FX-34,automation.support.read,QUERY,SUPPORT,Paused,FX05-S03;FX05-S05,,[],Paused,False,Action handler not executed,Missing,Missing from real SQL,Not run,Blocked by runtime module; no positive execution,[],False,No candidate API feature handler in this build; implementation gap
QA-FX35-A021,FX-35,integrations.support.read,QUERY,SUPPORT,Paused,FX05-S03;FX05-S05,,[],Paused,False,Action handler not executed,Missing,Missing from real SQL,Not run,Blocked by runtime module; no positive execution,[],False,No candidate API feature handler in this build; implementation gap
QA-FX36-A014,FX-36,monitoring.support.read,QUERY,SUPPORT,Resolved delegated,FX05-S03;FX05-S05,,[],Blocked,False,Action handler not executed,Missing,Missing from real SQL,Not run,Blocked by runtime module; no positive execution,[],False,No candidate API feature handler in this build; implementation gap
QA-FX37-A029,FX-37,assets.support.read,QUERY,SUPPORT,Blocked,FX05-S03;FX05-S05,,[],Blocked,False,Action handler not executed,Missing,Missing from real SQL,Not run,Blocked by runtime module; no positive execution,[],False,No candidate API feature handler in this build; implementation gap
QA-FX38-A017,FX-38,digital.support.read,QUERY,SUPPORT,Blocked,FX05-S03;FX05-S05,,[],Blocked,False,Action handler not executed,Missing,Missing from real SQL,Not run,Blocked by runtime module; no positive execution,[],False,No candidate API feature handler in this build; implementation gap
QA-FX39-A034,FX-39,career.support.read,QUERY,SUPPORT,Blocked,FX05-S03;FX05-S05,,[],Blocked,False,Action handler not executed,Missing,Missing from real SQL,Not run,Blocked by runtime module; no positive execution,[],False,No candidate API feature handler in this build; implementation gap
QA-FX40-A053,FX-40,learning.support.read,QUERY,SUPPORT,Blocked,FX05-S03;FX05-S05,,[],Blocked,False,Action handler not executed,Missing,Missing from real SQL,Not run,Blocked by runtime module; no positive execution,[],False,No candidate API feature handler in this build; implementation gap
QA-FX16-A021,FX-16,goals.goal.history,QUERY,SELF,Resolved delegated,FX16-S03,Goals,[],Ready,True,Action handler not executed,Missing,Missing from real SQL,Not run,Not run,[],False,
QA-FX16-A022,FX-16,goals.target.record_progress,COMMAND,SELF,SLICE_IMPLEMENTED (local),FX16-S03;FX16-S04,Goals,"[""src/Nexora.Infrastructure/Goals/SqlGoalService.cs""]",Ready,True,Action handler not executed,Resolved,Present in real SQL,Partial coverage,Partial coverage,"[""FN-014""]",False,
QA-FX24-A023,FX-24,organization.collection.share,COMPOSITE,SELF,Blocked,FX24-S03,Organization,[],Ready,True,Action handler not executed,Missing,Missing from real SQL,Not run,Not run,[],False,
QA-FX31-A035,FX-31,shopping.order.link_finance,COMPOSITE,SELF,Blocked,FX31-S04,,[],Blocked,False,Action handler not executed,Missing,Missing from real SQL,Not run,Blocked by runtime module; no positive execution,[],False,No candidate API feature handler in this build; implementation gap
QA-FX31-A036,FX-31,shopping.order.share,COMPOSITE,SELF,Blocked,FX31-S04,,[],Blocked,False,Action handler not executed,Missing,Missing from real SQL,Not run,Blocked by runtime module; no positive execution,[],False,No candidate API feature handler in this build; implementation gap
QA-FX20-A026,FX-20,documents.format.import,COMPOSITE,SELF,Resolved delegated,FX20-S04;FX20-S05,Documents,[],Ready,True,Action handler not executed,Missing,Missing from real SQL,Not run,Not run,[],False,
QA-FX20-A027,FX-20,documents.format.export,COMPOSITE,SELF,Resolved delegated,FX20-S04;FX20-S05,Documents,[],Ready,True,Action handler not executed,Missing,Missing from real SQL,Not run,Not run,[],False,
QA-FX40-A054,FX-40,learning.certification.archive,COMMAND,SELF,Resolved delegated,FX40-S04,,[],Blocked,False,Action handler not executed,Missing,Missing from real SQL,Not run,Blocked by runtime module; no positive execution,[],False,No candidate API feature handler in this build; implementation gap
QA-FX40-A055,FX-40,learning.certification.unarchive,COMMAND,SELF,Resolved delegated,FX40-S04,,[],Blocked,False,Action handler not executed,Missing,Missing from real SQL,Not run,Blocked by runtime module; no positive execution,[],False,No candidate API feature handler in this build; implementation gap
QA-FX40-A056,FX-40,learning.certification.trash,COMMAND,SELF,Resolved delegated,FX40-S04,,[],Blocked,False,Action handler not executed,Missing,Missing from real SQL,Not run,Blocked by runtime module; no positive execution,[],False,No candidate API feature handler in this build; implementation gap
QA-FX40-A057,FX-40,learning.certification.restore,COMMAND,SELF,Resolved delegated,FX40-S04,,[],Blocked,False,Action handler not executed,Missing,Missing from real SQL,Not run,Blocked by runtime module; no positive execution,[],False,No candidate API feature handler in this build; implementation gap
QA-FX40-A058,FX-40,learning.certification.purge,COMMAND,SELF,Resolved delegated,FX40-S04,,[],Blocked,False,Action handler not executed,Missing,Missing from real SQL,Not run,Blocked by runtime module; no positive execution,[],False,No candidate API feature handler in this build; implementation gap
QA-FX01-A019,FX-01,identity.account.soft_delete,COMMAND,CONTROL,Resolved delegated,FX01-S06,Identity,"[""src/Nexora.Infrastructure/Identity/SqlIdentityService.cs""]",Ready,True,Action handler not executed,Missing,Missing from real SQL,Not run,Not run,[],False,
QA-FX28-A023,FX-28,vault.recovery.request,COMMAND,CONTROL,Resolved delegated,FX28-S07,,[],Blocked,False,Action handler not executed,Missing,Missing from real SQL,Not run,Blocked by runtime module; no positive execution,[],False,No candidate API feature handler in this build; implementation gap
QA-FX28-A024,FX-28,vault.recovery.read,QUERY,CONTROL,Resolved delegated,FX28-S07,,[],Blocked,False,Action handler not executed,Missing,Missing from real SQL,Not run,Blocked by runtime module; no positive execution,[],False,No candidate API feature handler in this build; implementation gap
QA-FX28-A025,FX-28,vault.recovery.review,QUERY,SUPER,Resolved delegated,FX28-S08,,[],Blocked,False,Action handler not executed,Missing,Missing from real SQL,Not run,Blocked by runtime module; no positive execution,[],False,No candidate API feature handler in this build; implementation gap
QA-FX28-A026,FX-28,vault.recovery.authorize,COMMAND,SUPER,Resolved delegated,FX28-S08,,[],Blocked,False,Action handler not executed,Missing,Missing from real SQL,Not run,Blocked by runtime module; no positive execution,[],False,No candidate API feature handler in this build; implementation gap
QA-FX28-A027,FX-28,vault.recovery.reject,COMMAND,SUPER,Resolved delegated,FX28-S08,,[],Blocked,False,Action handler not executed,Missing,Missing from real SQL,Not run,Blocked by runtime module; no positive execution,[],False,No candidate API feature handler in this build; implementation gap
QA-FX28-A028,FX-28,vault.recovery.execute,WORKER,SYSTEM,Resolved delegated,,,[],Blocked,False,Action handler not executed,Missing,Missing from real SQL,Not run,Blocked by runtime module; no positive execution,[],False,No candidate API feature handler in this build; implementation gap
QA-FX27-A046,FX-27,finance.manual_category.read,QUERY,SELF,Resolved delegated,FX27-S15,Finance,"[""src/Nexora.Infrastructure/Finance/SqlFinanceService.cs""]",Ready,True,Action handler not executed,Resolved,Present in real SQL,Partial coverage,Partial coverage,"[""FN-009""]",False,
QA-FX27-A047,FX-27,finance.manual_category.create,COMMAND,SELF,Resolved delegated,FX27-S15,Finance,"[""src/Nexora.Infrastructure/Finance/SqlFinanceService.cs""]",Ready,True,Action handler not executed,Resolved,Present in real SQL,Partial coverage,Partial coverage,"[""FN-009""]",False,
QA-FX27-A048,FX-27,finance.manual_category.update,COMMAND,SELF,Resolved delegated,FX27-S15,Finance,"[""src/Nexora.Infrastructure/Finance/SqlFinanceService.cs""]",Ready,True,Action handler not executed,Resolved,Present in real SQL,Not run,Not run,[],False,
QA-FX27-A049,FX-27,finance.manual_category.remove,COMMAND,SELF,Resolved delegated,FX27-S15,Finance,"[""src/Nexora.Infrastructure/Finance/SqlFinanceService.cs""]",Ready,True,Action handler not executed,Resolved,Present in real SQL,Partial coverage,Partial coverage,"[""FN-009""]",False,
QA-FX27-A050,FX-27,finance.manual_record.read,QUERY,SELF,Resolved delegated,FX27-S13,Finance,"[""src/Nexora.Infrastructure/Finance/SqlFinanceService.cs""]",Ready,True,Action handler not executed,Resolved,Present in real SQL,Partial coverage,Partial coverage,"[""FN-009""]",False,
QA-FX27-A051,FX-27,finance.manual_record.create,COMMAND,SELF,Resolved delegated,FX27-S14,Finance,"[""src/Nexora.Infrastructure/Finance/SqlFinanceService.cs""]",Ready,True,Action handler not executed,Resolved,Present in real SQL,Partial coverage,Partial coverage,"[""FN-009""]",False,
QA-FX27-A052,FX-27,finance.manual_record.update,COMMAND,SELF,Resolved delegated,FX27-S14,Finance,"[""src/Nexora.Infrastructure/Finance/SqlFinanceService.cs""]",Ready,True,Action handler not executed,Resolved,Present in real SQL,Partial coverage,Partial coverage,"[""FN-009""]",False,
QA-FX27-A053,FX-27,finance.manual_summary.read,QUERY,SELF,Resolved delegated,FX27-S13,Finance,"[""src/Nexora.Infrastructure/Finance/SqlFinanceService.cs""]",Ready,True,Action handler not executed,Resolved,Present in real SQL,Not run,Not run,[],False,
QA-FX39-A035,FX-39,career.appointment.read,QUERY,SELF,Resolved delegated,FX39-S04,,[],Blocked,False,Action handler not executed,Missing,Missing from real SQL,Not run,Blocked by runtime module; no positive execution,[],False,No candidate API feature handler in this build; implementation gap
QA-FX39-A036,FX-39,career.appointment.create_event,COMPOSITE,SELF,Resolved delegated,FX39-S04,,[],Blocked,False,Action handler not executed,Missing,Missing from real SQL,Not run,Blocked by runtime module; no positive execution,[],False,No candidate API feature handler in this build; implementation gap
QA-FX39-A037,FX-39,career.appointment.link_event,COMPOSITE,SELF,Resolved delegated,FX39-S04,,[],Blocked,False,Action handler not executed,Missing,Missing from real SQL,Not run,Blocked by runtime module; no positive execution,[],False,No candidate API feature handler in this build; implementation gap
QA-FX39-A038,FX-39,career.appointment.unlink_event,COMMAND,SELF,Resolved delegated,FX39-S04,,[],Blocked,False,Action handler not executed,Missing,Missing from real SQL,Not run,Blocked by runtime module; no positive execution,[],False,No candidate API feature handler in this build; implementation gap
