module,action,kind,context,catalogStatus,catalogGate,catalogCurrentScope,requires,screens,disposition,effectiveGate,handlerCandidateFiles,installedBinding,focusedEvidence,fullActionAccepted,note
FX-04,sharing.link.read,QUERY,SELF,Resolved delegated,DEC-20260907-Q03; sensitive projection gates still apply,true,,FX04-S01;FX04-S02,InstalledSubsetWithFocusedEvidence,InstalledLocalSubsetOnly,src/Nexora.Infrastructure\Sharing\SqlSharingService.cs,sharing-authority-policy-repair-contract.md; SqlSharingService/source-owned Project/Document projection; migrations0043/0044,sharing-repair-evidence.md; sharing-repair-browser-evidence.json; sharing-repair-source-hashes.json,False,"Bounded authority/policy/projection repair only. Owner list real paging, creation disclosure preview, full owner update/copy/lost-ACK workflows remain incomplete; no full action acceptance."
FX-04,sharing.link.create,COMMAND,SELF,Resolved delegated,DEC-20260907-Q03; sensitive projection gates still apply,true,,FX04-S01,InstalledSubsetWithFocusedEvidence,InstalledLocalSubsetOnly,src/Nexora.Infrastructure\Sharing\SqlSharingService.cs,sharing-authority-policy-repair-contract.md; SqlSharingService/source-owned Project/Document projection; migrations0043/0044,sharing-repair-evidence.md; sharing-repair-browser-evidence.json; sharing-repair-source-hashes.json,False,"Bounded authority/policy/projection repair only. Owner list real paging, creation disclosure preview, full owner update/copy/lost-ACK workflows remain incomplete; no full action acceptance."
FX-04,sharing.link.update,COMMAND,SELF,Resolved delegated,DEC-20260907-Q03; sensitive projection gates still apply,true,,FX04-S01,InstalledSubsetWithFocusedEvidence,InstalledLocalSubsetOnly,src/Nexora.Infrastructure\Sharing\SqlSharingService.cs,sharing-authority-policy-repair-contract.md; SqlSharingService/source-owned Project/Document projection; migrations0043/0044,sharing-repair-evidence.md; sharing-repair-browser-evidence.json; sharing-repair-source-hashes.json,False,"Bounded authority/policy/projection repair only. Owner list real paging, creation disclosure preview, full owner update/copy/lost-ACK workflows remain incomplete; no full action acceptance."
FX-04,sharing.link.revoke,COMMAND,SELF,Resolved delegated,DEC-20260907-Q03; sensitive projection gates still apply,true,,FX04-S02,InstalledSubsetWithFocusedEvidence,InstalledLocalSubsetOnly,src/Nexora.Infrastructure\Sharing\SqlSharingService.cs,sharing-authority-policy-repair-contract.md; SqlSharingService/source-owned Project/Document projection; migrations0043/0044,sharing-repair-evidence.md; sharing-repair-browser-evidence.json; sharing-repair-source-hashes.json,False,"Bounded authority/policy/projection repair only. Owner list real paging, creation disclosure preview, full owner update/copy/lost-ACK workflows remain incomplete; no full action acceptance."
FX-04,sharing.link.resolve,QUERY,LINK,Resolved delegated,DEC-20260907-Q03; sensitive projection gates still apply,true,,FX04-S03;FX04-S04,InstalledSubsetWithFocusedEvidence,InstalledLocalSubsetOnly,,sharing-authority-policy-repair-contract.md; SqlSharingService/source-owned Project/Document projection; migrations0043/0044,sharing-repair-evidence.md; sharing-repair-browser-evidence.json; sharing-repair-source-hashes.json,False,"Bounded authority/policy/projection repair only. Owner list real paging, creation disclosure preview, full owner update/copy/lost-ACK workflows remain incomplete; no full action acceptance."
FX-04,sharing.link.copy_created,LOCAL,SELF,Resolved delegated,DEC-20260907-Q03; sensitive projection gates still apply,true,sharing.link.create,FX04-S01,MissingImplementation,ContractPending,,,,False,Current user authorizes local unaffected implementation; concrete slice contracts/source integration and execution evidence remain required.
FX-05,support.consent.read,QUERY,CONTROL,Resolved delegated,Resolved delegated: action contract; source business rules unchanged,true,,FX05-S01;FX05-S02,SourceCandidateReviewPending,ContractPending,src/Nexora.Infrastructure\Support\SqlSupportService.cs,,,False,Current user authorizes local unaffected implementation; concrete slice contracts/source integration and execution evidence remain required.
FX-05,support.consent.grant,COMMAND,CONTROL,Resolved delegated,Resolved delegated: action contract; source business rules unchanged,true,,FX05-S01,SourceCandidateReviewPending,ContractPending,src/Nexora.Infrastructure\Support\SqlSupportService.cs,,,False,Current user authorizes local unaffected implementation; concrete slice contracts/source integration and execution evidence remain required.
FX-05,support.consent.revoke,COMMAND,CONTROL,Resolved delegated,Resolved delegated: action contract; source business rules unchanged,true,,FX05-S02,SourceCandidateReviewPending,ContractPending,src/Nexora.Infrastructure\Support\SqlSupportService.cs,,,False,Current user authorizes local unaffected implementation; concrete slice contracts/source integration and execution evidence remain required.
FX-05,support.session.open,COMMAND,ADMIN,Resolved delegated,Resolved delegated: action contract; source business rules unchanged,true,,FX05-S03,SourceCandidateReviewPending,ContractPending,src/Nexora.Infrastructure\Support\SqlSupportService.cs,,,False,Current user authorizes local unaffected implementation; concrete slice contracts/source integration and execution evidence remain required.
FX-05,support.session.end,COMMAND,CONTROL,Resolved delegated,Resolved delegated: action contract; source business rules unchanged,true,,FX05-S03,SourceCandidateReviewPending,ContractPending,src/Nexora.Infrastructure\Support\SqlSupportService.cs,,,False,Current user authorizes local unaffected implementation; concrete slice contracts/source integration and execution evidence remain required.
FX-05,support.emergency.open,COMMAND,SUPER,Resolved delegated,Confirmed emergency rule; session policy Blocked Q-02,true,,FX05-S04,SourceCandidateReviewPending,ContractPending,src/Nexora.Infrastructure\Support\SqlSupportService.cs,,,False,Current user authorizes local unaffected implementation; concrete slice contracts/source integration and execution evidence remain required.
FX-05,support.emergency.end,COMMAND,CONTROL,Resolved delegated,Resolved delegated: action contract; source business rules unchanged,true,,FX05-S05,MissingImplementation,ContractPending,,,,False,Current user authorizes local unaffected implementation; concrete slice contracts/source integration and execution evidence remain required.
FX-07,files.file.read,QUERY,SELF,Resolved delegated,Resolved delegated: action contract; source business rules unchanged,true,,FX07-S01,InstalledSubsetWithFocusedEvidence,PartialInstalledContract,src/Nexora.Api/Features/Transfer/CalendarImportEndpoints.cs;src/Nexora.Infrastructure/Transfer/SqlCalendarImportService.cs;src/Nexora.Infrastructure/Files/SqlFileService.cs,calendar-ics-import-contract.md;migration0041;/api/v1/transfer/calendar;private Files subset,calendar-ics-evidence.md;calendar-ics-browser-evidence.json;calendar-ics-source-hashes.json,False,"Bounded Calendar ICS importer / Files source subset only. Other formats, exports, complete Files paging/receipt and full story/AC remain open."
FX-07,files.file.upload,COMMAND,SELF,Resolved delegated,Resolved delegated: action contract; source business rules unchanged,true,,FX07-S02,InstalledSubsetWithFocusedEvidence,PartialInstalledContract,src/Nexora.Api/Features/Transfer/CalendarImportEndpoints.cs;src/Nexora.Infrastructure/Transfer/SqlCalendarImportService.cs;src/Nexora.Infrastructure/Files/SqlFileService.cs,calendar-ics-import-contract.md;migration0041;/api/v1/transfer/calendar;private Files subset,calendar-ics-evidence.md;calendar-ics-browser-evidence.json;calendar-ics-source-hashes.json,False,"Bounded Calendar ICS importer / Files source subset only. Other formats, exports, complete Files paging/receipt and full story/AC remain open."
FX-07,files.file.cancel_upload,COMMAND,SELF,Resolved delegated,Resolved delegated: action contract; source business rules unchanged,true,,FX07-S02,SourceCandidateReviewPending,UninstalledSubset,src/Nexora.Infrastructure\Files\SqlFileService.cs,,,False,Historical handler is explicitly unavailable under the all-role Files three-key gate. Exact lifecycle/source/impact contracts and independent/runtime review remain required.
FX-07,files.file.rename,COMMAND,SELF,Resolved delegated,Resolved delegated: action contract; source business rules unchanged,true,,FX07-S01,SourceCandidateReviewPending,UninstalledSubset,src/Nexora.Infrastructure\Files\SqlFileService.cs,,,False,Historical handler is explicitly unavailable under the all-role Files three-key gate. Exact lifecycle/source/impact contracts and independent/runtime review remain required.
FX-07,files.file.replace,COMMAND,SELF,Resolved delegated,Resolved delegated: action contract; source business rules unchanged,true,,FX07-S05,MissingImplementation,ContractPending,,,,False,Current user authorizes local unaffected implementation; concrete slice contracts/source integration and execution evidence remain required.
FX-07,files.file.preview,QUERY,SELF,Resolved delegated,Resolved delegated: action contract; source business rules unchanged,true,,FX07-S03,SourceCandidateReviewPending,UninstalledSubset,src/Nexora.Infrastructure\Files\SqlFileService.cs,,,False,Historical handler is explicitly unavailable under the all-role Files three-key gate. Exact lifecycle/source/impact contracts and independent/runtime review remain required.
FX-07,files.file.download,QUERY,SELF,Resolved delegated,Resolved delegated: action contract; source business rules unchanged,true,,FX07-S03,InstalledSubsetWithFocusedEvidence,PartialInstalledContract,src/Nexora.Api/Features/Transfer/CalendarImportEndpoints.cs;src/Nexora.Infrastructure/Transfer/SqlCalendarImportService.cs;src/Nexora.Infrastructure/Files/SqlFileService.cs,calendar-ics-import-contract.md;migration0041;/api/v1/transfer/calendar;private Files subset,calendar-ics-evidence.md;calendar-ics-browser-evidence.json;calendar-ics-source-hashes.json,False,"Bounded Calendar ICS importer / Files source subset only. Other formats, exports, complete Files paging/receipt and full story/AC remain open."
FX-07,files.reference.attach,COMPOSITE,SELF,Resolved delegated,Resolved delegated: action contract; source business rules unchanged,true,,FX07-S04,SourceCandidateReviewPending,UninstalledSubset,src/Nexora.Infrastructure\Files\SqlFileService.cs,,,False,Historical handler is explicitly unavailable under the all-role Files three-key gate. Exact lifecycle/source/impact contracts and independent/runtime review remain required.
FX-07,files.reference.detach,COMPOSITE,SELF,Resolved delegated,Resolved delegated: action contract; source business rules unchanged,true,,FX07-S05,SourceCandidateReviewPending,UninstalledSubset,src/Nexora.Infrastructure\Files\SqlFileService.cs,,,False,Historical handler is explicitly unavailable under the all-role Files three-key gate. Exact lifecycle/source/impact contracts and independent/runtime review remain required.
FX-07,files.file.trash,COMMAND,SELF,Resolved delegated,Resolved delegated: action contract; source business rules unchanged,true,,FX07-S01,SourceCandidateReviewPending,UninstalledSubset,src/Nexora.Infrastructure\Files\SqlFileService.cs,,,False,Historical handler is explicitly unavailable under the all-role Files three-key gate. Exact lifecycle/source/impact contracts and independent/runtime review remain required.
FX-07,files.file.restore,COMMAND,SELF,Resolved delegated,Resolved delegated: action contract; source business rules unchanged,true,,FX07-S01,SourceCandidateReviewPending,UninstalledSubset,src/Nexora.Infrastructure\Trash\SqlTrashService.cs;src/Nexora.Infrastructure\Files\SqlFileService.cs,,,False,Historical handler is explicitly unavailable under the all-role Files three-key gate. Exact lifecycle/source/impact contracts and independent/runtime review remain required.
FX-07,files.file.purge,COMMAND,SELF,Resolved delegated,Resolved delegated: action contract; source business rules unchanged,true,,FX07-S01,SourceCandidateReviewPending,UninstalledSubset,src/Nexora.Infrastructure\Trash\SqlTrashService.cs;src/Nexora.Infrastructure\Files\SqlFileService.cs,,,False,Historical handler is explicitly unavailable under the all-role Files three-key gate. Exact lifecycle/source/impact contracts and independent/runtime review remain required.
FX-07,files.scan.complete,WORKER,SYSTEM,Resolved delegated,Resolved delegated: action contract; source business rules unchanged,true,,,MissingImplementation,ContractPending,,,,False,Current user authorizes local unaffected implementation; concrete slice contracts/source integration and execution evidence remain required.
FX-10,transfer.import.preview,COMPOSITE,SELF,Resolved delegated,Resolved delegated: action contract; source business rules unchanged,true,,FX10-S01,InstalledSubsetWithFocusedEvidence,PartialInstalledContract,src/Nexora.Api/Features/Transfer/CalendarImportEndpoints.cs;src/Nexora.Infrastructure/Transfer/SqlCalendarImportService.cs;src/Nexora.Infrastructure/Files/SqlFileService.cs,calendar-ics-import-contract.md;migration0041;/api/v1/transfer/calendar;private Files subset,calendar-ics-evidence.md;calendar-ics-browser-evidence.json;calendar-ics-source-hashes.json,False,"Bounded Calendar ICS importer / Files source subset only. Other formats, exports, complete Files paging/receipt and full story/AC remain open."
FX-10,transfer.import.commit,COMPOSITE,SELF,Resolved delegated,Resolved delegated: action contract; source business rules unchanged,true,,FX10-S02,InstalledSubsetWithFocusedEvidence,PartialInstalledContract,src/Nexora.Api/Features/Transfer/CalendarImportEndpoints.cs;src/Nexora.Infrastructure/Transfer/SqlCalendarImportService.cs;src/Nexora.Infrastructure/Files/SqlFileService.cs,calendar-ics-import-contract.md;migration0041;/api/v1/transfer/calendar;private Files subset,calendar-ics-evidence.md;calendar-ics-browser-evidence.json;calendar-ics-source-hashes.json,False,"Bounded Calendar ICS importer / Files source subset only. Other formats, exports, complete Files paging/receipt and full story/AC remain open."
FX-10,transfer.import.read,QUERY,SELF,Resolved delegated,Resolved delegated: action contract; source business rules unchanged,true,,FX10-S04,InstalledSubsetWithFocusedEvidence,PartialInstalledContract,src/Nexora.Api/Features/Transfer/CalendarImportEndpoints.cs;src/Nexora.Infrastructure/Transfer/SqlCalendarImportService.cs;src/Nexora.Infrastructure/Files/SqlFileService.cs,calendar-ics-import-contract.md;migration0041;/api/v1/transfer/calendar;private Files subset,calendar-ics-evidence.md;calendar-ics-browser-evidence.json;calendar-ics-source-hashes.json,False,"Bounded Calendar ICS importer / Files source subset only. Other formats, exports, complete Files paging/receipt and full story/AC remain open."
FX-10,transfer.import.cancel,COMPOSITE,SELF,Resolved delegated,Resolved delegated: action contract; source business rules unchanged,true,,FX10-S02,InstalledSubsetWithFocusedEvidence,PartialInstalledContract,src/Nexora.Api/Features/Transfer/CalendarImportEndpoints.cs;src/Nexora.Infrastructure/Transfer/SqlCalendarImportService.cs;src/Nexora.Infrastructure/Files/SqlFileService.cs,calendar-ics-import-contract.md;migration0041;/api/v1/transfer/calendar;private Files subset,calendar-ics-evidence.md;calendar-ics-browser-evidence.json;calendar-ics-source-hashes.json,False,"Bounded Calendar ICS importer / Files source subset only. Other formats, exports, complete Files paging/receipt and full story/AC remain open."
FX-10,transfer.export.request,COMPOSITE,SELF,Resolved delegated,Resolved delegated: action contract; source business rules unchanged,true,,FX10-S03,InstalledSubsetWithFocusedEvidence,BoundedCalendarIcsOnly,src/Nexora.Infrastructure/Transfer/SqlCalendarExportService.cs,calendar-ics-export-contract.md; CalendarExportEndpoints; SqlCalendarExportService,calendar-ics-export-evidence.md; calendar-ics-export-browser-evidence.json; calendar-ics-export-source-hashes.json,False,Bounded local Calendar ICS Manual/Task only. Other formats/operational backup remain incomplete. Exact source-current authorization and artifact expiry apply; full acceptance false.
FX-10,transfer.export.read,QUERY,SELF,Resolved delegated,Resolved delegated: action contract; source business rules unchanged,true,,FX10-S04,InstalledSubsetWithFocusedEvidence,BoundedCalendarIcsOnly,src/Nexora.Infrastructure/Transfer/SqlCalendarExportService.cs,calendar-ics-export-contract.md; CalendarExportEndpoints; SqlCalendarExportService,calendar-ics-export-evidence.md; calendar-ics-export-browser-evidence.json; calendar-ics-export-source-hashes.json,False,Bounded local Calendar ICS Manual/Task only. Other formats/operational backup remain incomplete. Exact source-current authorization and artifact expiry apply; full acceptance false.
FX-10,transfer.export.download,COMPOSITE,SELF,Resolved delegated,Resolved delegated: action contract; source business rules unchanged,true,,FX10-S04,InstalledSubsetWithFocusedEvidence,BoundedCalendarIcsOnly,src/Nexora.Infrastructure/Transfer/SqlCalendarExportService.cs,calendar-ics-export-contract.md; CalendarExportEndpoints; SqlCalendarExportService,calendar-ics-export-evidence.md; calendar-ics-export-browser-evidence.json; calendar-ics-export-source-hashes.json,False,Bounded local Calendar ICS Manual/Task only. Other formats/operational backup remain incomplete. Exact source-current authorization and artifact expiry apply; full acceptance false.
FX-10,transfer.backup.read,QUERY,ADMIN,Blocked,Blocked Q-08,false,,FX10-S05,MissingImplementation,PRODUCTION_OPS_GATED,,,,False,LocalStable/storage/key/RPO/RTO/restore contracts remain open; no operational backup/restore implementation.
FX-10,transfer.backup.request,COMMAND,SUPER,Blocked,Blocked Q-08; key recovery Q-04,false,,FX10-S05,MissingImplementation,PRODUCTION_OPS_GATED,,,,False,LocalStable/storage/key/RPO/RTO/restore contracts remain open; no operational backup/restore implementation.
FX-10,transfer.restore.preview,COMMAND,SUPER,Blocked,Blocked Q-08; key recovery Q-04,false,,FX10-S05,MissingImplementation,PRODUCTION_OPS_GATED,,,,False,LocalStable/storage/key/RPO/RTO/restore contracts remain open; no operational backup/restore implementation.
FX-10,transfer.restore.request,COMMAND,SUPER,Blocked,Blocked Q-08; key recovery Q-04,false,,FX10-S05,MissingImplementation,PRODUCTION_OPS_GATED,,,,False,LocalStable/storage/key/RPO/RTO/restore contracts remain open; no operational backup/restore implementation.
FX-10,transfer.worker.backup,WORKER,SYSTEM,Blocked,Blocked Q-08/Q-04,false,,,MissingImplementation,PRODUCTION_OPS_GATED,,,,False,LocalStable/storage/key/RPO/RTO/restore contracts remain open; no operational backup/restore implementation.
FX-10,transfer.worker.restore,WORKER,SYSTEM,Blocked,Blocked Q-08/Q-04,false,,,MissingImplementation,PRODUCTION_OPS_GATED,,,,False,LocalStable/storage/key/RPO/RTO/restore contracts remain open; no operational backup/restore implementation.
FX-18,time.timer.read,QUERY,SELF,Resolved delegated,Resolved delegated: action contract; source business rules unchanged,true,,FX18-S01,InstalledSubsetWithFocusedEvidence,ReviewedInstalledSubset,src/Nexora.Infrastructure\TimeTracking\SqlTimeTrackingService.cs,src/Nexora.Infrastructure/TimeTracking/SqlTimeTrackingService.cs,time-query-evidence.md;time-focus-evidence.md,False,"Installed bounded local contract/source/evidence. Semantic fields, dependencies and full-action acceptance remain limited to stated evidence."
FX-18,time.timer.start,COMMAND,SELF,Resolved delegated,Resolved delegated: action contract; source business rules unchanged,true,,FX18-S01,InstalledSubsetWithFocusedEvidence,ReviewedInstalledSubset,src/Nexora.Infrastructure\TimeTracking\SqlTimeTrackingService.cs,src/Nexora.Infrastructure/TimeTracking/SqlTimeTrackingService.cs,time-query-evidence.md;time-focus-evidence.md,False,"Installed bounded local contract/source/evidence. Semantic fields, dependencies and full-action acceptance remain limited to stated evidence."
FX-18,time.timer.stop,COMMAND,SELF,Resolved delegated,Resolved delegated: action contract; source business rules unchanged,true,,FX18-S01,InstalledSubsetWithFocusedEvidence,ReviewedInstalledSubset,src/Nexora.Infrastructure\TimeTracking\SqlTimeTrackingService.cs,src/Nexora.Infrastructure/TimeTracking/SqlTimeTrackingService.cs,time-query-evidence.md;time-focus-evidence.md,False,"Installed bounded local contract/source/evidence. Semantic fields, dependencies and full-action acceptance remain limited to stated evidence."
FX-18,time.timer.resume,COMMAND,SELF,Resolved delegated,Resolved delegated: action contract; source business rules unchanged,true,,FX18-S01,InstalledSubsetWithFocusedEvidence,ReviewedInstalledSubset,src/Nexora.Infrastructure\TimeTracking\SqlTimeTrackingService.cs,src/Nexora.Infrastructure/TimeTracking/SqlTimeTrackingService.cs,time-query-evidence.md;time-focus-evidence.md,False,"Installed bounded local contract/source/evidence. Semantic fields, dependencies and full-action acceptance remain limited to stated evidence."
FX-18,time.entry.read,QUERY,SELF,Resolved delegated,Resolved delegated: action contract; source business rules unchanged,true,,FX18-S02,InstalledSubsetWithFocusedEvidence,ReviewedInstalledSubset,src/Nexora.Infrastructure\TimeTracking\SqlTimeTrackingService.cs,src/Nexora.Infrastructure/TimeTracking/SqlTimeTrackingService.cs,time-query-evidence.md;time-focus-evidence.md,False,"Installed bounded local contract/source/evidence. Semantic fields, dependencies and full-action acceptance remain limited to stated evidence."
FX-18,time.entry.create,COMMAND,SELF,Resolved delegated,Resolved delegated: action contract; source business rules unchanged,true,,FX18-S03,InstalledSubsetWithFocusedEvidence,ReviewedInstalledSubset,src/Nexora.Infrastructure\TimeTracking\SqlTimeTrackingService.cs;src/Nexora.Infrastructure\Focus\SqlFocusService.cs,src/Nexora.Infrastructure/TimeTracking/SqlTimeTrackingService.cs,time-query-evidence.md;time-focus-evidence.md,False,"Installed bounded local contract/source/evidence. Semantic fields, dependencies and full-action acceptance remain limited to stated evidence."
FX-18,time.entry.update,COMMAND,SELF,Resolved delegated,Resolved delegated: action contract; source business rules unchanged,true,,FX18-S03,InstalledSubsetWithFocusedEvidence,ReviewedInstalledSubset,src/Nexora.Infrastructure\TimeTracking\SqlTimeTrackingService.cs,src/Nexora.Infrastructure/TimeTracking/SqlTimeTrackingService.cs,time-query-evidence.md;time-focus-evidence.md,False,"Installed bounded local contract/source/evidence. Semantic fields, dependencies and full-action acceptance remain limited to stated evidence."
FX-18,time.entry.trash,COMMAND,SELF,Resolved delegated,Resolved delegated: action contract; source business rules unchanged,true,,FX18-S02,InstalledSubsetWithFocusedEvidence,ReviewedInstalledSubset,src/Nexora.Infrastructure\TimeTracking\SqlTimeTrackingService.cs,src/Nexora.Infrastructure/TimeTracking/SqlTimeTrackingService.cs,time-query-evidence.md;time-focus-evidence.md,False,"Installed bounded local contract/source/evidence. Semantic fields, dependencies and full-action acceptance remain limited to stated evidence."
FX-18,time.entry.restore,COMMAND,SELF,Resolved delegated,Resolved delegated: action contract; source business rules unchanged,true,,FX18-S02,InstalledSubsetWithFocusedEvidence,ReviewedInstalledSubset,src/Nexora.Infrastructure\TimeTracking\SqlTimeTrackingService.cs,src/Nexora.Infrastructure/TimeTracking/SqlTimeTrackingService.cs,time-query-evidence.md;time-focus-evidence.md,False,"Installed bounded local contract/source/evidence. Semantic fields, dependencies and full-action acceptance remain limited to stated evidence."
FX-18,time.entry.purge,COMMAND,SELF,Resolved delegated,Resolved delegated: action contract; source business rules unchanged,true,,FX18-S02,InstalledSubsetWithFocusedEvidence,ReviewedInstalledSubset,src/Nexora.Infrastructure\TimeTracking\SqlTimeTrackingService.cs,src/Nexora.Infrastructure/TimeTracking/SqlTimeTrackingService.cs,time-query-evidence.md;time-focus-evidence.md,False,"Installed bounded local contract/source/evidence. Semantic fields, dependencies and full-action acceptance remain limited to stated evidence."
FX-18,time.entry.history,QUERY,SELF,Resolved delegated,Resolved delegated: action contract; source business rules unchanged,true,,FX18-S04,InstalledSubsetWithFocusedEvidence,ReviewedInstalledSubset,src/Nexora.Infrastructure\TimeTracking\SqlTimeTrackingService.cs,src/Nexora.Infrastructure/TimeTracking/SqlTimeTrackingService.cs,time-query-evidence.md;time-focus-evidence.md,False,"Installed bounded local contract/source/evidence. Semantic fields, dependencies and full-action acceptance remain limited to stated evidence."
FX-18,time.report.read,QUERY,SELF,Resolved delegated,Resolved delegated: action contract; source business rules unchanged,true,,FX18-S04,InstalledSubsetWithFocusedEvidence,ReviewedInstalledSubset,src/Nexora.Infrastructure\TimeTracking\SqlTimeTrackingService.cs,src/Nexora.Infrastructure/TimeTracking/SqlTimeTrackingService.cs,time-query-evidence.md;time-focus-evidence.md,False,"Installed bounded local contract/source/evidence. Semantic fields, dependencies and full-action acceptance remain limited to stated evidence."
FX-19,focus.session.read,QUERY,SELF,Resolved delegated,Resolved delegated: action contract; source business rules unchanged,true,,FX19-S02;FX19-S04,InstalledSubsetWithFocusedEvidence,ReviewedInstalledSubset,src/Nexora.Infrastructure\Focus\SqlFocusService.cs,src/Nexora.Infrastructure/Focus/SqlFocusService.cs,time-focus-evidence.md,False,"Installed bounded local contract/source/evidence. Semantic fields, dependencies and full-action acceptance remain limited to stated evidence."
FX-19,focus.session.start,COMMAND,SELF,Resolved delegated,Resolved delegated: action contract; source business rules unchanged,true,,FX19-S01;FX19-S03,InstalledSubsetWithFocusedEvidence,ReviewedInstalledSubset,src/Nexora.Infrastructure\Focus\SqlFocusService.cs,src/Nexora.Infrastructure/Focus/SqlFocusService.cs,time-focus-evidence.md,False,"Installed bounded local contract/source/evidence. Semantic fields, dependencies and full-action acceptance remain limited to stated evidence."
FX-19,focus.session.pause,COMMAND,SELF,Resolved delegated,Resolved delegated: action contract; source business rules unchanged,true,,FX19-S02,InstalledSubsetWithFocusedEvidence,ReviewedInstalledSubset,src/Nexora.Infrastructure\Focus\SqlFocusService.cs,src/Nexora.Infrastructure/Focus/SqlFocusService.cs,time-focus-evidence.md,False,"Installed bounded local contract/source/evidence. Semantic fields, dependencies and full-action acceptance remain limited to stated evidence."
FX-19,focus.session.resume,COMMAND,SELF,Resolved delegated,Resolved delegated: action contract; source business rules unchanged,true,,FX19-S02,InstalledSubsetWithFocusedEvidence,ReviewedInstalledSubset,src/Nexora.Infrastructure\Focus\SqlFocusService.cs,src/Nexora.Infrastructure/Focus/SqlFocusService.cs,time-focus-evidence.md,False,"Installed bounded local contract/source/evidence. Semantic fields, dependencies and full-action acceptance remain limited to stated evidence."
FX-19,focus.session.cancel,COMMAND,SELF,Resolved delegated,Resolved delegated: action contract; source business rules unchanged,true,,FX19-S02,InstalledSubsetWithFocusedEvidence,ReviewedInstalledSubset,src/Nexora.Infrastructure\Focus\SqlFocusService.cs,src/Nexora.Infrastructure/Focus/SqlFocusService.cs,time-focus-evidence.md,False,"Installed bounded local contract/source/evidence. Semantic fields, dependencies and full-action acceptance remain limited to stated evidence."
FX-19,focus.preference.update,COMMAND,SELF,Resolved delegated,Resolved delegated: action contract; source business rules unchanged,true,,FX19-S01,InstalledSubsetWithFocusedEvidence,ReviewedInstalledSubset,src/Nexora.Infrastructure\Focus\SqlFocusService.cs,src/Nexora.Infrastructure/Focus/SqlFocusService.cs,time-focus-evidence.md,False,"Installed bounded local contract/source/evidence. Semantic fields, dependencies and full-action acceptance remain limited to stated evidence."
FX-19,focus.session.finish_phase,WORKER,SYSTEM,Resolved delegated,Resolved delegated: action contract; source business rules unchanged,true,,,SourceCandidateReviewPending,ContractPending,src/Nexora.Infrastructure\Focus\SqlFocusService.cs,,,False,Current user authorizes local unaffected implementation; concrete slice contracts/source integration and execution evidence remain required.
FX-19,focus.session.record_time,COMPOSITE,SELF,Resolved delegated,Resolved delegated: action contract; source business rules unchanged,true,time.entry.create,FX19-S03,InstalledSubsetWithFocusedEvidence,ReviewedInstalledSubset,src/Nexora.Infrastructure\Focus\SqlFocusService.cs,src/Nexora.Infrastructure/Focus/SqlFocusService.cs,time-focus-evidence.md,False,"Installed bounded local contract/source/evidence. Semantic fields, dependencies and full-action acceptance remain limited to stated evidence."
FX-28,vault.session.unlock,COMMAND,CONTROL,Resolved delegated,"DEC-20260907-Q04; security ADR-PO-04, runtime proof required",true,,FX28-S01,MissingImplementation,VaultCryptoContractPending,,,,False,"Main DEC-20260909-004 hybrid/no-operator-plaintext policy resolved; crypto/key/package ADR, threat review and recovery rehearsals remain required."
FX-28,vault.session.lock,COMMAND,CONTROL,Resolved delegated,"DEC-20260907-Q04; security ADR-PO-04, runtime proof required",true,,FX28-S01;FX28-S06,MissingImplementation,VaultCryptoContractPending,,,,False,"Main DEC-20260909-004 hybrid/no-operator-plaintext policy resolved; crypto/key/package ADR, threat review and recovery rehearsals remain required."
FX-28,vault.item.read,QUERY,SELF,Resolved delegated,"DEC-20260907-Q04; security ADR-PO-04, runtime proof required",true,,FX28-S01;FX28-S02,MissingImplementation,VaultCryptoContractPending,,,,False,"Main DEC-20260909-004 hybrid/no-operator-plaintext policy resolved; crypto/key/package ADR, threat review and recovery rehearsals remain required."
FX-28,vault.item.create,COMMAND,SELF,Resolved delegated,"DEC-20260907-Q04; security ADR-PO-04, runtime proof required",true,,FX28-S03,MissingImplementation,VaultCryptoContractPending,,,,False,"Main DEC-20260909-004 hybrid/no-operator-plaintext policy resolved; crypto/key/package ADR, threat review and recovery rehearsals remain required."
FX-28,vault.item.update,COMMAND,SELF,Resolved delegated,"DEC-20260907-Q04; security ADR-PO-04, runtime proof required",true,vault.item.read,FX28-S03,MissingImplementation,VaultCryptoContractPending,,,,False,"Main DEC-20260909-004 hybrid/no-operator-plaintext policy resolved; crypto/key/package ADR, threat review and recovery rehearsals remain required."
FX-28,vault.item.reveal,COMMAND,SELF,Resolved delegated,"DEC-20260907-Q04; security ADR-PO-04, runtime proof required",true,,FX28-S02,MissingImplementation,VaultCryptoContractPending,,,,False,"Main DEC-20260909-004 hybrid/no-operator-plaintext policy resolved; crypto/key/package ADR, threat review and recovery rehearsals remain required."
FX-28,vault.item.copy,COMMAND,SELF,Resolved delegated,"DEC-20260907-Q04; security ADR-PO-04, runtime proof required",true,,FX28-S02,MissingImplementation,VaultCryptoContractPending,,,,False,"Main DEC-20260909-004 hybrid/no-operator-plaintext policy resolved; crypto/key/package ADR, threat review and recovery rehearsals remain required."
FX-28,vault.item.trash,COMMAND,SELF,Resolved delegated,"DEC-20260907-Q04; security ADR-PO-04, runtime proof required",true,,FX28-S06,MissingImplementation,VaultCryptoContractPending,,,,False,"Main DEC-20260909-004 hybrid/no-operator-plaintext policy resolved; crypto/key/package ADR, threat review and recovery rehearsals remain required."
FX-28,vault.item.restore,COMMAND,SELF,Superseded,DEC-20260907-Q04: no Vault purge; recovery uses new SuperAdmin-only contracts,false,,FX28-S06,ExcludedRetired,Retired,,,,False,Main superseded key: do not restore.
FX-28,vault.item.purge,COMMAND,SELF,Superseded,DEC-20260907-Q04: no Vault purge; recovery uses new SuperAdmin-only contracts,false,,FX28-S06,ExcludedRetired,Retired,,,,False,Main superseded key: do not restore.
FX-28,vault.item.history,QUERY,SELF,Resolved delegated,"DEC-20260907-Q04; security ADR-PO-04, runtime proof required",true,,FX28-S04,MissingImplementation,VaultCryptoContractPending,,,,False,"Main DEC-20260909-004 hybrid/no-operator-plaintext policy resolved; crypto/key/package ADR, threat review and recovery rehearsals remain required."
FX-28,vault.item.restore_version,COMMAND,SELF,Superseded,DEC-20260907-Q04: no Vault purge; recovery uses new SuperAdmin-only contracts,false,,FX28-S04,ExcludedRetired,Retired,,,,False,Main superseded key: do not restore.
FX-28,vault.folder.read,QUERY,SELF,Resolved delegated,"DEC-20260907-Q04; security ADR-PO-04, runtime proof required",true,,FX28-S01,MissingImplementation,VaultCryptoContractPending,,,,False,"Main DEC-20260909-004 hybrid/no-operator-plaintext policy resolved; crypto/key/package ADR, threat review and recovery rehearsals remain required."
FX-28,vault.folder.create,COMMAND,SELF,Resolved delegated,"DEC-20260907-Q04; security ADR-PO-04, runtime proof required",true,,FX28-S01,MissingImplementation,VaultCryptoContractPending,,,,False,"Main DEC-20260909-004 hybrid/no-operator-plaintext policy resolved; crypto/key/package ADR, threat review and recovery rehearsals remain required."
FX-28,vault.folder.rename,COMMAND,SELF,Resolved delegated,"DEC-20260907-Q04; security ADR-PO-04, runtime proof required",true,,FX28-S01,MissingImplementation,VaultCryptoContractPending,,,,False,"Main DEC-20260909-004 hybrid/no-operator-plaintext policy resolved; crypto/key/package ADR, threat review and recovery rehearsals remain required."
FX-28,vault.folder.remove,COMMAND,SELF,Resolved delegated,"DEC-20260907-Q04; security ADR-PO-04, runtime proof required",true,,FX28-S01,MissingImplementation,VaultCryptoContractPending,,,,False,"Main DEC-20260909-004 hybrid/no-operator-plaintext policy resolved; crypto/key/package ADR, threat review and recovery rehearsals remain required."
FX-28,vault.tag.manage,COMMAND,SELF,Resolved delegated,"DEC-20260907-Q04; security ADR-PO-04, runtime proof required",true,,FX28-S01,MissingImplementation,VaultCryptoContractPending,,,,False,"Main DEC-20260909-004 hybrid/no-operator-plaintext policy resolved; crypto/key/package ADR, threat review and recovery rehearsals remain required."
FX-28,vault.recovery_code.mark_used,COMMAND,SELF,Resolved delegated,"DEC-20260907-Q04; security ADR-PO-04, runtime proof required",true,,FX28-S02,MissingImplementation,VaultCryptoContractPending,,,,False,"Main DEC-20260909-004 hybrid/no-operator-plaintext policy resolved; crypto/key/package ADR, threat review and recovery rehearsals remain required."
FX-28,vault.reference.resolve,WORKER,SYSTEM,Resolved delegated,"DEC-20260907-Q04; security ADR-PO-04, runtime proof required",true,,,MissingImplementation,VaultCryptoContractPending,,,,False,"Main DEC-20260909-004 hybrid/no-operator-plaintext policy resolved; crypto/key/package ADR, threat review and recovery rehearsals remain required."
FX-28,vault.generator.generate,LOCAL,SELF,Resolved delegated,"DEC-20260907-Q04; security ADR-PO-04, runtime proof required",true,,FX28-S05,MissingImplementation,VaultCryptoContractPending,,,,False,"Main DEC-20260909-004 hybrid/no-operator-plaintext policy resolved; crypto/key/package ADR, threat review and recovery rehearsals remain required."
FX-28,vault.generator.copy,LOCAL,SELF,Resolved delegated,"DEC-20260907-Q04; security ADR-PO-04, runtime proof required",true,,FX28-S05,MissingImplementation,VaultCryptoContractPending,,,,False,"Main DEC-20260909-004 hybrid/no-operator-plaintext policy resolved; crypto/key/package ADR, threat review and recovery rehearsals remain required."
FX-29,news.source.read,QUERY,SELF,Resolved delegated,Resolved delegated: action contract; source business rules unchanged,true,,FX29-S01,MissingImplementation,ContractPending,,,,False,Current user authorizes local unaffected implementation; concrete slice contracts/source integration and execution evidence remain required.
FX-29,news.source.follow,COMMAND,SELF,Resolved delegated,Resolved delegated: action contract; source business rules unchanged,true,,FX29-S02,MissingImplementation,ContractPending,,,,False,Current user authorizes local unaffected implementation; concrete slice contracts/source integration and execution evidence remain required.
FX-29,news.source.update,COMMAND,SELF,Resolved delegated,Resolved delegated: action contract; source business rules unchanged,true,,FX29-S02,MissingImplementation,ContractPending,,,,False,Current user authorizes local unaffected implementation; concrete slice contracts/source integration and execution evidence remain required.
FX-29,news.source.pause,COMMAND,SELF,Resolved delegated,Resolved delegated: action contract; source business rules unchanged,true,,FX29-S01,MissingImplementation,ContractPending,,,,False,Current user authorizes local unaffected implementation; concrete slice contracts/source integration and execution evidence remain required.
FX-29,news.source.resume,COMMAND,SELF,Resolved delegated,Resolved delegated: action contract; source business rules unchanged,true,,FX29-S01,MissingImplementation,ContractPending,,,,False,Current user authorizes local unaffected implementation; concrete slice contracts/source integration and execution evidence remain required.
FX-29,news.source.unfollow,COMMAND,SELF,Resolved delegated,Resolved delegated: action contract; source business rules unchanged,true,,FX29-S01,MissingImplementation,ContractPending,,,,False,Current user authorizes local unaffected implementation; concrete slice contracts/source integration and execution evidence remain required.
FX-29,news.source.refresh,COMMAND,SELF,Blocked,DEP-EXT-01: outbound ingestion boundary needs clarification,false,,FX29-S01,MissingImplementation,NETWORK_GUARD_GATED,,,,False,Main DEC-20260909-008 permits named public readonly outbound only after guard/parser/rate/recovery contract and evidence. Monitoring catalog Paused is refined by effective overlay.
FX-29,news.article.read,QUERY,SELF,Resolved delegated,Resolved delegated: action contract; source business rules unchanged,true,,FX29-S03;FX29-S04,MissingImplementation,ContractPending,,,,False,Current user authorizes local unaffected implementation; concrete slice contracts/source integration and execution evidence remain required.
FX-29,news.article.mark_read,COMMAND,SELF,Resolved delegated,Resolved delegated: action contract; source business rules unchanged,true,,FX29-S03,MissingImplementation,ContractPending,,,,False,Current user authorizes local unaffected implementation; concrete slice contracts/source integration and execution evidence remain required.
FX-29,news.article.mark_unread,COMMAND,SELF,Resolved delegated,Resolved delegated: action contract; source business rules unchanged,true,,FX29-S03,MissingImplementation,ContractPending,,,,False,Current user authorizes local unaffected implementation; concrete slice contracts/source integration and execution evidence remain required.
FX-29,news.article.mark_all_read,COMMAND,SELF,Resolved delegated,Resolved delegated: action contract; source business rules unchanged,true,,FX29-S03,MissingImplementation,ContractPending,,,,False,Current user authorizes local unaffected implementation; concrete slice contracts/source integration and execution evidence remain required.
FX-29,news.article.save,COMPOSITE,SELF,Resolved delegated,Resolved delegated: action contract; source business rules unchanged,true,reading.item.save,FX29-S04,MissingImplementation,ContractPending,,,,False,Current user authorizes local unaffected implementation; concrete slice contracts/source integration and execution evidence remain required.
FX-29,news.history.read,QUERY,SELF,Resolved delegated,Resolved delegated: action contract; source business rules unchanged,true,,FX29-S03,MissingImplementation,ContractPending,,,,False,Current user authorizes local unaffected implementation; concrete slice contracts/source integration and execution evidence remain required.
FX-29,news.history.clear,COMMAND,SELF,Resolved delegated,Resolved delegated: action contract; source business rules unchanged,true,,FX29-S03,MissingImplementation,ContractPending,,,,False,Current user authorizes local unaffected implementation; concrete slice contracts/source integration and execution evidence remain required.
FX-29,news.category.read,QUERY,SELF,Resolved delegated,Resolved delegated: action contract; source business rules unchanged,true,,FX29-S01,MissingImplementation,ContractPending,,,,False,Current user authorizes local unaffected implementation; concrete slice contracts/source integration and execution evidence remain required.
FX-29,news.category.create,COMMAND,SELF,Resolved delegated,Resolved delegated: action contract; source business rules unchanged,true,,FX29-S01,MissingImplementation,ContractPending,,,,False,Current user authorizes local unaffected implementation; concrete slice contracts/source integration and execution evidence remain required.
FX-29,news.category.update,COMMAND,SELF,Resolved delegated,Resolved delegated: action contract; source business rules unchanged,true,news.category.read,FX29-S01,MissingImplementation,ContractPending,,,,False,Current user authorizes local unaffected implementation; concrete slice contracts/source integration and execution evidence remain required.
FX-29,news.category.remove,COMMAND,SELF,Resolved delegated,Resolved delegated: action contract; source business rules unchanged,true,,FX29-S01,MissingImplementation,ContractPending,,,,False,Current user authorizes local unaffected implementation; concrete slice contracts/source integration and execution evidence remain required.
FX-29,news.watch.read,QUERY,SELF,Resolved delegated,Resolved delegated: action contract; source business rules unchanged,true,,FX29-S05,MissingImplementation,ContractPending,,,,False,Current user authorizes local unaffected implementation; concrete slice contracts/source integration and execution evidence remain required.
FX-29,news.watch.create,COMMAND,SELF,Resolved delegated,Resolved delegated: action contract; source business rules unchanged,true,,FX29-S05,MissingImplementation,ContractPending,,,,False,Current user authorizes local unaffected implementation; concrete slice contracts/source integration and execution evidence remain required.
FX-29,news.watch.update,COMMAND,SELF,Resolved delegated,Resolved delegated: action contract; source business rules unchanged,true,news.watch.read,FX29-S05,MissingImplementation,ContractPending,,,,False,Current user authorizes local unaffected implementation; concrete slice contracts/source integration and execution evidence remain required.
FX-29,news.watch.enable,COMMAND,SELF,Resolved delegated,Resolved delegated: action contract; source business rules unchanged,true,,FX29-S05,MissingImplementation,ContractPending,,,,False,Current user authorizes local unaffected implementation; concrete slice contracts/source integration and execution evidence remain required.
FX-29,news.watch.disable,COMMAND,SELF,Resolved delegated,Resolved delegated: action contract; source business rules unchanged,true,,FX29-S05,MissingImplementation,ContractPending,,,,False,Current user authorizes local unaffected implementation; concrete slice contracts/source integration and execution evidence remain required.
FX-29,news.watch.delete,COMMAND,SELF,Resolved delegated,Resolved delegated: action contract; source business rules unchanged,true,,FX29-S05,MissingImplementation,ContractPending,,,,False,Current user authorizes local unaffected implementation; concrete slice contracts/source integration and execution evidence remain required.
FX-29,news.match.read,QUERY,SELF,Resolved delegated,Resolved delegated: action contract; source business rules unchanged,true,,FX29-S05,MissingImplementation,ContractPending,,,,False,Current user authorizes local unaffected implementation; concrete slice contracts/source integration and execution evidence remain required.
FX-29,news.worker.fetch,WORKER,SYSTEM,Blocked,DEP-EXT-01: outbound ingestion boundary needs clarification,false,,,MissingImplementation,NETWORK_GUARD_GATED,,,,False,Main DEC-20260909-008 permits named public readonly outbound only after guard/parser/rate/recovery contract and evidence. Monitoring catalog Paused is refined by effective overlay.
FX-29,news.worker.match,WORKER,SYSTEM,Resolved delegated,Local evaluation only; outbound fetch unavailable,true,,,MissingImplementation,ContractPending,,,,False,Current user authorizes local unaffected implementation; concrete slice contracts/source integration and execution evidence remain required.
FX-30,prices.tracker.read,QUERY,SELF,Paused,DEC-20260907-Q06/Q07: Paused by Product Owner,false,,FX30-S01,PreservedPaused,PO_PAUSED,,,,False,Main DEC-20260909-009 and effective overlay: explicit PO resume required; no handler/UI/worker/default enablement.
FX-30,prices.tracker.create,COMMAND,SELF,Paused,DEC-20260907-Q06/Q07: Paused by Product Owner,false,,FX30-S02,PreservedPaused,PO_PAUSED,,,,False,Main DEC-20260909-009 and effective overlay: explicit PO resume required; no handler/UI/worker/default enablement.
FX-30,prices.tracker.update,COMMAND,SELF,Paused,DEC-20260907-Q06/Q07: Paused by Product Owner,false,prices.tracker.read,FX30-S02,PreservedPaused,PO_PAUSED,,,,False,Main DEC-20260909-009 and effective overlay: explicit PO resume required; no handler/UI/worker/default enablement.
FX-30,prices.tracker.pause,COMMAND,SELF,Paused,DEC-20260907-Q06/Q07: Paused by Product Owner,false,,FX30-S01,PreservedPaused,PO_PAUSED,,,,False,Main DEC-20260909-009 and effective overlay: explicit PO resume required; no handler/UI/worker/default enablement.
FX-30,prices.tracker.resume,COMMAND,SELF,Paused,DEC-20260907-Q06/Q07: Paused by Product Owner,false,,FX30-S01,PreservedPaused,PO_PAUSED,,,,False,Main DEC-20260909-009 and effective overlay: explicit PO resume required; no handler/UI/worker/default enablement.
FX-30,prices.tracker.remove,COMMAND,SELF,Paused,DEC-20260907-Q06/Q07: Paused by Product Owner,false,,FX30-S01,PreservedPaused,PO_PAUSED,,,,False,Main DEC-20260909-009 and effective overlay: explicit PO resume required; no handler/UI/worker/default enablement.
FX-30,prices.tracker.refresh,COMMAND,SELF,Paused,DEC-20260907-Q06/Q07: Paused by Product Owner,false,,FX30-S03,PreservedPaused,PO_PAUSED,,,,False,Main DEC-20260909-009 and effective overlay: explicit PO resume required; no handler/UI/worker/default enablement.
FX-30,prices.observation.read,QUERY,SELF,Paused,DEC-20260907-Q06/Q07: Paused by Product Owner,false,,FX30-S03,PreservedPaused,PO_PAUSED,,,,False,Main DEC-20260909-009 and effective overlay: explicit PO resume required; no handler/UI/worker/default enablement.
FX-30,prices.alert.read,QUERY,SELF,Paused,DEC-20260907-Q06/Q07: Paused by Product Owner,false,,FX30-S04,PreservedPaused,PO_PAUSED,,,,False,Main DEC-20260909-009 and effective overlay: explicit PO resume required; no handler/UI/worker/default enablement.
FX-30,prices.alert.create,COMMAND,SELF,Paused,DEC-20260907-Q06/Q07: Paused by Product Owner,false,,FX30-S04,PreservedPaused,PO_PAUSED,,,,False,Main DEC-20260909-009 and effective overlay: explicit PO resume required; no handler/UI/worker/default enablement.
FX-30,prices.alert.update,COMMAND,SELF,Paused,DEC-20260907-Q06/Q07: Paused by Product Owner,false,prices.alert.read,FX30-S04,PreservedPaused,PO_PAUSED,,,,False,Main DEC-20260909-009 and effective overlay: explicit PO resume required; no handler/UI/worker/default enablement.
FX-30,prices.alert.enable,COMMAND,SELF,Paused,DEC-20260907-Q06/Q07: Paused by Product Owner,false,,FX30-S04,PreservedPaused,PO_PAUSED,,,,False,Main DEC-20260909-009 and effective overlay: explicit PO resume required; no handler/UI/worker/default enablement.
FX-30,prices.alert.disable,COMMAND,SELF,Paused,DEC-20260907-Q06/Q07: Paused by Product Owner,false,,FX30-S04,PreservedPaused,PO_PAUSED,,,,False,Main DEC-20260909-009 and effective overlay: explicit PO resume required; no handler/UI/worker/default enablement.
FX-30,prices.alert.remove,COMMAND,SELF,Paused,DEC-20260907-Q06/Q07: Paused by Product Owner,false,,FX30-S04,PreservedPaused,PO_PAUSED,,,,False,Main DEC-20260909-009 and effective overlay: explicit PO resume required; no handler/UI/worker/default enablement.
FX-30,prices.delivery.read,QUERY,SELF,Paused,DEC-20260907-Q06/Q07: Paused by Product Owner,false,,FX30-S05,PreservedPaused,PO_PAUSED,,,,False,Main DEC-20260909-009 and effective overlay: explicit PO resume required; no handler/UI/worker/default enablement.
FX-30,prices.worker.fetch,WORKER,SYSTEM,Paused,DEC-20260907-Q06/Q07: Paused by Product Owner,false,,,PreservedPaused,PO_PAUSED,,,,False,Main DEC-20260909-009 and effective overlay: explicit PO resume required; no handler/UI/worker/default enablement.
FX-30,prices.worker.evaluate,WORKER,SYSTEM,Paused,DEC-20260907-Q06/Q07: Paused by Product Owner,false,,,PreservedPaused,PO_PAUSED,,,,False,Main DEC-20260909-009 and effective overlay: explicit PO resume required; no handler/UI/worker/default enablement.
FX-31,shopping.wishlist.read,QUERY,SELF,Resolved delegated,Resolved delegated: action contract; source business rules unchanged,true,,FX31-S01,InstalledSubsetWithFocusedEvidence,ReviewedInstalledSubset,src/Nexora.Infrastructure\Shopping\SqlWishlistService.cs,src/Nexora.Infrastructure/Shopping/SqlWishlistService.cs,wishlist-evidence.md,False,"Installed bounded local contract/source/evidence. Semantic fields, dependencies and full-action acceptance remain limited to stated evidence."
FX-31,shopping.wishlist.create,COMMAND,SELF,Resolved delegated,Resolved delegated: action contract; source business rules unchanged,true,,FX31-S01,InstalledSubsetWithFocusedEvidence,ReviewedInstalledSubset,src/Nexora.Infrastructure\Shopping\SqlWishlistService.cs,src/Nexora.Infrastructure/Shopping/SqlWishlistService.cs,wishlist-evidence.md,False,"Installed bounded local contract/source/evidence. Semantic fields, dependencies and full-action acceptance remain limited to stated evidence."
FX-31,shopping.wishlist.update,COMMAND,SELF,Resolved delegated,Resolved delegated: action contract; source business rules unchanged,true,shopping.wishlist.read,FX31-S01,InstalledSubsetWithFocusedEvidence,ReviewedInstalledSubset,src/Nexora.Infrastructure\Shopping\SqlWishlistService.cs,src/Nexora.Infrastructure/Shopping/SqlWishlistService.cs,wishlist-evidence.md,False,"Installed bounded local contract/source/evidence. Semantic fields, dependencies and full-action acceptance remain limited to stated evidence."
FX-31,shopping.wishlist.mark_purchased,COMMAND,SELF,Resolved delegated,Resolved delegated: action contract; source business rules unchanged,true,,FX31-S01,InstalledSubsetWithFocusedEvidence,ReviewedInstalledSubset,src/Nexora.Infrastructure\Shopping\SqlWishlistService.cs,src/Nexora.Infrastructure/Shopping/SqlWishlistService.cs,wishlist-evidence.md,False,"Installed bounded local contract/source/evidence. Semantic fields, dependencies and full-action acceptance remain limited to stated evidence."
FX-31,shopping.wishlist.archive,COMMAND,SELF,Resolved delegated,Resolved delegated: action contract; source business rules unchanged,true,,FX31-S01,InstalledSubsetWithFocusedEvidence,ReviewedInstalledSubset,src/Nexora.Infrastructure\Shopping\SqlWishlistService.cs,src/Nexora.Infrastructure/Shopping/SqlWishlistService.cs,wishlist-evidence.md,False,"Installed bounded local contract/source/evidence. Semantic fields, dependencies and full-action acceptance remain limited to stated evidence."
FX-31,shopping.wishlist.unarchive,COMMAND,SELF,Resolved delegated,Resolved delegated: action contract; source business rules unchanged,true,,FX31-S01,InstalledSubsetWithFocusedEvidence,ReviewedInstalledSubset,src/Nexora.Infrastructure\Shopping\SqlWishlistService.cs,src/Nexora.Infrastructure/Shopping/SqlWishlistService.cs,wishlist-evidence.md,False,"Installed bounded local contract/source/evidence. Semantic fields, dependencies and full-action acceptance remain limited to stated evidence."
FX-31,shopping.wishlist.trash,COMMAND,SELF,Resolved delegated,Resolved delegated: action contract; source business rules unchanged,true,,FX31-S01,InstalledSubsetWithFocusedEvidence,ReviewedInstalledSubset,src/Nexora.Infrastructure\Shopping\SqlWishlistService.cs,src/Nexora.Infrastructure/Shopping/SqlWishlistService.cs,wishlist-evidence.md,False,"Installed bounded local contract/source/evidence. Semantic fields, dependencies and full-action acceptance remain limited to stated evidence."
FX-31,shopping.wishlist.restore,COMMAND,SELF,Resolved delegated,Resolved delegated: action contract; source business rules unchanged,true,,FX31-S01,InstalledSubsetWithFocusedEvidence,ReviewedInstalledSubset,src/Nexora.Infrastructure\Shopping\SqlWishlistService.cs,src/Nexora.Infrastructure/Shopping/SqlWishlistService.cs,wishlist-evidence.md,False,"Installed bounded local contract/source/evidence. Semantic fields, dependencies and full-action acceptance remain limited to stated evidence."
FX-31,shopping.wishlist.purge,COMMAND,SELF,Resolved delegated,Resolved delegated: action contract; source business rules unchanged,true,,FX31-S01,InstalledSubsetWithFocusedEvidence,ReviewedInstalledSubset,src/Nexora.Infrastructure\Shopping\SqlWishlistService.cs,src/Nexora.Infrastructure/Shopping/SqlWishlistService.cs,wishlist-evidence.md,False,"Installed bounded local contract/source/evidence. Semantic fields, dependencies and full-action acceptance remain limited to stated evidence."
FX-31,shopping.comparison.read,QUERY,SELF,Resolved delegated,Resolved delegated: action contract; source business rules unchanged,true,,FX31-S02,MissingImplementation,ContractPending,,,,False,Current user authorizes local unaffected implementation; concrete slice contracts/source integration and execution evidence remain required.
FX-31,shopping.comparison.create,COMMAND,SELF,Resolved delegated,Resolved delegated: action contract; source business rules unchanged,true,,FX31-S02,MissingImplementation,ContractPending,,,,False,Current user authorizes local unaffected implementation; concrete slice contracts/source integration and execution evidence remain required.
FX-31,shopping.comparison.update,COMMAND,SELF,Resolved delegated,Resolved delegated: action contract; source business rules unchanged,true,shopping.comparison.read,FX31-S02,MissingImplementation,ContractPending,,,,False,Current user authorizes local unaffected implementation; concrete slice contracts/source integration and execution evidence remain required.
FX-31,shopping.comparison.members,COMMAND,SELF,Resolved delegated,Resolved delegated: action contract; source business rules unchanged,true,,FX31-S02,MissingImplementation,ContractPending,,,,False,Current user authorizes local unaffected implementation; concrete slice contracts/source integration and execution evidence remain required.
FX-31,shopping.comparison.criteria,COMMAND,SELF,Resolved delegated,Resolved delegated: action contract; source business rules unchanged,true,,FX31-S02,MissingImplementation,ContractPending,,,,False,Current user authorizes local unaffected implementation; concrete slice contracts/source integration and execution evidence remain required.
FX-31,shopping.comparison.remove,COMMAND,SELF,Resolved delegated,Resolved delegated: action contract; source business rules unchanged,true,,FX31-S02,MissingImplementation,ContractPending,,,,False,Current user authorizes local unaffected implementation; concrete slice contracts/source integration and execution evidence remain required.
FX-31,shopping.order.read,QUERY,SELF,Resolved delegated,Resolved delegated: action contract; source business rules unchanged,true,,FX31-S03,MissingImplementation,ContractPending,,,,False,Current user authorizes local unaffected implementation; concrete slice contracts/source integration and execution evidence remain required.
FX-31,shopping.order.create,COMMAND,SELF,Resolved delegated,Resolved delegated: action contract; source business rules unchanged,true,,FX31-S04,MissingImplementation,ContractPending,,,,False,Current user authorizes local unaffected implementation; concrete slice contracts/source integration and execution evidence remain required.
FX-31,shopping.order.update,COMMAND,SELF,Resolved delegated,Resolved delegated: action contract; source business rules unchanged,true,shopping.order.read,FX31-S04,MissingImplementation,ContractPending,,,,False,Current user authorizes local unaffected implementation; concrete slice contracts/source integration and execution evidence remain required.
FX-31,shopping.order.transition,COMMAND,SELF,Resolved delegated,Resolved delegated: action contract; source business rules unchanged,true,,FX31-S04,MissingImplementation,ContractPending,,,,False,Current user authorizes local unaffected implementation; concrete slice contracts/source integration and execution evidence remain required.
FX-31,shopping.order.return,COMMAND,SELF,Resolved delegated,Resolved delegated: action contract; source business rules unchanged,true,,FX31-S04,MissingImplementation,ContractPending,,,,False,Current user authorizes local unaffected implementation; concrete slice contracts/source integration and execution evidence remain required.
FX-31,shopping.order.trash,COMMAND,SELF,Resolved delegated,Resolved delegated: action contract; source business rules unchanged,true,,FX31-S03,MissingImplementation,ContractPending,,,,False,Current user authorizes local unaffected implementation; concrete slice contracts/source integration and execution evidence remain required.
FX-31,shopping.order.restore,COMMAND,SELF,Resolved delegated,Resolved delegated: action contract; source business rules unchanged,true,,FX31-S03,MissingImplementation,ContractPending,,,,False,Current user authorizes local unaffected implementation; concrete slice contracts/source integration and execution evidence remain required.
FX-31,shopping.order.purge,COMMAND,SELF,Resolved delegated,Resolved delegated: action contract; source business rules unchanged,true,,FX31-S03,MissingImplementation,ContractPending,,,,False,Current user authorizes local unaffected implementation; concrete slice contracts/source integration and execution evidence remain required.
FX-31,shopping.order.history,QUERY,SELF,Resolved delegated,Resolved delegated: action contract; source business rules unchanged,true,,FX31-S04,MissingImplementation,ContractPending,,,,False,Current user authorizes local unaffected implementation; concrete slice contracts/source integration and execution evidence remain required.
FX-31,shopping.seller.read,QUERY,SELF,Resolved delegated,Resolved delegated: action contract; source business rules unchanged,true,,FX31-S05,MissingImplementation,ContractPending,,,,False,Current user authorizes local unaffected implementation; concrete slice contracts/source integration and execution evidence remain required.
FX-31,shopping.seller.create,COMMAND,SELF,Resolved delegated,Resolved delegated: action contract; source business rules unchanged,true,,FX31-S05,MissingImplementation,ContractPending,,,,False,Current user authorizes local unaffected implementation; concrete slice contracts/source integration and execution evidence remain required.
FX-31,shopping.seller.update,COMMAND,SELF,Resolved delegated,Resolved delegated: action contract; source business rules unchanged,true,shopping.seller.read,FX31-S05,MissingImplementation,ContractPending,,,,False,Current user authorizes local unaffected implementation; concrete slice contracts/source integration and execution evidence remain required.
FX-31,shopping.seller.merge,COMMAND,SELF,Resolved delegated,Resolved delegated: action contract; source business rules unchanged,true,,FX31-S05,MissingImplementation,ContractPending,,,,False,Current user authorizes local unaffected implementation; concrete slice contracts/source integration and execution evidence remain required.
FX-31,shopping.warranty.read,QUERY,SELF,Resolved delegated,Resolved delegated: action contract; source business rules unchanged,true,,FX31-S06,MissingImplementation,ContractPending,,,,False,Current user authorizes local unaffected implementation; concrete slice contracts/source integration and execution evidence remain required.
FX-31,shopping.warranty.create,COMMAND,SELF,Resolved delegated,Resolved delegated: action contract; source business rules unchanged,true,,FX31-S06,MissingImplementation,ContractPending,,,,False,Current user authorizes local unaffected implementation; concrete slice contracts/source integration and execution evidence remain required.
FX-31,shopping.warranty.update,COMMAND,SELF,Resolved delegated,Resolved delegated: action contract; source business rules unchanged,true,shopping.warranty.read,FX31-S06,MissingImplementation,ContractPending,,,,False,Current user authorizes local unaffected implementation; concrete slice contracts/source integration and execution evidence remain required.
FX-31,shopping.warranty.evidence,COMMAND,SELF,Resolved delegated,Resolved delegated: action contract; source business rules unchanged,true,,FX31-S06,MissingImplementation,ContractPending,,,,False,Current user authorizes local unaffected implementation; concrete slice contracts/source integration and execution evidence remain required.
FX-31,shopping.purchase.create_asset,COMPOSITE,SELF,Resolved delegated,Resolved delegated: action contract; source business rules unchanged,true,assets.asset.create,FX31-S07,MissingImplementation,ContractPending,,,,False,Current user authorizes local unaffected implementation; concrete slice contracts/source integration and execution evidence remain required.
FX-33,github.repository.search,QUERY,SELF,Blocked,DEP-EXT-01: outbound ingestion boundary needs clarification,false,,FX33-S01,MissingImplementation,NETWORK_GUARD_GATED,,,,False,Main DEC-20260909-008 permits named public readonly outbound only after guard/parser/rate/recovery contract and evidence. Monitoring catalog Paused is refined by effective overlay.
FX-33,github.repository.read,QUERY,SELF,Resolved delegated,Resolved delegated: action contract; source business rules unchanged,true,,FX33-S02,MissingImplementation,ContractPending,,,,False,Current user authorizes local unaffected implementation; concrete slice contracts/source integration and execution evidence remain required.
FX-33,github.repository.refresh,COMMAND,SELF,Blocked,DEP-EXT-01: outbound ingestion boundary needs clarification,false,,FX33-S02,MissingImplementation,NETWORK_GUARD_GATED,,,,False,Main DEC-20260909-008 permits named public readonly outbound only after guard/parser/rate/recovery contract and evidence. Monitoring catalog Paused is refined by effective overlay.
FX-33,github.saved.read,QUERY,SELF,Resolved delegated,Resolved delegated: action contract; source business rules unchanged,true,,FX33-S03,MissingImplementation,ContractPending,,,,False,Current user authorizes local unaffected implementation; concrete slice contracts/source integration and execution evidence remain required.
FX-33,github.saved.save,COMMAND,SELF,Resolved delegated,Resolved delegated: action contract; source business rules unchanged,true,,FX33-S03,MissingImplementation,ContractPending,,,,False,Current user authorizes local unaffected implementation; concrete slice contracts/source integration and execution evidence remain required.
FX-33,github.saved.notes,COMMAND,SELF,Resolved delegated,Resolved delegated: action contract; source business rules unchanged,true,,FX33-S03,MissingImplementation,ContractPending,,,,False,Current user authorizes local unaffected implementation; concrete slice contracts/source integration and execution evidence remain required.
FX-33,github.saved.remove,COMMAND,SELF,Resolved delegated,Resolved delegated: action contract; source business rules unchanged,true,,FX33-S03,MissingImplementation,ContractPending,,,,False,Current user authorizes local unaffected implementation; concrete slice contracts/source integration and execution evidence remain required.
FX-33,github.query.read,QUERY,SELF,Resolved delegated,Resolved delegated: action contract; source business rules unchanged,true,,FX33-S03,MissingImplementation,ContractPending,,,,False,Current user authorizes local unaffected implementation; concrete slice contracts/source integration and execution evidence remain required.
FX-33,github.query.create,COMMAND,SELF,Resolved delegated,Resolved delegated: action contract; source business rules unchanged,true,,FX33-S03,MissingImplementation,ContractPending,,,,False,Current user authorizes local unaffected implementation; concrete slice contracts/source integration and execution evidence remain required.
FX-33,github.query.update,COMMAND,SELF,Resolved delegated,Resolved delegated: action contract; source business rules unchanged,true,github.query.read,FX33-S03,MissingImplementation,ContractPending,,,,False,Current user authorizes local unaffected implementation; concrete slice contracts/source integration and execution evidence remain required.
FX-33,github.query.delete,COMMAND,SELF,Resolved delegated,Resolved delegated: action contract; source business rules unchanged,true,,FX33-S03,MissingImplementation,ContractPending,,,,False,Current user authorizes local unaffected implementation; concrete slice contracts/source integration and execution evidence remain required.
FX-33,github.query.run,COMMAND,SELF,Blocked,DEP-EXT-01: outbound ingestion boundary needs clarification,false,,FX33-S03,MissingImplementation,NETWORK_GUARD_GATED,,,,False,Main DEC-20260909-008 permits named public readonly outbound only after guard/parser/rate/recovery contract and evidence. Monitoring catalog Paused is refined by effective overlay.
FX-33,github.snapshot.read,QUERY,SELF,Resolved delegated,Resolved delegated: action contract; source business rules unchanged,true,,FX33-S04,MissingImplementation,ContractPending,,,,False,Current user authorizes local unaffected implementation; concrete slice contracts/source integration and execution evidence remain required.
FX-33,github.snapshot.capture,COMMAND,SELF,Blocked,DEP-EXT-01: outbound ingestion boundary needs clarification,false,,FX33-S04,MissingImplementation,NETWORK_GUARD_GATED,,,,False,Main DEC-20260909-008 permits named public readonly outbound only after guard/parser/rate/recovery contract and evidence. Monitoring catalog Paused is refined by effective overlay.
FX-33,github.snapshot.compare,COMMAND,SELF,Resolved delegated,Resolved delegated: action contract; source business rules unchanged,true,,FX33-S04,MissingImplementation,ContractPending,,,,False,Current user authorizes local unaffected implementation; concrete slice contracts/source integration and execution evidence remain required.
FX-33,github.provider.fetch,WORKER,SYSTEM,Blocked,DEP-EXT-01: outbound ingestion boundary needs clarification,false,,,MissingImplementation,NETWORK_GUARD_GATED,,,,False,Main DEC-20260909-008 permits named public readonly outbound only after guard/parser/rate/recovery contract and evidence. Monitoring catalog Paused is refined by effective overlay.
FX-34,automation.definition.read,QUERY,SELF,Paused,DEC-20260907-Q06/Q07: Paused by Product Owner,false,,FX34-S01;FX34-S03,PreservedPaused,PO_PAUSED,,,,False,Main DEC-20260909-009 and effective overlay: explicit PO resume required; no handler/UI/worker/default enablement.
FX-34,automation.definition.create,COMMAND,SELF,Paused,DEC-20260907-Q06/Q07: Paused by Product Owner,false,,FX34-S01;FX34-S02,PreservedPaused,PO_PAUSED,,,,False,Main DEC-20260909-009 and effective overlay: explicit PO resume required; no handler/UI/worker/default enablement.
FX-34,automation.definition.save,COMMAND,SELF,Paused,DEC-20260907-Q06/Q07: Paused by Product Owner,false,,FX34-S02,PreservedPaused,PO_PAUSED,,,,False,Main DEC-20260909-009 and effective overlay: explicit PO resume required; no handler/UI/worker/default enablement.
FX-34,automation.definition.validate,COMMAND,SELF,Paused,DEC-20260907-Q06/Q07: Paused by Product Owner,false,,FX34-S02,PreservedPaused,PO_PAUSED,,,,False,Main DEC-20260909-009 and effective overlay: explicit PO resume required; no handler/UI/worker/default enablement.
FX-34,automation.definition.enable,COMMAND,SELF,Paused,DEC-20260907-Q06/Q07: Paused by Product Owner,false,,FX34-S01,PreservedPaused,PO_PAUSED,,,,False,Main DEC-20260909-009 and effective overlay: explicit PO resume required; no handler/UI/worker/default enablement.
FX-34,automation.definition.disable,COMMAND,SELF,Paused,DEC-20260907-Q06/Q07: Paused by Product Owner,false,,FX34-S01,PreservedPaused,PO_PAUSED,,,,False,Main DEC-20260909-009 and effective overlay: explicit PO resume required; no handler/UI/worker/default enablement.
FX-34,automation.definition.trash,COMMAND,SELF,Paused,DEC-20260907-Q06/Q07: Paused by Product Owner,false,,FX34-S01,PreservedPaused,PO_PAUSED,,,,False,Main DEC-20260909-009 and effective overlay: explicit PO resume required; no handler/UI/worker/default enablement.
FX-34,automation.definition.restore,COMMAND,SELF,Paused,DEC-20260907-Q06/Q07: Paused by Product Owner,false,,FX34-S01,PreservedPaused,PO_PAUSED,,,,False,Main DEC-20260909-009 and effective overlay: explicit PO resume required; no handler/UI/worker/default enablement.
FX-34,automation.definition.purge,COMMAND,SELF,Paused,DEC-20260907-Q06/Q07: Paused by Product Owner,false,,FX34-S01,PreservedPaused,PO_PAUSED,,,,False,Main DEC-20260909-009 and effective overlay: explicit PO resume required; no handler/UI/worker/default enablement.
FX-34,automation.definition.history,QUERY,SELF,Paused,DEC-20260907-Q06/Q07: Paused by Product Owner,false,,FX34-S03,PreservedPaused,PO_PAUSED,,,,False,Main DEC-20260909-009 and effective overlay: explicit PO resume required; no handler/UI/worker/default enablement.
FX-34,automation.run.read,QUERY,SELF,Paused,DEC-20260907-Q06/Q07: Paused by Product Owner,false,,FX34-S04,PreservedPaused,PO_PAUSED,,,,False,Main DEC-20260909-009 and effective overlay: explicit PO resume required; no handler/UI/worker/default enablement.
FX-34,automation.run.start,COMMAND,SELF,Paused,DEC-20260907-Q06/Q07: Paused by Product Owner,false,,FX34-S05,PreservedPaused,PO_PAUSED,,,,False,Main DEC-20260909-009 and effective overlay: explicit PO resume required; no handler/UI/worker/default enablement.
FX-34,automation.run.cancel,COMMAND,SELF,Paused,DEC-20260907-Q06/Q07: Paused by Product Owner,false,,FX34-S05,PreservedPaused,PO_PAUSED,,,,False,Main DEC-20260909-009 and effective overlay: explicit PO resume required; no handler/UI/worker/default enablement.
FX-34,automation.run.retry_step,COMMAND,SELF,Paused,DEC-20260907-Q06/Q07: Paused by Product Owner,false,,FX34-S05,PreservedPaused,PO_PAUSED,,,,False,Main DEC-20260909-009 and effective overlay: explicit PO resume required; no handler/UI/worker/default enablement.
FX-34,automation.run.dry_run,COMMAND,SELF,Paused,DEC-20260907-Q06/Q07: Paused by Product Owner,false,,FX34-S05,PreservedPaused,PO_PAUSED,,,,False,Main DEC-20260909-009 and effective overlay: explicit PO resume required; no handler/UI/worker/default enablement.
FX-34,automation.schedule.update,COMMAND,SELF,Paused,DEC-20260907-Q06/Q07: Paused by Product Owner,false,,FX34-S02,PreservedPaused,PO_PAUSED,,,,False,Main DEC-20260909-009 and effective overlay: explicit PO resume required; no handler/UI/worker/default enablement.
FX-34,automation.definition.import,COMPOSITE,SELF,Paused,DEC-20260907-Q06/Q07: Paused by Product Owner,false,,FX34-S02,PreservedPaused,PO_PAUSED,,,,False,Main DEC-20260909-009 and effective overlay: explicit PO resume required; no handler/UI/worker/default enablement.
FX-34,automation.definition.export,COMPOSITE,SELF,Paused,DEC-20260907-Q06/Q07: Paused by Product Owner,false,,FX34-S02,PreservedPaused,PO_PAUSED,,,,False,Main DEC-20260909-009 and effective overlay: explicit PO resume required; no handler/UI/worker/default enablement.
FX-34,automation.step.dispatch,WORKER,SYSTEM,Paused,DEC-20260907-Q06/Q07: Paused by Product Owner,false,,,PreservedPaused,PO_PAUSED,,,,False,Main DEC-20260909-009 and effective overlay: explicit PO resume required; no handler/UI/worker/default enablement.
FX-35,integrations.connection.read,QUERY,SELF,Paused,DEC-20260907-Q06/Q07: Paused by Product Owner,false,,FX35-S01,PreservedPaused,PO_PAUSED,,,,False,Main DEC-20260909-009 and effective overlay: explicit PO resume required; no handler/UI/worker/default enablement.
FX-35,integrations.connection.create,COMMAND,SELF,Paused,DEC-20260907-Q06/Q07: Paused by Product Owner,false,,FX35-S02,PreservedPaused,PO_PAUSED,,,,False,Main DEC-20260909-009 and effective overlay: explicit PO resume required; no handler/UI/worker/default enablement.
FX-35,integrations.connection.update,COMMAND,SELF,Paused,DEC-20260907-Q06/Q07: Paused by Product Owner,false,integrations.connection.read,FX35-S02,PreservedPaused,PO_PAUSED,,,,False,Main DEC-20260909-009 and effective overlay: explicit PO resume required; no handler/UI/worker/default enablement.
FX-35,integrations.connection.test,COMMAND,SELF,Paused,DEC-20260907-Q06/Q07: Paused by Product Owner,false,,FX35-S02,PreservedPaused,PO_PAUSED,,,,False,Main DEC-20260909-009 and effective overlay: explicit PO resume required; no handler/UI/worker/default enablement.
FX-35,integrations.connection.disable,COMMAND,SELF,Paused,DEC-20260907-Q06/Q07: Paused by Product Owner,false,,FX35-S01,PreservedPaused,PO_PAUSED,,,,False,Main DEC-20260909-009 and effective overlay: explicit PO resume required; no handler/UI/worker/default enablement.
FX-35,integrations.connection.scopes,COMMAND,SELF,Paused,DEC-20260907-Q06/Q07: Paused by Product Owner,false,,FX35-S02,PreservedPaused,PO_PAUSED,,,,False,Main DEC-20260909-009 and effective overlay: explicit PO resume required; no handler/UI/worker/default enablement.
FX-35,integrations.connection.credential,COMMAND,SELF,Paused,DEC-20260907-Q06/Q07: Paused by Product Owner,false,,FX35-S05,PreservedPaused,PO_PAUSED,,,,False,Main DEC-20260909-009 and effective overlay: explicit PO resume required; no handler/UI/worker/default enablement.
FX-35,integrations.webhook.read,QUERY,SELF,Paused,DEC-20260907-Q06/Q07: Paused by Product Owner,false,,FX35-S03,PreservedPaused,PO_PAUSED,,,,False,Main DEC-20260909-009 and effective overlay: explicit PO resume required; no handler/UI/worker/default enablement.
FX-35,integrations.webhook.create,COMMAND,SELF,Paused,DEC-20260907-Q06/Q07: Paused by Product Owner,false,,FX35-S03,PreservedPaused,PO_PAUSED,,,,False,Main DEC-20260909-009 and effective overlay: explicit PO resume required; no handler/UI/worker/default enablement.
FX-35,integrations.webhook.update,COMMAND,SELF,Paused,DEC-20260907-Q06/Q07: Paused by Product Owner,false,integrations.webhook.read,FX35-S03,PreservedPaused,PO_PAUSED,,,,False,Main DEC-20260909-009 and effective overlay: explicit PO resume required; no handler/UI/worker/default enablement.
FX-35,integrations.webhook.enable,COMMAND,SELF,Paused,DEC-20260907-Q06/Q07: Paused by Product Owner,false,,FX35-S03,PreservedPaused,PO_PAUSED,,,,False,Main DEC-20260909-009 and effective overlay: explicit PO resume required; no handler/UI/worker/default enablement.
FX-35,integrations.webhook.disable,COMMAND,SELF,Paused,DEC-20260907-Q06/Q07: Paused by Product Owner,false,,FX35-S03,PreservedPaused,PO_PAUSED,,,,False,Main DEC-20260909-009 and effective overlay: explicit PO resume required; no handler/UI/worker/default enablement.
FX-35,integrations.webhook.test,COMMAND,SELF,Paused,DEC-20260907-Q06/Q07: Paused by Product Owner,false,,FX35-S03,PreservedPaused,PO_PAUSED,,,,False,Main DEC-20260909-009 and effective overlay: explicit PO resume required; no handler/UI/worker/default enablement.
FX-35,integrations.webhook.rotate,COMMAND,SELF,Paused,DEC-20260907-Q06/Q07: Paused by Product Owner,false,,FX35-S03,PreservedPaused,PO_PAUSED,,,,False,Main DEC-20260909-009 and effective overlay: explicit PO resume required; no handler/UI/worker/default enablement.
FX-35,integrations.delivery.read,QUERY,SELF,Paused,DEC-20260907-Q06/Q07: Paused by Product Owner,false,,FX35-S04,PreservedPaused,PO_PAUSED,,,,False,Main DEC-20260909-009 and effective overlay: explicit PO resume required; no handler/UI/worker/default enablement.
FX-35,integrations.delivery.retry,COMMAND,SELF,Paused,DEC-20260907-Q06/Q07: Paused by Product Owner,false,,FX35-S04,PreservedPaused,PO_PAUSED,,,,False,Main DEC-20260909-009 and effective overlay: explicit PO resume required; no handler/UI/worker/default enablement.
FX-35,integrations.system_connection.read,QUERY,ADMIN,Paused,DEC-20260907-Q06/Q07: Paused by Product Owner,false,,FX35-S01,PreservedPaused,PO_PAUSED,,,,False,Main DEC-20260909-009 and effective overlay: explicit PO resume required; no handler/UI/worker/default enablement.
FX-35,integrations.system_connection.configure,COMMAND,SUPER,Paused,DEC-20260907-Q06/Q07: Paused by Product Owner,false,,FX35-S01,PreservedPaused,PO_PAUSED,,,,False,Main DEC-20260909-009 and effective overlay: explicit PO resume required; no handler/UI/worker/default enablement.
FX-35,integrations.worker.receive,WORKER,SYSTEM,Paused,DEC-20260907-Q06/Q07: Paused by Product Owner,false,,,PreservedPaused,PO_PAUSED,,,,False,Main DEC-20260909-009 and effective overlay: explicit PO resume required; no handler/UI/worker/default enablement.
FX-35,integrations.worker.send,WORKER,SYSTEM,Paused,DEC-20260907-Q06/Q07: Paused by Product Owner,false,,,PreservedPaused,PO_PAUSED,,,,False,Main DEC-20260909-009 and effective overlay: explicit PO resume required; no handler/UI/worker/default enablement.
FX-36,monitoring.monitor.read,QUERY,SELF,Resolved delegated,Resolved delegated: action contract; source business rules unchanged,true,,FX36-S01,MissingImplementation,ContractPending,,,,False,Current user authorizes local unaffected implementation; concrete slice contracts/source integration and execution evidence remain required.
FX-36,monitoring.monitor.create,COMMAND,SELF,Resolved delegated,Resolved delegated: action contract; source business rules unchanged,true,,FX36-S02,MissingImplementation,ContractPending,,,,False,Current user authorizes local unaffected implementation; concrete slice contracts/source integration and execution evidence remain required.
FX-36,monitoring.monitor.update,COMMAND,SELF,Resolved delegated,Resolved delegated: action contract; source business rules unchanged,true,monitoring.monitor.read,FX36-S02,MissingImplementation,ContractPending,,,,False,Current user authorizes local unaffected implementation; concrete slice contracts/source integration and execution evidence remain required.
FX-36,monitoring.monitor.pause,COMMAND,SELF,Resolved delegated,Local configuration only; network execution paused,true,,FX36-S01,MissingImplementation,ContractPending,,,,False,Current user authorizes local unaffected implementation; concrete slice contracts/source integration and execution evidence remain required.
FX-36,monitoring.monitor.resume,COMMAND,SELF,Resolved delegated,Local configuration only; network execution paused,true,,FX36-S01,MissingImplementation,ContractPending,,,,False,Current user authorizes local unaffected implementation; concrete slice contracts/source integration and execution evidence remain required.
FX-36,monitoring.monitor.remove,COMMAND,SELF,Resolved delegated,Local configuration only; network execution paused,true,,FX36-S01,MissingImplementation,ContractPending,,,,False,Current user authorizes local unaffected implementation; concrete slice contracts/source integration and execution evidence remain required.
FX-36,monitoring.monitor.check,COMMAND,SELF,Paused,DEC-20260907-Q07 / DEP-EXT-01,false,,FX36-S03,MissingImplementation,NETWORK_GUARD_GATED,,,,False,Main DEC-20260909-008 permits named public readonly outbound only after guard/parser/rate/recovery contract and evidence. Monitoring catalog Paused is refined by effective overlay.
FX-36,monitoring.observation.read,QUERY,SELF,Resolved delegated,Resolved delegated: action contract; source business rules unchanged,true,,FX36-S03,MissingImplementation,ContractPending,,,,False,Current user authorizes local unaffected implementation; concrete slice contracts/source integration and execution evidence remain required.
FX-36,monitoring.incident.read,QUERY,SELF,Resolved delegated,Resolved delegated: action contract; source business rules unchanged,true,,FX36-S03,MissingImplementation,ContractPending,,,,False,Current user authorizes local unaffected implementation; concrete slice contracts/source integration and execution evidence remain required.
FX-36,monitoring.probe.run,WORKER,SYSTEM,Paused,DEC-20260907-Q07 / DEP-EXT-01,false,,,MissingImplementation,NETWORK_GUARD_GATED,,,,False,Main DEC-20260909-008 permits named public readonly outbound only after guard/parser/rate/recovery contract and evidence. Monitoring catalog Paused is refined by effective overlay.
FX-36,monitoring.job.read,QUERY,ADMIN,Resolved delegated,Resolved delegated: action contract; source business rules unchanged,true,,FX36-S04;FX36-S05,MissingImplementation,ContractPending,,,,False,Current user authorizes local unaffected implementation; concrete slice contracts/source integration and execution evidence remain required.
FX-36,monitoring.job.retry,COMMAND,ADMIN,Resolved delegated,Resolved delegated: action contract; source business rules unchanged,true,,FX36-S05,MissingImplementation,ContractPending,,,,False,Current user authorizes local unaffected implementation; concrete slice contracts/source integration and execution evidence remain required.
FX-36,monitoring.job.cancel,COMMAND,ADMIN,Resolved delegated,Resolved delegated: action contract; source business rules unchanged,true,,FX36-S05,MissingImplementation,ContractPending,,,,False,Current user authorizes local unaffected implementation; concrete slice contracts/source integration and execution evidence remain required.
FX-37,assets.asset.read,QUERY,SELF,Resolved delegated,Resolved delegated: action contract; source business rules unchanged,true,,FX37-S01;FX37-S03,InstalledSubsetWithFocusedEvidence,ReviewedInstalledSubset,src/Nexora.Api/Features/Assets/PersonalAssetEndpoints.cs;src/Nexora.Infrastructure/Assets/SqlPersonalAssetService.cs,IPersonalAssetService;SqlPersonalAssetService;assets.PersonalAsset/AssetVersion;0038;PersonalAssetScreen,personal-assets-contract.md;personal-assets-evidence.md;personal-assets-browser-evidence.json;SqlPersonalAssetTests,False,"Own metadata, explicit six non-loan states, immutable private history and root lifecycle only. Serial, loans, purchase/warranty/component/accessory/source-reference and sensitive share/support work remain open; whole FX37 Partial."
FX-37,assets.asset.create,COMMAND,SELF,Resolved delegated,Resolved delegated: action contract; source business rules unchanged,true,,FX37-S01;FX37-S02,InstalledSubsetWithFocusedEvidence,ReviewedInstalledSubset,src/Nexora.Api/Features/Assets/PersonalAssetEndpoints.cs;src/Nexora.Infrastructure/Assets/SqlPersonalAssetService.cs,IPersonalAssetService;SqlPersonalAssetService;assets.PersonalAsset/AssetVersion;0038;PersonalAssetScreen,personal-assets-contract.md;personal-assets-evidence.md;personal-assets-browser-evidence.json;SqlPersonalAssetTests,False,"Own metadata, explicit six non-loan states, immutable private history and root lifecycle only. Serial, loans, purchase/warranty/component/accessory/source-reference and sensitive share/support work remain open; whole FX37 Partial."
FX-37,assets.asset.update,COMMAND,SELF,Resolved delegated,Resolved delegated: action contract; source business rules unchanged,true,assets.asset.read,FX37-S02,InstalledSubsetWithFocusedEvidence,ReviewedInstalledSubset,src/Nexora.Api/Features/Assets/PersonalAssetEndpoints.cs;src/Nexora.Infrastructure/Assets/SqlPersonalAssetService.cs,IPersonalAssetService;SqlPersonalAssetService;assets.PersonalAsset/AssetVersion;0038;PersonalAssetScreen,personal-assets-contract.md;personal-assets-evidence.md;personal-assets-browser-evidence.json;SqlPersonalAssetTests,False,"Own metadata, explicit six non-loan states, immutable private history and root lifecycle only. Serial, loans, purchase/warranty/component/accessory/source-reference and sensitive share/support work remain open; whole FX37 Partial."
FX-37,assets.asset.transition,COMMAND,SELF,Resolved delegated,Resolved delegated: action contract; source business rules unchanged,true,,FX37-S03,InstalledSubsetWithFocusedEvidence,ReviewedInstalledSubset,src/Nexora.Api/Features/Assets/PersonalAssetEndpoints.cs;src/Nexora.Infrastructure/Assets/SqlPersonalAssetService.cs,IPersonalAssetService;SqlPersonalAssetService;assets.PersonalAsset/AssetVersion;0038;PersonalAssetScreen,personal-assets-contract.md;personal-assets-evidence.md;personal-assets-browser-evidence.json;SqlPersonalAssetTests,False,"Own metadata, explicit six non-loan states, immutable private history and root lifecycle only. Serial, loans, purchase/warranty/component/accessory/source-reference and sensitive share/support work remain open; whole FX37 Partial."
FX-37,assets.asset.archive,COMMAND,SELF,Resolved delegated,Resolved delegated: action contract; source business rules unchanged,true,,FX37-S01,InstalledSubsetWithFocusedEvidence,ReviewedInstalledSubset,src/Nexora.Api/Features/Assets/PersonalAssetEndpoints.cs;src/Nexora.Infrastructure/Assets/SqlPersonalAssetService.cs,IPersonalAssetService;SqlPersonalAssetService;assets.PersonalAsset/AssetVersion;0038;PersonalAssetScreen,personal-assets-contract.md;personal-assets-evidence.md;personal-assets-browser-evidence.json;SqlPersonalAssetTests,False,"Own metadata, explicit six non-loan states, immutable private history and root lifecycle only. Serial, loans, purchase/warranty/component/accessory/source-reference and sensitive share/support work remain open; whole FX37 Partial."
FX-37,assets.asset.unarchive,COMMAND,SELF,Resolved delegated,Resolved delegated: action contract; source business rules unchanged,true,,FX37-S01,InstalledSubsetWithFocusedEvidence,ReviewedInstalledSubset,src/Nexora.Api/Features/Assets/PersonalAssetEndpoints.cs;src/Nexora.Infrastructure/Assets/SqlPersonalAssetService.cs,IPersonalAssetService;SqlPersonalAssetService;assets.PersonalAsset/AssetVersion;0038;PersonalAssetScreen,personal-assets-contract.md;personal-assets-evidence.md;personal-assets-browser-evidence.json;SqlPersonalAssetTests,False,"Own metadata, explicit six non-loan states, immutable private history and root lifecycle only. Serial, loans, purchase/warranty/component/accessory/source-reference and sensitive share/support work remain open; whole FX37 Partial."
FX-37,assets.asset.trash,COMMAND,SELF,Resolved delegated,Resolved delegated: action contract; source business rules unchanged,true,,FX37-S06,InstalledSubsetWithFocusedEvidence,ReviewedInstalledSubset,src/Nexora.Api/Features/Assets/PersonalAssetEndpoints.cs;src/Nexora.Infrastructure/Assets/SqlPersonalAssetService.cs,IPersonalAssetService;SqlPersonalAssetService;assets.PersonalAsset/AssetVersion;0038;PersonalAssetScreen,personal-assets-contract.md;personal-assets-evidence.md;personal-assets-browser-evidence.json;SqlPersonalAssetTests,False,"Own metadata, explicit six non-loan states, immutable private history and root lifecycle only. Serial, loans, purchase/warranty/component/accessory/source-reference and sensitive share/support work remain open; whole FX37 Partial."
FX-37,assets.asset.restore,COMMAND,SELF,Resolved delegated,Resolved delegated: action contract; source business rules unchanged,true,,FX37-S06,InstalledSubsetWithFocusedEvidence,ReviewedInstalledSubset,src/Nexora.Api/Features/Assets/PersonalAssetEndpoints.cs;src/Nexora.Infrastructure/Assets/SqlPersonalAssetService.cs,IPersonalAssetService;SqlPersonalAssetService;assets.PersonalAsset/AssetVersion;0038;PersonalAssetScreen,personal-assets-contract.md;personal-assets-evidence.md;personal-assets-browser-evidence.json;SqlPersonalAssetTests,False,"Own metadata, explicit six non-loan states, immutable private history and root lifecycle only. Serial, loans, purchase/warranty/component/accessory/source-reference and sensitive share/support work remain open; whole FX37 Partial."
FX-37,assets.asset.purge,COMMAND,SELF,Resolved delegated,Resolved delegated: action contract; source business rules unchanged,true,,FX37-S06,InstalledSubsetWithFocusedEvidence,ReviewedInstalledSubset,src/Nexora.Api/Features/Assets/PersonalAssetEndpoints.cs;src/Nexora.Infrastructure/Assets/SqlPersonalAssetService.cs,IPersonalAssetService;SqlPersonalAssetService;assets.PersonalAsset/AssetVersion;0038;PersonalAssetScreen,personal-assets-contract.md;personal-assets-evidence.md;personal-assets-browser-evidence.json;SqlPersonalAssetTests,False,"Own metadata, explicit six non-loan states, immutable private history and root lifecycle only. Serial, loans, purchase/warranty/component/accessory/source-reference and sensitive share/support work remain open; whole FX37 Partial."
FX-37,assets.asset.history,QUERY,SELF,Resolved delegated,Resolved delegated: action contract; source business rules unchanged,true,,FX37-S06,InstalledSubsetWithFocusedEvidence,ReviewedInstalledSubset,src/Nexora.Api/Features/Assets/PersonalAssetEndpoints.cs;src/Nexora.Infrastructure/Assets/SqlPersonalAssetService.cs,IPersonalAssetService;SqlPersonalAssetService;assets.PersonalAsset/AssetVersion;0038;PersonalAssetScreen,personal-assets-contract.md;personal-assets-evidence.md;personal-assets-browser-evidence.json;SqlPersonalAssetTests,False,"Own metadata, explicit six non-loan states, immutable private history and root lifecycle only. Serial, loans, purchase/warranty/component/accessory/source-reference and sensitive share/support work remain open; whole FX37 Partial."
FX-37,assets.serial.reveal,COMMAND,SELF,Resolved delegated,Resolved delegated; recent-auth timing Blocked Q-02,true,,FX37-S03,MissingImplementation,POLICY_APPROVED_IMPLEMENTATION_GATED,,,,False,Main effective overlay requires exact future source/reference/sensitive/network slice; no automatic ledger write or Vault reveal.
FX-37,assets.serial.copy,COMMAND,SELF,Resolved delegated,Resolved delegated; recent-auth timing Blocked Q-02,true,,FX37-S03,MissingImplementation,POLICY_APPROVED_IMPLEMENTATION_GATED,,,,False,Main effective overlay requires exact future source/reference/sensitive/network slice; no automatic ledger write or Vault reveal.
FX-37,assets.purchase.update,COMMAND,SELF,Resolved delegated,Resolved delegated: action contract; source business rules unchanged,true,,FX37-S02,MissingImplementation,ContractPending,,,,False,Current user authorizes local unaffected implementation; concrete slice contracts/source integration and execution evidence remain required.
FX-37,assets.warranty.update,COMMAND,SELF,Resolved delegated,Resolved delegated: action contract; source business rules unchanged,true,,FX37-S04,MissingImplementation,ContractPending,,,,False,Current user authorizes local unaffected implementation; concrete slice contracts/source integration and execution evidence remain required.
FX-37,assets.warranty.set_reminder,COMMAND,SELF,Resolved delegated,Resolved delegated: action contract; source business rules unchanged,true,,FX37-S04,MissingImplementation,ContractPending,,,,False,Current user authorizes local unaffected implementation; concrete slice contracts/source integration and execution evidence remain required.
FX-37,assets.repair.read,QUERY,SELF,Resolved delegated,Resolved delegated: action contract; source business rules unchanged,true,,FX37-S04,MissingImplementation,ContractPending,,,,False,Current user authorizes local unaffected implementation; concrete slice contracts/source integration and execution evidence remain required.
FX-37,assets.repair.create,COMMAND,SELF,Resolved delegated,Resolved delegated: action contract; source business rules unchanged,true,,FX37-S04,MissingImplementation,ContractPending,,,,False,Current user authorizes local unaffected implementation; concrete slice contracts/source integration and execution evidence remain required.
FX-37,assets.repair.update,COMMAND,SELF,Resolved delegated,Resolved delegated: action contract; source business rules unchanged,true,assets.repair.read,FX37-S04,MissingImplementation,ContractPending,,,,False,Current user authorizes local unaffected implementation; concrete slice contracts/source integration and execution evidence remain required.
FX-37,assets.repair.remove,COMMAND,SELF,Resolved delegated,Resolved delegated: action contract; source business rules unchanged,true,,FX37-S04,MissingImplementation,ContractPending,,,,False,Current user authorizes local unaffected implementation; concrete slice contracts/source integration and execution evidence remain required.
FX-37,assets.component.read,QUERY,SELF,Resolved delegated,Resolved delegated: action contract; source business rules unchanged,true,,FX37-S05,MissingImplementation,ContractPending,,,,False,Current user authorizes local unaffected implementation; concrete slice contracts/source integration and execution evidence remain required.
FX-37,assets.component.create,COMMAND,SELF,Resolved delegated,Resolved delegated: action contract; source business rules unchanged,true,,FX37-S05,MissingImplementation,ContractPending,,,,False,Current user authorizes local unaffected implementation; concrete slice contracts/source integration and execution evidence remain required.
FX-37,assets.component.update,COMMAND,SELF,Resolved delegated,Resolved delegated: action contract; source business rules unchanged,true,assets.component.read,FX37-S05,MissingImplementation,ContractPending,,,,False,Current user authorizes local unaffected implementation; concrete slice contracts/source integration and execution evidence remain required.
FX-37,assets.component.remove,COMMAND,SELF,Resolved delegated,Resolved delegated: action contract; source business rules unchanged,true,,FX37-S05,MissingImplementation,ContractPending,,,,False,Current user authorizes local unaffected implementation; concrete slice contracts/source integration and execution evidence remain required.
FX-37,assets.accessory.link,COMMAND,SELF,Resolved delegated,Resolved delegated: action contract; source business rules unchanged,true,,FX37-S05,MissingImplementation,ContractPending,,,,False,Current user authorizes local unaffected implementation; concrete slice contracts/source integration and execution evidence remain required.
FX-37,assets.accessory.unlink,COMMAND,SELF,Resolved delegated,Resolved delegated: action contract; source business rules unchanged,true,,FX37-S05,MissingImplementation,ContractPending,,,,False,Current user authorizes local unaffected implementation; concrete slice contracts/source integration and execution evidence remain required.
FX-37,assets.loan.lend,COMMAND,SELF,Resolved delegated,Resolved delegated: action contract; source business rules unchanged,true,,FX37-S03,MissingImplementation,ContractPending,,,,False,Current user authorizes local unaffected implementation; concrete slice contracts/source integration and execution evidence remain required.
FX-37,assets.loan.return,COMMAND,SELF,Resolved delegated,Resolved delegated: action contract; source business rules unchanged,true,,FX37-S03,MissingImplementation,ContractPending,,,,False,Current user authorizes local unaffected implementation; concrete slice contracts/source integration and execution evidence remain required.
FX-37,assets.asset.share,COMPOSITE,SELF,Blocked,Blocked Q-03,false,sharing.link.read,FX37-S03,MissingImplementation,SENSITIVE_PROJECTION_GATED,,,,False,Main DEC-20260909-005 policy resolved; concrete field projection/owner selection/current authority contract remains required.
FX-38,digital.asset.read,QUERY,SELF,Resolved delegated,Resolved delegated: action contract; source business rules unchanged,true,,FX38-S01;FX38-S03,InstalledSubsetWithFocusedEvidence,InstalledBoundedSubset,src/Nexora.Infrastructure/Assets/SqlDigitalAssetService.cs;src/Nexora.Api/Features/Assets/DigitalAssetEndpoints.cs,FX38 manual typed metadata and renewal subset; digital-assets-contract.md,digital-assets-evidence.md; digital-assets-source-hashes.json; digital-assets-browser-evidence.json,False,"Six typed owner records and manual renewal/history/lifecycle only. Remaining refs, observations, reminders, source integration, sensitive projections and full AC/module acceptance stay open."
FX-38,digital.asset.create,COMMAND,SELF,Resolved delegated,Resolved delegated: action contract; source business rules unchanged,true,,FX38-S02,InstalledSubsetWithFocusedEvidence,InstalledBoundedSubset,src/Nexora.Infrastructure/Assets/SqlDigitalAssetService.cs;src/Nexora.Api/Features/Assets/DigitalAssetEndpoints.cs,FX38 manual typed metadata and renewal subset; digital-assets-contract.md,digital-assets-evidence.md; digital-assets-source-hashes.json; digital-assets-browser-evidence.json,False,"Six typed owner records and manual renewal/history/lifecycle only. Remaining refs, observations, reminders, source integration, sensitive projections and full AC/module acceptance stay open."
FX-38,digital.asset.update,COMMAND,SELF,Resolved delegated,Resolved delegated: action contract; source business rules unchanged,true,digital.asset.read,FX38-S02,InstalledSubsetWithFocusedEvidence,InstalledBoundedSubset,src/Nexora.Infrastructure/Assets/SqlDigitalAssetService.cs;src/Nexora.Api/Features/Assets/DigitalAssetEndpoints.cs,FX38 manual typed metadata and renewal subset; digital-assets-contract.md,digital-assets-evidence.md; digital-assets-source-hashes.json; digital-assets-browser-evidence.json,False,"Six typed owner records and manual renewal/history/lifecycle only. Remaining refs, observations, reminders, source integration, sensitive projections and full AC/module acceptance stay open."
FX-38,digital.asset.cancel,COMMAND,SELF,Resolved delegated,Resolved delegated: action contract; source business rules unchanged,true,,FX38-S03,InstalledSubsetWithFocusedEvidence,InstalledBoundedSubset,src/Nexora.Infrastructure/Assets/SqlDigitalAssetService.cs;src/Nexora.Api/Features/Assets/DigitalAssetEndpoints.cs,FX38 manual typed metadata and renewal subset; digital-assets-contract.md,digital-assets-evidence.md; digital-assets-source-hashes.json; digital-assets-browser-evidence.json,False,"Six typed owner records and manual renewal/history/lifecycle only. Remaining refs, observations, reminders, source integration, sensitive projections and full AC/module acceptance stay open."
FX-38,digital.asset.archive,COMMAND,SELF,Resolved delegated,Resolved delegated: action contract; source business rules unchanged,true,,FX38-S01,InstalledSubsetWithFocusedEvidence,InstalledBoundedSubset,src/Nexora.Infrastructure/Assets/SqlDigitalAssetService.cs;src/Nexora.Api/Features/Assets/DigitalAssetEndpoints.cs,FX38 manual typed metadata and renewal subset; digital-assets-contract.md,digital-assets-evidence.md; digital-assets-source-hashes.json; digital-assets-browser-evidence.json,False,"Six typed owner records and manual renewal/history/lifecycle only. Remaining refs, observations, reminders, source integration, sensitive projections and full AC/module acceptance stay open."
FX-38,digital.asset.unarchive,COMMAND,SELF,Resolved delegated,Resolved delegated: action contract; source business rules unchanged,true,,FX38-S01,InstalledSubsetWithFocusedEvidence,InstalledBoundedSubset,src/Nexora.Infrastructure/Assets/SqlDigitalAssetService.cs;src/Nexora.Api/Features/Assets/DigitalAssetEndpoints.cs,FX38 manual typed metadata and renewal subset; digital-assets-contract.md,digital-assets-evidence.md; digital-assets-source-hashes.json; digital-assets-browser-evidence.json,False,"Six typed owner records and manual renewal/history/lifecycle only. Remaining refs, observations, reminders, source integration, sensitive projections and full AC/module acceptance stay open."
FX-38,digital.asset.trash,COMMAND,SELF,Resolved delegated,Resolved delegated: action contract; source business rules unchanged,true,,FX38-S01,InstalledSubsetWithFocusedEvidence,InstalledBoundedSubset,src/Nexora.Infrastructure/Assets/SqlDigitalAssetService.cs;src/Nexora.Api/Features/Assets/DigitalAssetEndpoints.cs,FX38 manual typed metadata and renewal subset; digital-assets-contract.md,digital-assets-evidence.md; digital-assets-source-hashes.json; digital-assets-browser-evidence.json,False,"Six typed owner records and manual renewal/history/lifecycle only. Remaining refs, observations, reminders, source integration, sensitive projections and full AC/module acceptance stay open."
FX-38,digital.asset.restore,COMMAND,SELF,Resolved delegated,Resolved delegated: action contract; source business rules unchanged,true,,FX38-S01,InstalledSubsetWithFocusedEvidence,InstalledBoundedSubset,src/Nexora.Infrastructure/Assets/SqlDigitalAssetService.cs;src/Nexora.Api/Features/Assets/DigitalAssetEndpoints.cs,FX38 manual typed metadata and renewal subset; digital-assets-contract.md,digital-assets-evidence.md; digital-assets-source-hashes.json; digital-assets-browser-evidence.json,False,"Six typed owner records and manual renewal/history/lifecycle only. Remaining refs, observations, reminders, source integration, sensitive projections and full AC/module acceptance stay open."
FX-38,digital.asset.purge,COMMAND,SELF,Resolved delegated,Resolved delegated: action contract; source business rules unchanged,true,,FX38-S01,InstalledSubsetWithFocusedEvidence,InstalledBoundedSubset,src/Nexora.Infrastructure/Assets/SqlDigitalAssetService.cs;src/Nexora.Api/Features/Assets/DigitalAssetEndpoints.cs,FX38 manual typed metadata and renewal subset; digital-assets-contract.md,digital-assets-evidence.md; digital-assets-source-hashes.json; digital-assets-browser-evidence.json,False,"Six typed owner records and manual renewal/history/lifecycle only. Remaining refs, observations, reminders, source integration, sensitive projections and full AC/module acceptance stay open."
FX-38,digital.asset.history,QUERY,SELF,Resolved delegated,Resolved delegated: action contract; source business rules unchanged,true,,FX38-S04,InstalledSubsetWithFocusedEvidence,InstalledBoundedSubset,src/Nexora.Infrastructure/Assets/SqlDigitalAssetService.cs;src/Nexora.Api/Features/Assets/DigitalAssetEndpoints.cs,FX38 manual typed metadata and renewal subset; digital-assets-contract.md,digital-assets-evidence.md; digital-assets-source-hashes.json; digital-assets-browser-evidence.json,False,"Six typed owner records and manual renewal/history/lifecycle only. Remaining refs, observations, reminders, source integration, sensitive projections and full AC/module acceptance stay open."
FX-38,digital.renewal.record,COMMAND,SELF,Resolved delegated,Resolved delegated: action contract; source business rules unchanged,true,,FX38-S04,InstalledSubsetWithFocusedEvidence,InstalledBoundedSubset,src/Nexora.Infrastructure/Assets/SqlDigitalAssetService.cs;src/Nexora.Api/Features/Assets/DigitalAssetEndpoints.cs,FX38 manual typed metadata and renewal subset; digital-assets-contract.md,digital-assets-evidence.md; digital-assets-source-hashes.json; digital-assets-browser-evidence.json,False,"Six typed owner records and manual renewal/history/lifecycle only. Remaining refs, observations, reminders, source integration, sensitive projections and full AC/module acceptance stay open."
FX-38,digital.credential.reference,COMMAND,SELF,Blocked,Blocked Q-04 for Vault resolution,false,,FX38-S02,MissingImplementation,POLICY_APPROVED_IMPLEMENTATION_GATED,,,,False,Main effective overlay requires exact future source/reference/sensitive/network slice; no automatic ledger write or Vault reveal.
FX-38,digital.observation.inspect,COMMAND,SELF,Blocked,DEP-EXT-01: outbound ingestion boundary needs clarification,false,,FX38-S03,MissingImplementation,POLICY_APPROVED_IMPLEMENTATION_GATED,,,,False,Main effective overlay requires exact future source/reference/sensitive/network slice; no automatic ledger write or Vault reveal.
FX-38,digital.certificate.parse,LOCAL,SELF,Resolved delegated,Resolved delegated: action contract; source business rules unchanged,true,,FX38-S02,MissingImplementation,ContractPending,,,,False,Current user authorizes local unaffected implementation; concrete slice contracts/source integration and execution evidence remain required.
FX-38,digital.asset.set_reminder,COMMAND,SELF,Resolved delegated,Resolved delegated: action contract; source business rules unchanged,true,,FX38-S03,MissingImplementation,ContractPending,,,,False,Current user authorizes local unaffected implementation; concrete slice contracts/source integration and execution evidence remain required.
FX-38,digital.asset.share,COMPOSITE,SELF,Blocked,Blocked Q-03,false,sharing.link.read,FX38-S03,MissingImplementation,SENSITIVE_PROJECTION_GATED,,,,False,Main DEC-20260909-005 policy resolved; concrete field projection/owner selection/current authority contract remains required.
FX-39,career.job.read,QUERY,SELF,Resolved delegated,Resolved delegated: action contract; source business rules unchanged,true,,FX39-S01,InstalledSubsetWithFocusedEvidence,PartialInstalledContract,src/Nexora.Api/Features/Career/CareerEndpoints.cs;src/Nexora.Infrastructure/Career/SqlCareerService.cs,career-manual-contract.md;typed career tables/migration0040;/api/v1/career;CareerScreen,career-evidence.md;career-browser-evidence.json;career-source-hashes.json,False,Bounded manual Company/Job fields only. Contact/Resume/Calendar/source-reference and full module/AC acceptance remain open.
FX-39,career.job.create,COMMAND,SELF,Resolved delegated,Resolved delegated: action contract; source business rules unchanged,true,,FX39-S02,InstalledSubsetWithFocusedEvidence,PartialInstalledContract,src/Nexora.Api/Features/Career/CareerEndpoints.cs;src/Nexora.Infrastructure/Career/SqlCareerService.cs,career-manual-contract.md;typed career tables/migration0040;/api/v1/career;CareerScreen,career-evidence.md;career-browser-evidence.json;career-source-hashes.json,False,Bounded manual Company/Job fields only. Contact/Resume/Calendar/source-reference and full module/AC acceptance remain open.
FX-39,career.job.update,COMMAND,SELF,Resolved delegated,Resolved delegated: action contract; source business rules unchanged,true,career.job.read,FX39-S02,InstalledSubsetWithFocusedEvidence,PartialInstalledContract,src/Nexora.Api/Features/Career/CareerEndpoints.cs;src/Nexora.Infrastructure/Career/SqlCareerService.cs,career-manual-contract.md;typed career tables/migration0040;/api/v1/career;CareerScreen,career-evidence.md;career-browser-evidence.json;career-source-hashes.json,False,Bounded manual Company/Job fields only. Contact/Resume/Calendar/source-reference and full module/AC acceptance remain open.
FX-39,career.job.transition,COMMAND,SELF,Resolved delegated,Resolved delegated: action contract; source business rules unchanged,true,,FX39-S01,InstalledSubsetWithFocusedEvidence,PartialInstalledContract,src/Nexora.Api/Features/Career/CareerEndpoints.cs;src/Nexora.Infrastructure/Career/SqlCareerService.cs,career-manual-contract.md;typed career tables/migration0040;/api/v1/career;CareerScreen,career-evidence.md;career-browser-evidence.json;career-source-hashes.json,False,Bounded manual Company/Job fields only. Contact/Resume/Calendar/source-reference and full module/AC acceptance remain open.
FX-39,career.job.trash,COMMAND,SELF,Resolved delegated,Resolved delegated: action contract; source business rules unchanged,true,,FX39-S01,InstalledSubsetWithFocusedEvidence,PartialInstalledContract,src/Nexora.Api/Features/Career/CareerEndpoints.cs;src/Nexora.Infrastructure/Career/SqlCareerService.cs,career-manual-contract.md;typed career tables/migration0040;/api/v1/career;CareerScreen,career-evidence.md;career-browser-evidence.json;career-source-hashes.json,False,Bounded manual Company/Job fields only. Contact/Resume/Calendar/source-reference and full module/AC acceptance remain open.
FX-39,career.job.restore,COMMAND,SELF,Resolved delegated,Resolved delegated: action contract; source business rules unchanged,true,,FX39-S01,InstalledSubsetWithFocusedEvidence,PartialInstalledContract,src/Nexora.Api/Features/Career/CareerEndpoints.cs;src/Nexora.Infrastructure/Career/SqlCareerService.cs,career-manual-contract.md;typed career tables/migration0040;/api/v1/career;CareerScreen,career-evidence.md;career-browser-evidence.json;career-source-hashes.json,False,Bounded manual Company/Job fields only. Contact/Resume/Calendar/source-reference and full module/AC acceptance remain open.
FX-39,career.job.purge,COMMAND,SELF,Resolved delegated,Resolved delegated: action contract; source business rules unchanged,true,,FX39-S01,InstalledSubsetWithFocusedEvidence,PartialInstalledContract,src/Nexora.Api/Features/Career/CareerEndpoints.cs;src/Nexora.Infrastructure/Career/SqlCareerService.cs,career-manual-contract.md;typed career tables/migration0040;/api/v1/career;CareerScreen,career-evidence.md;career-browser-evidence.json;career-source-hashes.json,False,Bounded manual Company/Job fields only. Contact/Resume/Calendar/source-reference and full module/AC acceptance remain open.
FX-39,career.job.history,QUERY,SELF,Resolved delegated,Resolved delegated: action contract; source business rules unchanged,true,,FX39-S07,InstalledSubsetWithFocusedEvidence,PartialInstalledContract,src/Nexora.Api/Features/Career/CareerEndpoints.cs;src/Nexora.Infrastructure/Career/SqlCareerService.cs,career-manual-contract.md;typed career tables/migration0040;/api/v1/career;CareerScreen,career-evidence.md;career-browser-evidence.json;career-source-hashes.json,False,Bounded manual Company/Job fields only. Contact/Resume/Calendar/source-reference and full module/AC acceptance remain open.
FX-39,career.company.read,QUERY,SELF,Resolved delegated,Resolved delegated: action contract; source business rules unchanged,true,,FX39-S03,InstalledSubsetWithFocusedEvidence,PartialInstalledContract,src/Nexora.Api/Features/Career/CareerEndpoints.cs;src/Nexora.Infrastructure/Career/SqlCareerService.cs,career-manual-contract.md;typed career tables/migration0040;/api/v1/career;CareerScreen,career-evidence.md;career-browser-evidence.json;career-source-hashes.json,False,Bounded manual Company/Job fields only. Contact/Resume/Calendar/source-reference and full module/AC acceptance remain open.
FX-39,career.company.create,COMMAND,SELF,Resolved delegated,Resolved delegated: action contract; source business rules unchanged,true,,FX39-S03,InstalledSubsetWithFocusedEvidence,PartialInstalledContract,src/Nexora.Api/Features/Career/CareerEndpoints.cs;src/Nexora.Infrastructure/Career/SqlCareerService.cs,career-manual-contract.md;typed career tables/migration0040;/api/v1/career;CareerScreen,career-evidence.md;career-browser-evidence.json;career-source-hashes.json,False,Bounded manual Company/Job fields only. Contact/Resume/Calendar/source-reference and full module/AC acceptance remain open.
FX-39,career.company.update,COMMAND,SELF,Resolved delegated,Resolved delegated: action contract; source business rules unchanged,true,career.company.read,FX39-S03,InstalledSubsetWithFocusedEvidence,PartialInstalledContract,src/Nexora.Api/Features/Career/CareerEndpoints.cs;src/Nexora.Infrastructure/Career/SqlCareerService.cs,career-manual-contract.md;typed career tables/migration0040;/api/v1/career;CareerScreen,career-evidence.md;career-browser-evidence.json;career-source-hashes.json,False,Bounded manual Company/Job fields only. Contact/Resume/Calendar/source-reference and full module/AC acceptance remain open.
FX-39,career.company.merge,COMMAND,SELF,Resolved delegated,Resolved delegated: action contract; source business rules unchanged,true,,FX39-S03,InstalledSubsetWithFocusedEvidence,PartialInstalledContract,src/Nexora.Api/Features/Career/CareerEndpoints.cs;src/Nexora.Infrastructure/Career/SqlCareerService.cs,career-manual-contract.md;typed career tables/migration0040;/api/v1/career;CareerScreen,career-evidence.md;career-browser-evidence.json;career-source-hashes.json,False,Bounded manual Company/Job fields only. Contact/Resume/Calendar/source-reference and full module/AC acceptance remain open.
FX-39,career.interview.read,QUERY,SELF,Superseded,DEC-20260907-Q12: replaced by internal Calendar appointment link,false,,FX39-S04,ExcludedRetired,Retired,,,,False,Main superseded key: do not restore.
FX-39,career.interview.create,COMMAND,SELF,Superseded,DEC-20260907-Q12: replaced by internal Calendar appointment link,false,,FX39-S04,ExcludedRetired,Retired,,,,False,Main superseded key: do not restore.
FX-39,career.interview.update,COMMAND,SELF,Superseded,DEC-20260907-Q12: replaced by internal Calendar appointment link,false,career.interview.read,FX39-S04,ExcludedRetired,Retired,,,,False,Main superseded key: do not restore.
FX-39,career.interview.complete,COMMAND,SELF,Superseded,DEC-20260907-Q12: replaced by internal Calendar appointment link,false,,FX39-S04,ExcludedRetired,Retired,,,,False,Main superseded key: do not restore.
FX-39,career.interview.cancel,COMMAND,SELF,Superseded,DEC-20260907-Q12: replaced by internal Calendar appointment link,false,,FX39-S04,ExcludedRetired,Retired,,,,False,Main superseded key: do not restore.
FX-39,career.interview.link_calendar,COMPOSITE,SELF,Superseded,DEC-20260907-Q12: replaced by internal Calendar appointment link,false,,FX39-S04,ExcludedRetired,Retired,,,,False,Main superseded key: do not restore.
FX-39,career.resume.read,QUERY,SELF,Resolved delegated,Resolved delegated: action contract; source business rules unchanged,true,,FX39-S05,MissingImplementation,ContractPending,,,,False,Current user authorizes local unaffected implementation; concrete slice contracts/source integration and execution evidence remain required.
FX-39,career.resume.create,COMMAND,SELF,Resolved delegated,Resolved delegated: action contract; source business rules unchanged,true,,FX39-S05,MissingImplementation,ContractPending,,,,False,Current user authorizes local unaffected implementation; concrete slice contracts/source integration and execution evidence remain required.
FX-39,career.resume.update,COMMAND,SELF,Resolved delegated,Resolved delegated: action contract; source business rules unchanged,true,career.resume.read,FX39-S05,MissingImplementation,ContractPending,,,,False,Current user authorizes local unaffected implementation; concrete slice contracts/source integration and execution evidence remain required.
FX-39,career.resume.upload_version,COMMAND,SELF,Resolved delegated,DEC-20260907-Q11: DOCX/MD basic Resume input,true,,FX39-S05,MissingImplementation,ContractPending,,,,False,Current user authorizes local unaffected implementation; concrete slice contracts/source integration and execution evidence remain required.
FX-39,career.resume.select_document,COMMAND,SELF,Resolved delegated,Resolved delegated: action contract; source business rules unchanged,true,,FX39-S05,MissingImplementation,ContractPending,,,,False,Current user authorizes local unaffected implementation; concrete slice contracts/source integration and execution evidence remain required.
FX-39,career.resume.download,COMMAND,SELF,Resolved delegated,Resolved delegated: action contract; source business rules unchanged,true,,FX39-S06,MissingImplementation,ContractPending,,,,False,Current user authorizes local unaffected implementation; concrete slice contracts/source integration and execution evidence remain required.
FX-39,career.resume.archive,COMMAND,SELF,Resolved delegated,Resolved delegated: action contract; source business rules unchanged,true,,FX39-S05,MissingImplementation,ContractPending,,,,False,Current user authorizes local unaffected implementation; concrete slice contracts/source integration and execution evidence remain required.
FX-39,career.resume.unarchive,COMMAND,SELF,Resolved delegated,Resolved delegated: action contract; source business rules unchanged,true,,FX39-S05,MissingImplementation,ContractPending,,,,False,Current user authorizes local unaffected implementation; concrete slice contracts/source integration and execution evidence remain required.
FX-39,career.resume.trash,COMMAND,SELF,Resolved delegated,Resolved delegated: action contract; source business rules unchanged,true,,FX39-S05,MissingImplementation,ContractPending,,,,False,Current user authorizes local unaffected implementation; concrete slice contracts/source integration and execution evidence remain required.
FX-39,career.resume.restore,COMMAND,SELF,Resolved delegated,Resolved delegated: action contract; source business rules unchanged,true,,FX39-S05,MissingImplementation,ContractPending,,,,False,Current user authorizes local unaffected implementation; concrete slice contracts/source integration and execution evidence remain required.
FX-39,career.resume.purge,COMMAND,SELF,Resolved delegated,Resolved delegated: action contract; source business rules unchanged,true,,FX39-S05,MissingImplementation,ContractPending,,,,False,Current user authorizes local unaffected implementation; concrete slice contracts/source integration and execution evidence remain required.
FX-39,career.resume.history,QUERY,SELF,Resolved delegated,Resolved delegated: action contract; source business rules unchanged,true,,FX39-S07,MissingImplementation,ContractPending,,,,False,Current user authorizes local unaffected implementation; concrete slice contracts/source integration and execution evidence remain required.
FX-39,career.resume.share,COMPOSITE,SELF,Resolved delegated,Resolved delegated: action contract; source business rules unchanged,true,sharing.link.read,FX39-S06,MissingImplementation,SENSITIVE_PROJECTION_GATED,,,,False,Main DEC-20260909-005 policy resolved; concrete field projection/owner selection/current authority contract remains required.
FX-39,career.application.attach_resume,COMMAND,SELF,Resolved delegated,Resolved delegated: action contract; source business rules unchanged,true,,FX39-S02,MissingImplementation,ContractPending,,,,False,Current user authorizes local unaffected implementation; concrete slice contracts/source integration and execution evidence remain required.
FX-39,career.resume.convert,COMMAND,SELF,Resolved delegated,DEC-20260907-Q11; DOCX/MD basic subset,true,,FX39-S06,MissingImplementation,ContractPending,,,,False,Current user authorizes local unaffected implementation; concrete slice contracts/source integration and execution evidence remain required.
FX-40,learning.skill.read,QUERY,SELF,Resolved delegated,Resolved delegated: action contract; source business rules unchanged,true,,FX40-S02,InstalledSubsetWithFocusedEvidence,ReviewedInstalledSubset,src/Nexora.Infrastructure\Learning\SqlSkillService.cs,src/Nexora.Infrastructure/Learning/SqlSkillService.cs,skill-evidence.md,False,"Installed bounded local contract/source/evidence. Semantic fields, dependencies and full-action acceptance remain limited to stated evidence."
FX-40,learning.skill.create,COMMAND,SELF,Resolved delegated,Resolved delegated: action contract; source business rules unchanged,true,,FX40-S02,InstalledSubsetWithFocusedEvidence,ReviewedInstalledSubset,src/Nexora.Infrastructure\Learning\SqlSkillService.cs,src/Nexora.Infrastructure/Learning/SqlSkillService.cs,skill-evidence.md,False,"Installed bounded local contract/source/evidence. Semantic fields, dependencies and full-action acceptance remain limited to stated evidence."
FX-40,learning.skill.update,COMMAND,SELF,Resolved delegated,Resolved delegated: action contract; source business rules unchanged,true,learning.skill.read,FX40-S02,InstalledSubsetWithFocusedEvidence,ReviewedInstalledSubset,src/Nexora.Infrastructure\Learning\SqlSkillService.cs,src/Nexora.Infrastructure/Learning/SqlSkillService.cs,skill-evidence.md,False,"Installed bounded local contract/source/evidence. Semantic fields, dependencies and full-action acceptance remain limited to stated evidence."
FX-40,learning.skill.proficiency,COMMAND,SELF,Resolved delegated,Resolved delegated: action contract; source business rules unchanged,true,,FX40-S02,InstalledSubsetWithFocusedEvidence,ReviewedInstalledSubset,src/Nexora.Infrastructure\Learning\SqlSkillService.cs,src/Nexora.Infrastructure/Learning/SqlSkillService.cs,skill-evidence.md,False,"Installed bounded local contract/source/evidence. Semantic fields, dependencies and full-action acceptance remain limited to stated evidence."
FX-40,learning.skill.evidence,COMMAND,SELF,Resolved delegated,Resolved delegated: action contract; source business rules unchanged,true,,FX40-S02,MissingImplementation,ContractPending,,,,False,Current user authorizes local unaffected implementation; concrete slice contracts/source integration and execution evidence remain required.
FX-40,learning.skill.merge,COMMAND,SELF,Resolved delegated,Resolved delegated: action contract; source business rules unchanged,true,,FX40-S02,MissingImplementation,ContractPending,,,,False,Current user authorizes local unaffected implementation; concrete slice contracts/source integration and execution evidence remain required.
FX-40,learning.skill.archive,COMMAND,SELF,Resolved delegated,Resolved delegated: action contract; source business rules unchanged,true,,FX40-S02,InstalledSubsetWithFocusedEvidence,ReviewedInstalledSubset,src/Nexora.Infrastructure\Learning\SqlSkillService.cs,src/Nexora.Infrastructure/Learning/SqlSkillService.cs,skill-evidence.md,False,"Installed bounded local contract/source/evidence. Semantic fields, dependencies and full-action acceptance remain limited to stated evidence."
FX-40,learning.skill.unarchive,COMMAND,SELF,Resolved delegated,Resolved delegated: action contract; source business rules unchanged,true,,FX40-S02,InstalledSubsetWithFocusedEvidence,ReviewedInstalledSubset,src/Nexora.Infrastructure\Learning\SqlSkillService.cs,src/Nexora.Infrastructure/Learning/SqlSkillService.cs,skill-evidence.md,False,"Installed bounded local contract/source/evidence. Semantic fields, dependencies and full-action acceptance remain limited to stated evidence."
FX-40,learning.skill.trash,COMMAND,SELF,Resolved delegated,Resolved delegated: action contract; source business rules unchanged,true,,FX40-S02,InstalledSubsetWithFocusedEvidence,ReviewedInstalledSubset,src/Nexora.Infrastructure\Learning\SqlSkillService.cs,src/Nexora.Infrastructure/Learning/SqlSkillService.cs,skill-evidence.md,False,"Installed bounded local contract/source/evidence. Semantic fields, dependencies and full-action acceptance remain limited to stated evidence."
FX-40,learning.skill.restore,COMMAND,SELF,Resolved delegated,Resolved delegated: action contract; source business rules unchanged,true,,FX40-S02,InstalledSubsetWithFocusedEvidence,ReviewedInstalledSubset,src/Nexora.Infrastructure\Learning\SqlSkillService.cs,src/Nexora.Infrastructure/Learning/SqlSkillService.cs,skill-evidence.md,False,"Installed bounded local contract/source/evidence. Semantic fields, dependencies and full-action acceptance remain limited to stated evidence."
FX-40,learning.skill.purge,COMMAND,SELF,Resolved delegated,Resolved delegated: action contract; source business rules unchanged,true,,FX40-S02,InstalledSubsetWithFocusedEvidence,ReviewedInstalledSubset,src/Nexora.Infrastructure\Learning\SqlSkillService.cs,src/Nexora.Infrastructure/Learning/SqlSkillService.cs,skill-evidence.md,False,"Installed bounded local contract/source/evidence. Semantic fields, dependencies and full-action acceptance remain limited to stated evidence."
FX-40,learning.course.read,QUERY,SELF,Resolved delegated,Resolved delegated: action contract; source business rules unchanged,true,,FX40-S03,InstalledSubsetWithFocusedEvidence,ReviewedInstalledSubset,src/Nexora.Infrastructure\Learning\SqlCourseService.cs,src/Nexora.Infrastructure/Learning/SqlCourseService.cs,course-evidence.md,False,"Installed bounded local contract/source/evidence. Semantic fields, dependencies and full-action acceptance remain limited to stated evidence."
FX-40,learning.course.create,COMMAND,SELF,Resolved delegated,Resolved delegated: action contract; source business rules unchanged,true,,FX40-S03,InstalledSubsetWithFocusedEvidence,ReviewedInstalledSubset,src/Nexora.Infrastructure\Learning\SqlCourseService.cs,src/Nexora.Infrastructure/Learning/SqlCourseService.cs,course-evidence.md,False,"Installed bounded local contract/source/evidence. Semantic fields, dependencies and full-action acceptance remain limited to stated evidence."
FX-40,learning.course.update,COMMAND,SELF,Resolved delegated,Resolved delegated: action contract; source business rules unchanged,true,learning.course.read,FX40-S03,InstalledSubsetWithFocusedEvidence,ReviewedInstalledSubset,src/Nexora.Infrastructure\Learning\SqlCourseService.cs,src/Nexora.Infrastructure/Learning/SqlCourseService.cs,course-evidence.md,False,"Installed bounded local contract/source/evidence. Semantic fields, dependencies and full-action acceptance remain limited to stated evidence."
FX-40,learning.course.progress,COMMAND,SELF,Resolved delegated,Resolved delegated: action contract; source business rules unchanged,true,,FX40-S03,InstalledSubsetWithFocusedEvidence,ReviewedInstalledSubset,src/Nexora.Infrastructure\Learning\SqlCourseService.cs,src/Nexora.Infrastructure/Learning/SqlCourseService.cs,course-evidence.md,False,"Installed bounded local contract/source/evidence. Semantic fields, dependencies and full-action acceptance remain limited to stated evidence."
FX-40,learning.course.milestone,COMMAND,SELF,Resolved delegated,Resolved delegated: action contract; source business rules unchanged,true,,FX40-S03,InstalledSubsetWithFocusedEvidence,ReviewedInstalledSubset,src/Nexora.Infrastructure\Learning\SqlCourseService.cs,src/Nexora.Infrastructure/Learning/SqlCourseService.cs,course-evidence.md,False,"Installed bounded local contract/source/evidence. Semantic fields, dependencies and full-action acceptance remain limited to stated evidence."
FX-40,learning.course.complete,COMMAND,SELF,Resolved delegated,Resolved delegated: action contract; source business rules unchanged,true,,FX40-S03,InstalledSubsetWithFocusedEvidence,ReviewedInstalledSubset,src/Nexora.Infrastructure\Learning\SqlCourseService.cs,src/Nexora.Infrastructure/Learning/SqlCourseService.cs,course-evidence.md,False,"Installed bounded local contract/source/evidence. Semantic fields, dependencies and full-action acceptance remain limited to stated evidence."
FX-40,learning.course.abandon,COMMAND,SELF,Resolved delegated,Resolved delegated: action contract; source business rules unchanged,true,,FX40-S03,InstalledSubsetWithFocusedEvidence,ReviewedInstalledSubset,src/Nexora.Infrastructure\Learning\SqlCourseService.cs,src/Nexora.Infrastructure/Learning/SqlCourseService.cs,course-evidence.md,False,"Installed bounded local contract/source/evidence. Semantic fields, dependencies and full-action acceptance remain limited to stated evidence."
FX-40,learning.course.archive,COMMAND,SELF,Resolved delegated,Resolved delegated: action contract; source business rules unchanged,true,,FX40-S03,InstalledSubsetWithFocusedEvidence,ReviewedInstalledSubset,src/Nexora.Infrastructure\Learning\SqlCourseService.cs,src/Nexora.Infrastructure/Learning/SqlCourseService.cs,course-evidence.md,False,"Installed bounded local contract/source/evidence. Semantic fields, dependencies and full-action acceptance remain limited to stated evidence."
FX-40,learning.course.unarchive,COMMAND,SELF,Resolved delegated,Resolved delegated: action contract; source business rules unchanged,true,,FX40-S03,InstalledSubsetWithFocusedEvidence,ReviewedInstalledSubset,src/Nexora.Infrastructure\Learning\SqlCourseService.cs,src/Nexora.Infrastructure/Learning/SqlCourseService.cs,course-evidence.md,False,"Installed bounded local contract/source/evidence. Semantic fields, dependencies and full-action acceptance remain limited to stated evidence."
FX-40,learning.course.trash,COMMAND,SELF,Resolved delegated,Resolved delegated: action contract; source business rules unchanged,true,,FX40-S03,InstalledSubsetWithFocusedEvidence,ReviewedInstalledSubset,src/Nexora.Infrastructure\Learning\SqlCourseService.cs,src/Nexora.Infrastructure/Learning/SqlCourseService.cs,course-evidence.md,False,"Installed bounded local contract/source/evidence. Semantic fields, dependencies and full-action acceptance remain limited to stated evidence."
FX-40,learning.course.restore,COMMAND,SELF,Resolved delegated,Resolved delegated: action contract; source business rules unchanged,true,,FX40-S03,InstalledSubsetWithFocusedEvidence,ReviewedInstalledSubset,src/Nexora.Infrastructure\Learning\SqlCourseService.cs,src/Nexora.Infrastructure/Learning/SqlCourseService.cs,course-evidence.md,False,"Installed bounded local contract/source/evidence. Semantic fields, dependencies and full-action acceptance remain limited to stated evidence."
FX-40,learning.course.purge,COMMAND,SELF,Resolved delegated,Resolved delegated: action contract; source business rules unchanged,true,,FX40-S03,InstalledSubsetWithFocusedEvidence,ReviewedInstalledSubset,src/Nexora.Infrastructure\Learning\SqlCourseService.cs,src/Nexora.Infrastructure/Learning/SqlCourseService.cs,course-evidence.md,False,"Installed bounded local contract/source/evidence. Semantic fields, dependencies and full-action acceptance remain limited to stated evidence."
FX-40,learning.certification.read,QUERY,SELF,Resolved delegated,Resolved delegated: action contract; source business rules unchanged,true,,FX40-S04,MissingImplementation,ContractPending,,,,False,Current user authorizes local unaffected implementation; concrete slice contracts/source integration and execution evidence remain required.
FX-40,learning.certification.create,COMMAND,SELF,Resolved delegated,Resolved delegated: action contract; source business rules unchanged,true,,FX40-S04,MissingImplementation,ContractPending,,,,False,Current user authorizes local unaffected implementation; concrete slice contracts/source integration and execution evidence remain required.
FX-40,learning.certification.update,COMMAND,SELF,Resolved delegated,Resolved delegated: action contract; source business rules unchanged,true,learning.certification.read,FX40-S04,MissingImplementation,ContractPending,,,,False,Current user authorizes local unaffected implementation; concrete slice contracts/source integration and execution evidence remain required.
FX-40,learning.certification.renew,COMMAND,SELF,Resolved delegated,Resolved delegated: action contract; source business rules unchanged,true,,FX40-S04,MissingImplementation,ContractPending,,,,False,Current user authorizes local unaffected implementation; concrete slice contracts/source integration and execution evidence remain required.
FX-40,learning.certification.evidence,COMMAND,SELF,Resolved delegated,Resolved delegated: action contract; source business rules unchanged,true,,FX40-S04,MissingImplementation,ContractPending,,,,False,Current user authorizes local unaffected implementation; concrete slice contracts/source integration and execution evidence remain required.
FX-40,learning.certification.set_reminder,COMMAND,SELF,Resolved delegated,Resolved delegated: action contract; source business rules unchanged,true,,FX40-S04,MissingImplementation,ContractPending,,,,False,Current user authorizes local unaffected implementation; concrete slice contracts/source integration and execution evidence remain required.
FX-40,learning.certification.share,COMPOSITE,SELF,Blocked,Blocked Q-03,false,sharing.link.read,FX40-S04,MissingImplementation,SENSITIVE_PROJECTION_GATED,,,,False,Main DEC-20260909-005 policy resolved; concrete field projection/owner selection/current authority contract remains required.
FX-40,learning.plan.read,QUERY,SELF,Resolved delegated,Resolved delegated: action contract; source business rules unchanged,true,,FX40-S05,MissingImplementation,ContractPending,,,,False,Current user authorizes local unaffected implementation; concrete slice contracts/source integration and execution evidence remain required.
FX-40,learning.plan.create,COMMAND,SELF,Resolved delegated,Resolved delegated: action contract; source business rules unchanged,true,,FX40-S05,MissingImplementation,ContractPending,,,,False,Current user authorizes local unaffected implementation; concrete slice contracts/source integration and execution evidence remain required.
FX-40,learning.plan.update,COMMAND,SELF,Resolved delegated,Resolved delegated: action contract; source business rules unchanged,true,learning.plan.read,FX40-S05,MissingImplementation,ContractPending,,,,False,Current user authorizes local unaffected implementation; concrete slice contracts/source integration and execution evidence remain required.
FX-40,learning.plan.link,COMMAND,SELF,Resolved delegated,Resolved delegated: action contract; source business rules unchanged,true,,FX40-S05,MissingImplementation,ContractPending,,,,False,Current user authorizes local unaffected implementation; concrete slice contracts/source integration and execution evidence remain required.
FX-40,learning.plan.unlink,COMMAND,SELF,Resolved delegated,Resolved delegated: action contract; source business rules unchanged,true,,FX40-S05,MissingImplementation,ContractPending,,,,False,Current user authorizes local unaffected implementation; concrete slice contracts/source integration and execution evidence remain required.
FX-40,learning.plan.reorder,COMMAND,SELF,Resolved delegated,Resolved delegated: action contract; source business rules unchanged,true,,FX40-S05,MissingImplementation,ContractPending,,,,False,Current user authorizes local unaffected implementation; concrete slice contracts/source integration and execution evidence remain required.
FX-40,learning.plan.complete,COMMAND,SELF,Resolved delegated,Resolved delegated: action contract; source business rules unchanged,true,,FX40-S05,MissingImplementation,ContractPending,,,,False,Current user authorizes local unaffected implementation; concrete slice contracts/source integration and execution evidence remain required.
FX-40,learning.plan.archive,COMMAND,SELF,Resolved delegated,Resolved delegated: action contract; source business rules unchanged,true,,FX40-S05,MissingImplementation,ContractPending,,,,False,Current user authorizes local unaffected implementation; concrete slice contracts/source integration and execution evidence remain required.
FX-40,learning.plan.unarchive,COMMAND,SELF,Resolved delegated,Resolved delegated: action contract; source business rules unchanged,true,,FX40-S05,MissingImplementation,ContractPending,,,,False,Current user authorizes local unaffected implementation; concrete slice contracts/source integration and execution evidence remain required.
FX-40,learning.plan.trash,COMMAND,SELF,Resolved delegated,Resolved delegated: action contract; source business rules unchanged,true,,FX40-S05,MissingImplementation,ContractPending,,,,False,Current user authorizes local unaffected implementation; concrete slice contracts/source integration and execution evidence remain required.
FX-40,learning.plan.restore,COMMAND,SELF,Resolved delegated,Resolved delegated: action contract; source business rules unchanged,true,,FX40-S05,MissingImplementation,ContractPending,,,,False,Current user authorizes local unaffected implementation; concrete slice contracts/source integration and execution evidence remain required.
FX-40,learning.plan.purge,COMMAND,SELF,Resolved delegated,Resolved delegated: action contract; source business rules unchanged,true,,FX40-S05,MissingImplementation,ContractPending,,,,False,Current user authorizes local unaffected implementation; concrete slice contracts/source integration and execution evidence remain required.
FX-40,learning.worklog.read,QUERY,SELF,Resolved delegated,Resolved delegated: action contract; source business rules unchanged,true,,FX40-S06,MissingImplementation,ContractPending,,,,False,Current user authorizes local unaffected implementation; concrete slice contracts/source integration and execution evidence remain required.
FX-40,learning.worklog.create,COMMAND,SELF,Resolved delegated,Resolved delegated: action contract; source business rules unchanged,true,,FX40-S06,MissingImplementation,ContractPending,,,,False,Current user authorizes local unaffected implementation; concrete slice contracts/source integration and execution evidence remain required.
FX-40,learning.worklog.update,COMMAND,SELF,Resolved delegated,Resolved delegated: action contract; source business rules unchanged,true,learning.worklog.read,FX40-S06,MissingImplementation,ContractPending,,,,False,Current user authorizes local unaffected implementation; concrete slice contracts/source integration and execution evidence remain required.
FX-40,learning.worklog.link_time,COMMAND,SELF,Resolved delegated,Resolved delegated: action contract; source business rules unchanged,true,,FX40-S06,MissingImplementation,ContractPending,,,,False,Current user authorizes local unaffected implementation; concrete slice contracts/source integration and execution evidence remain required.
FX-40,learning.worklog.archive,COMMAND,SELF,Resolved delegated,Resolved delegated: action contract; source business rules unchanged,true,,FX40-S06,MissingImplementation,ContractPending,,,,False,Current user authorizes local unaffected implementation; concrete slice contracts/source integration and execution evidence remain required.
FX-40,learning.worklog.unarchive,COMMAND,SELF,Resolved delegated,Resolved delegated: action contract; source business rules unchanged,true,,FX40-S06,MissingImplementation,ContractPending,,,,False,Current user authorizes local unaffected implementation; concrete slice contracts/source integration and execution evidence remain required.
FX-40,learning.worklog.trash,COMMAND,SELF,Resolved delegated,Resolved delegated: action contract; source business rules unchanged,true,,FX40-S06,MissingImplementation,ContractPending,,,,False,Current user authorizes local unaffected implementation; concrete slice contracts/source integration and execution evidence remain required.
FX-40,learning.worklog.restore,COMMAND,SELF,Resolved delegated,Resolved delegated: action contract; source business rules unchanged,true,,FX40-S06,MissingImplementation,ContractPending,,,,False,Current user authorizes local unaffected implementation; concrete slice contracts/source integration and execution evidence remain required.
FX-40,learning.worklog.purge,COMMAND,SELF,Resolved delegated,Resolved delegated: action contract; source business rules unchanged,true,,FX40-S06,MissingImplementation,ContractPending,,,,False,Current user authorizes local unaffected implementation; concrete slice contracts/source integration and execution evidence remain required.
FX-40,learning.report.read,QUERY,SELF,Resolved delegated,Resolved delegated: action contract; source business rules unchanged,true,,FX40-S01,MissingImplementation,ContractPending,,,,False,Current user authorizes local unaffected implementation; concrete slice contracts/source integration and execution evidence remain required.
FX-07,files.support.read,QUERY,SUPPORT,Resolved delegated,Resolved delegated: diagnostic projection only; private body excluded unless source scope explicitly permits,true,,FX05-S03;FX05-S05,MissingImplementation,ContractPending,,,,False,Current user authorizes local unaffected implementation; concrete slice contracts/source integration and execution evidence remain required.
FX-18,time.support.read,QUERY,SUPPORT,Resolved delegated,Resolved delegated: diagnostic projection only; private body excluded unless source scope explicitly permits,true,,FX05-S03;FX05-S05,MissingImplementation,ContractPending,,,,False,Current user authorizes local unaffected implementation; concrete slice contracts/source integration and execution evidence remain required.
FX-19,focus.support.read,QUERY,SUPPORT,Resolved delegated,Resolved delegated: diagnostic projection only; private body excluded unless source scope explicitly permits,true,,FX05-S03;FX05-S05,MissingImplementation,ContractPending,,,,False,Current user authorizes local unaffected implementation; concrete slice contracts/source integration and execution evidence remain required.
FX-28,vault.support.read,QUERY,SUPPORT,Blocked,Q-04-R: safe support metadata not confirmed,false,,FX05-S03;FX05-S05,MissingImplementation,SENSITIVE_PROJECTION_GATED,,,,False,Main DEC-20260909-005 policy resolved; concrete field projection/owner selection/current authority contract remains required.
FX-29,news.support.read,QUERY,SUPPORT,Resolved delegated,Resolved delegated: diagnostic projection only; private body excluded unless source scope explicitly permits,true,,FX05-S03;FX05-S05,MissingImplementation,ContractPending,,,,False,Current user authorizes local unaffected implementation; concrete slice contracts/source integration and execution evidence remain required.
FX-30,prices.support.read,QUERY,SUPPORT,Paused,DEC-20260907-Q06/Q07: Paused by Product Owner,false,,FX05-S03;FX05-S05,PreservedPaused,PO_PAUSED,,,,False,Main DEC-20260909-009 and effective overlay: explicit PO resume required; no handler/UI/worker/default enablement.
FX-31,shopping.support.read,QUERY,SUPPORT,Resolved delegated,Resolved delegated: diagnostic projection only; private body excluded unless source scope explicitly permits,true,,FX05-S03;FX05-S05,MissingImplementation,SENSITIVE_PROJECTION_GATED,,,,False,Main DEC-20260909-005 policy resolved; concrete field projection/owner selection/current authority contract remains required.
FX-33,github.support.read,QUERY,SUPPORT,Resolved delegated,Resolved delegated: diagnostic projection only; private body excluded unless source scope explicitly permits,true,,FX05-S03;FX05-S05,MissingImplementation,ContractPending,,,,False,Current user authorizes local unaffected implementation; concrete slice contracts/source integration and execution evidence remain required.
FX-34,automation.support.read,QUERY,SUPPORT,Paused,DEC-20260907-Q06/Q07: Paused by Product Owner,false,,FX05-S03;FX05-S05,PreservedPaused,PO_PAUSED,,,,False,Main DEC-20260909-009 and effective overlay: explicit PO resume required; no handler/UI/worker/default enablement.
FX-35,integrations.support.read,QUERY,SUPPORT,Paused,DEC-20260907-Q06/Q07: Paused by Product Owner,false,,FX05-S03;FX05-S05,PreservedPaused,PO_PAUSED,,,,False,Main DEC-20260909-009 and effective overlay: explicit PO resume required; no handler/UI/worker/default enablement.
FX-36,monitoring.support.read,QUERY,SUPPORT,Resolved delegated,Resolved delegated: diagnostic projection only; private body excluded unless source scope explicitly permits,true,,FX05-S03;FX05-S05,MissingImplementation,ContractPending,,,,False,Current user authorizes local unaffected implementation; concrete slice contracts/source integration and execution evidence remain required.
FX-37,assets.support.read,QUERY,SUPPORT,Blocked,Blocked Q-03; domain gates also apply,false,,FX05-S03;FX05-S05,MissingImplementation,SENSITIVE_PROJECTION_GATED,,,,False,Main DEC-20260909-005 policy resolved; concrete field projection/owner selection/current authority contract remains required.
FX-38,digital.support.read,QUERY,SUPPORT,Blocked,Blocked Q-03; domain gates also apply,false,,FX05-S03;FX05-S05,MissingImplementation,SENSITIVE_PROJECTION_GATED,,,,False,Main DEC-20260909-005 policy resolved; concrete field projection/owner selection/current authority contract remains required.
FX-39,career.support.read,QUERY,SUPPORT,Blocked,Blocked Q-03; domain gates also apply,false,,FX05-S03;FX05-S05,MissingImplementation,SENSITIVE_PROJECTION_GATED,,,,False,Main DEC-20260909-005 policy resolved; concrete field projection/owner selection/current authority contract remains required.
FX-40,learning.support.read,QUERY,SUPPORT,Blocked,Blocked Q-03; domain gates also apply,false,,FX05-S03;FX05-S05,MissingImplementation,SENSITIVE_PROJECTION_GATED,,,,False,Main DEC-20260909-005 policy resolved; concrete field projection/owner selection/current authority contract remains required.
FX-31,shopping.order.link_finance,COMPOSITE,SELF,Blocked,Blocked Q-05 for financial reference semantics,false,finance.transaction.read,FX31-S04,MissingImplementation,POLICY_APPROVED_IMPLEMENTATION_GATED,,,,False,Main effective overlay requires exact future source/reference/sensitive/network slice; no automatic ledger write or Vault reveal.
FX-31,shopping.order.share,COMPOSITE,SELF,Blocked,Blocked Q-03,false,sharing.link.read,FX31-S04,MissingImplementation,SENSITIVE_PROJECTION_GATED,,,,False,Main DEC-20260909-005 policy resolved; concrete field projection/owner selection/current authority contract remains required.
FX-40,learning.certification.archive,COMMAND,SELF,Resolved delegated,Resolved delegated: action contract; source business rules unchanged,true,,FX40-S04,MissingImplementation,ContractPending,,,,False,Current user authorizes local unaffected implementation; concrete slice contracts/source integration and execution evidence remain required.
FX-40,learning.certification.unarchive,COMMAND,SELF,Resolved delegated,Resolved delegated: action contract; source business rules unchanged,true,,FX40-S04,MissingImplementation,ContractPending,,,,False,Current user authorizes local unaffected implementation; concrete slice contracts/source integration and execution evidence remain required.
FX-40,learning.certification.trash,COMMAND,SELF,Resolved delegated,Resolved delegated: action contract; source business rules unchanged,true,,FX40-S04,MissingImplementation,ContractPending,,,,False,Current user authorizes local unaffected implementation; concrete slice contracts/source integration and execution evidence remain required.
FX-40,learning.certification.restore,COMMAND,SELF,Resolved delegated,Resolved delegated: action contract; source business rules unchanged,true,,FX40-S04,MissingImplementation,ContractPending,,,,False,Current user authorizes local unaffected implementation; concrete slice contracts/source integration and execution evidence remain required.
FX-40,learning.certification.purge,COMMAND,SELF,Resolved delegated,Resolved delegated: action contract; source business rules unchanged,true,,FX40-S04,MissingImplementation,ContractPending,,,,False,Current user authorizes local unaffected implementation; concrete slice contracts/source integration and execution evidence remain required.
FX-28,vault.recovery.request,COMMAND,CONTROL,Resolved delegated,DEC-20260907: approved business scope; action/guard Resolved delegated,true,,FX28-S07,MissingImplementation,VaultCryptoContractPending,,,,False,"Main DEC-20260909-004 hybrid/no-operator-plaintext policy resolved; crypto/key/package ADR, threat review and recovery rehearsals remain required."
FX-28,vault.recovery.read,QUERY,CONTROL,Resolved delegated,DEC-20260907: approved business scope; action/guard Resolved delegated,true,,FX28-S07,MissingImplementation,VaultCryptoContractPending,,,,False,"Main DEC-20260909-004 hybrid/no-operator-plaintext policy resolved; crypto/key/package ADR, threat review and recovery rehearsals remain required."
FX-28,vault.recovery.review,QUERY,SUPER,Resolved delegated,DEC-20260907: approved business scope; action/guard Resolved delegated,true,,FX28-S08,MissingImplementation,VaultCryptoContractPending,,,,False,"Main DEC-20260909-004 hybrid/no-operator-plaintext policy resolved; crypto/key/package ADR, threat review and recovery rehearsals remain required."
FX-28,vault.recovery.authorize,COMMAND,SUPER,Resolved delegated,DEC-20260907: approved business scope; action/guard Resolved delegated,true,,FX28-S08,MissingImplementation,VaultCryptoContractPending,,,,False,"Main DEC-20260909-004 hybrid/no-operator-plaintext policy resolved; crypto/key/package ADR, threat review and recovery rehearsals remain required."
FX-28,vault.recovery.reject,COMMAND,SUPER,Resolved delegated,DEC-20260907: approved business scope; action/guard Resolved delegated,true,,FX28-S08,MissingImplementation,VaultCryptoContractPending,,,,False,"Main DEC-20260909-004 hybrid/no-operator-plaintext policy resolved; crypto/key/package ADR, threat review and recovery rehearsals remain required."
FX-28,vault.recovery.execute,WORKER,SYSTEM,Resolved delegated,DEC-20260907: approved business scope; action/guard Resolved delegated,true,,,MissingImplementation,VaultCryptoContractPending,,,,False,"Main DEC-20260909-004 hybrid/no-operator-plaintext policy resolved; crypto/key/package ADR, threat review and recovery rehearsals remain required."
FX-39,career.appointment.read,QUERY,SELF,Resolved delegated,DEC-20260907: approved business scope; action/guard Resolved delegated,true,career.job.read;calendar.event.read,FX39-S04,MissingImplementation,ContractPending,,,,False,Current user authorizes local unaffected implementation; concrete slice contracts/source integration and execution evidence remain required.
FX-39,career.appointment.create_event,COMPOSITE,SELF,Resolved delegated,DEC-20260907: approved business scope; action/guard Resolved delegated,true,career.job.read;calendar.event.create,FX39-S04,MissingImplementation,ContractPending,,,,False,Current user authorizes local unaffected implementation; concrete slice contracts/source integration and execution evidence remain required.
FX-39,career.appointment.link_event,COMPOSITE,SELF,Resolved delegated,DEC-20260907: approved business scope; action/guard Resolved delegated,true,career.job.read;calendar.event.read,FX39-S04,MissingImplementation,ContractPending,,,,False,Current user authorizes local unaffected implementation; concrete slice contracts/source integration and execution evidence remain required.
FX-39,career.appointment.unlink_event,COMMAND,SELF,Resolved delegated,DEC-20260907: approved business scope; action/guard Resolved delegated,true,,FX39-S04,MissingImplementation,ContractPending,,,,False,Current user authorizes local unaffected implementation; concrete slice contracts/source integration and execution evidence remain required.
