"ActionKey","Feature","Kind","Context","AdminGrantable","Status","Gate","Risk","DatabaseRisk","Requires","Screens","Guard"
"identity.account.register","FX-01","COMMAND","PUBLIC","false","Resolved delegated","Resolved delegated: action contract; source business rules unchanged","Security","Administrative","","FX01-S01","Đúng principal hoặc token một lần; không chấp nhận Role/OwnerId từ request; generic response, throttle; verify24h/reset30min theo security gate; Đúng principal hoặc token một lần; không chấp nhận Role/OwnerId từ request"
"identity.account.verify","FX-01","COMMAND","PUBLIC","false","Resolved delegated","Resolved delegated: action contract; source business rules unchanged","Security","Administrative","","FX01-S02","Đúng principal hoặc token một lần; không chấp nhận Role/OwnerId từ request; generic response, throttle; verify24h/reset30min theo security gate; Đúng principal hoặc token một lần; không chấp nhận Role/OwnerId từ request"
"identity.account.resend","FX-01","COMMAND","PUBLIC","false","Resolved delegated","Resolved delegated: action contract; source business rules unchanged","Security","Administrative","","FX01-S02","Đúng principal hoặc token một lần; không chấp nhận Role/OwnerId từ request; generic response, throttle; verify24h/reset30min theo security gate; Đúng principal hoặc token một lần; không chấp nhận Role/OwnerId từ request"
"identity.account.login","FX-01","COMMAND","PUBLIC","false","Resolved delegated","Resolved delegated: action contract; source business rules unchanged","Security","Administrative","","FX01-S03","Đúng principal hoặc token một lần; không chấp nhận Role/OwnerId từ request; generic response, throttle; verify24h/reset30min theo security gate; Đúng principal hoặc token một lần; không chấp nhận Role/OwnerId từ request"
"identity.account.reset_request","FX-01","COMMAND","PUBLIC","false","Resolved delegated","Resolved delegated: action contract; source business rules unchanged","Security","Administrative","","FX01-S04","Đúng principal hoặc token một lần; không chấp nhận Role/OwnerId từ request; generic response, throttle; verify24h/reset30min theo security gate; Đúng principal hoặc token một lần; không chấp nhận Role/OwnerId từ request"
"identity.account.reset_confirm","FX-01","COMMAND","PUBLIC","false","Resolved delegated","Resolved delegated: action contract; source business rules unchanged","Security","Administrative","","FX01-S04","Đúng principal hoặc token một lần; không chấp nhận Role/OwnerId từ request; generic response, throttle; verify24h/reset30min theo security gate; Đúng principal hoặc token một lần; không chấp nhận Role/OwnerId từ request"
"identity.session.logout","FX-01","COMMAND","CONTROL","false","Resolved delegated","Resolved delegated: action contract; source business rules unchanged","Security","Administrative","","FX01-S06","Current principal/session proof; không ảnh hưởng session tài khoản khác; Đúng principal hoặc token một lần; không chấp nhận Role/OwnerId từ request"
"identity.session.revoke_session","FX-01","COMMAND","CONTROL","false","Resolved delegated","Resolved delegated: action contract; source business rules unchanged","Security","Administrative","","FX01-S06","Current principal/session proof; không ảnh hưởng session tài khoản khác; Đúng principal hoặc token một lần; không chấp nhận Role/OwnerId từ request"
"identity.session.revoke_all","FX-01","COMMAND","CONTROL","false","Resolved delegated","Resolved delegated: action contract; source business rules unchanged","Security","Administrative","","FX01-S06","Current principal/session proof; không ảnh hưởng session tài khoản khác; Đúng principal hoặc token một lần; không chấp nhận Role/OwnerId từ request"
"identity.session.read","FX-01","QUERY","CONTROL","false","Resolved delegated","Resolved delegated: action contract; source business rules unchanged","Normal","Normal","","FX01-S06","Current principal; safe device/time metadata; Đúng principal hoặc token một lần; không chấp nhận Role/OwnerId từ request"
"identity.profile.read","FX-01","QUERY","CONTROL","false","Resolved delegated","Resolved delegated: action contract; source business rules unchanged","Normal","Normal","","FX01-S05","Current principal; Đúng principal hoặc token một lần; không chấp nhận Role/OwnerId từ request"
"identity.profile.update","FX-01","COMMAND","CONTROL","false","Resolved delegated","Resolved delegated: action contract; source business rules unchanged","Security","Administrative","","FX01-S05","Giữ email cũ đến khi verify; đổi timezone giữ instants/all-day; thay credential revoke theo security policy; Đúng principal hoặc token một lần; không chấp nhận Role/OwnerId từ request"
"identity.profile.change_email","FX-01","COMMAND","CONTROL","false","Resolved delegated","Resolved delegated: action contract; source business rules unchanged","Security","Administrative","","FX01-S05;FX01-S06","Giữ email cũ đến khi verify; đổi timezone giữ instants/all-day; thay credential revoke theo security policy; Đúng principal hoặc token một lần; không chấp nhận Role/OwnerId từ request"
"identity.profile.change_password","FX-01","COMMAND","CONTROL","false","Resolved delegated","Resolved delegated: action contract; source business rules unchanged","Security","Administrative","","FX01-S05;FX01-S06","Giữ email cũ đến khi verify; đổi timezone giữ instants/all-day; thay credential revoke theo security policy; Đúng principal hoặc token một lần; không chấp nhận Role/OwnerId từ request"
"identity.mfa.enroll","FX-01","COMMAND","CONTROL","false","Blocked","Blocked Q-02","Security","Administrative","","FX01-S06","Step-up, single-use proof và recovery policy sau duyệt; Đúng principal hoặc token một lần; không chấp nhận Role/OwnerId từ request"
"identity.mfa.remove","FX-01","COMMAND","CONTROL","false","Blocked","Blocked Q-02","Security","Administrative","","FX01-S06","Step-up, single-use proof và recovery policy sau duyệt; Đúng principal hoặc token một lần; không chấp nhận Role/OwnerId từ request"
"identity.mfa.recover","FX-01","COMMAND","CONTROL","false","Blocked","Blocked Q-02","Security","Administrative","","FX01-S06","Step-up, single-use proof và recovery policy sau duyệt; Đúng principal hoặc token một lần; không chấp nhận Role/OwnerId từ request"
"identity.account.delete_request","FX-01","COMMAND","CONTROL","false","Blocked","Blocked Q-01","Destructive","Administrative","","FX01-S06","Purge/grace/backup residual theo policy chưa chốt; Đúng principal hoặc token một lần; không chấp nhận Role/OwnerId từ request"
"access.user.read","FX-02","QUERY","ADMIN","true","Resolved delegated","Resolved delegated: action contract; source business rules unchanged","Normal","Normal","","FX02-S01;FX02-S02","SuperAdmin hoặc Admin với operational grant cụ thể; không private business payload; SuperAdmin hoặc Admin với operational grant cụ thể; không private business payload"
"access.permission.read","FX-02","QUERY","ADMIN","true","Resolved delegated","Resolved delegated: action contract; source business rules unchanged","Normal","Normal","","FX02-S04","SuperAdmin trong grant editor; Admin chỉ own effective rights hoặc target metadata đã có access.user.read; SuperAdmin hoặc Admin với operational grant cụ thể; không private business payload"
"access.role.set","FX-02","COMMAND","SUPER","false","Resolved delegated","Resolved delegated: action contract; source business rules unchanged","Security","Administrative","","FX02-S03","SuperAdmin-only; preview diff; không mất last active SuperAdmin; audit và current revision; SuperAdmin hoặc Admin với operational grant cụ thể; không private business payload"
"access.permission.set","FX-02","COMMAND","SUPER","false","Resolved delegated","Resolved delegated: action contract; source business rules unchanged","Security","Administrative","","FX02-S04","SuperAdmin-only; preview diff; không mất last active SuperAdmin; audit và current revision; SuperAdmin hoặc Admin với operational grant cụ thể; không private business payload"
"access.entitlement.set","FX-02","COMMAND","SUPER","false","Resolved delegated","Resolved delegated: action contract; source business rules unchanged","Security","Administrative","","FX02-S05","SuperAdmin-only; preview diff; không mất last active SuperAdmin; audit và current revision; SuperAdmin hoặc Admin với operational grant cụ thể; không private business payload"
"access.user.disable","FX-02","COMMAND","SUPER","false","Resolved delegated","Resolved delegated: action contract; source business rules unchanged","Security","Administrative","","FX02-S02","SuperAdmin-only; preview diff; không mất last active SuperAdmin; audit và current revision; SuperAdmin hoặc Admin với operational grant cụ thể; không private business payload"
"access.user.enable","FX-02","COMMAND","SUPER","false","Resolved delegated","Resolved delegated: action contract; source business rules unchanged","Security","Administrative","","FX02-S02","SuperAdmin-only; preview diff; không mất last active SuperAdmin; audit và current revision; SuperAdmin hoặc Admin với operational grant cụ thể; không private business payload"
"access.user.revoke_sessions","FX-02","COMMAND","SUPER","false","Resolved delegated","Resolved delegated: action contract; source business rules unchanged","Security","Administrative","","FX02-S02","SuperAdmin-only; target rõ ràng, audit; không impersonate; SuperAdmin hoặc Admin với operational grant cụ thể; không private business payload"
"access.change.read","FX-02","QUERY","SUPER","false","Resolved delegated","Resolved delegated: action contract; source business rules unchanged","Normal","Normal","","FX02-S03;FX02-S04;FX02-S05","SuperAdmin-only; preview không mutation, commit phải check lại; SuperAdmin hoặc Admin với operational grant cụ thể; không private business payload"
"modules.catalog.read","FX-03","QUERY","ADMIN","true","Resolved delegated","Resolved delegated: action contract; source business rules unchanged","Normal","Normal","","FX03-S01;FX03-S02","Installed manifest hợp lệ, dependency/version được kiểm tra; disable không purge; Installed manifest hợp lệ, dependency/version được kiểm tra; disable không purge"
"modules.policy.enable","FX-03","COMMAND","SUPER","false","Resolved delegated","Resolved delegated: action contract; source business rules unchanged","Security","Administrative","","FX03-S02;FX03-S03","SuperAdmin-only; preview dependency/affected users; không tự đổi existing grants khi sửa defaults; Installed manifest hợp lệ, dependency/version được kiểm tra; disable không purge"
"modules.policy.disable","FX-03","COMMAND","SUPER","false","Resolved delegated","Resolved delegated: action contract; source business rules unchanged","Security","Administrative","","FX03-S02;FX03-S03","SuperAdmin-only; preview dependency/affected users; không tự đổi existing grants khi sửa defaults; Installed manifest hợp lệ, dependency/version được kiểm tra; disable không purge"
"modules.policy.defaults","FX-03","COMMAND","SUPER","false","Resolved delegated","Resolved delegated: action contract; source business rules unchanged","Security","Administrative","","FX03-S04","SuperAdmin-only; preview dependency/affected users; không tự đổi existing grants khi sửa defaults; Installed manifest hợp lệ, dependency/version được kiểm tra; disable không purge"
"modules.policy.sharing","FX-03","COMMAND","SUPER","false","Resolved delegated","Resolved action; existing-link disable effects remain Blocked Q-03","Security","Administrative","","FX03-S05","SuperAdmin-only; preview dependency/affected users; không tự đổi existing grants khi sửa defaults; Installed manifest hợp lệ, dependency/version được kiểm tra; disable không purge"
"modules.policy.settings","FX-03","COMMAND","SUPER","false","Resolved delegated","Resolved delegated: action contract; source business rules unchanged","Security","Administrative","","FX03-S05","SuperAdmin-only; preview dependency/affected users; không tự đổi existing grants khi sửa defaults; Installed manifest hợp lệ, dependency/version được kiểm tra; disable không purge"
"modules.upgrade.read","FX-03","QUERY","ADMIN","true","Resolved delegated","Resolved delegated: action contract; source business rules unchanged","Normal","Normal","","FX03-S02","Deployment metadata/compatibility/checksum; không chạy migration từ UI; Installed manifest hợp lệ, dependency/version được kiểm tra; disable không purge"
"modules.runtime.register","FX-03","WORKER","SYSTEM","false","Resolved delegated","Resolved delegated: action contract; source business rules unchanged","Operational","Administrative","","","Trusted deployment/health handler only; không cấp cho Admin/User qua permission matrix; Installed manifest hợp lệ, dependency/version được kiểm tra; disable không purge"
"modules.runtime.migrate","FX-03","WORKER","SYSTEM","false","Resolved delegated","Resolved delegated: action contract; source business rules unchanged","Operational","Administrative","","","Trusted deployment/health handler only; không cấp cho Admin/User qua permission matrix; Installed manifest hợp lệ, dependency/version được kiểm tra; disable không purge"
"modules.runtime.health","FX-03","WORKER","SYSTEM","false","Resolved delegated","Resolved delegated: action contract; source business rules unchanged","Operational","Administrative","","","Trusted deployment/health handler only; không cấp cho Admin/User qua permission matrix; Installed manifest hợp lệ, dependency/version được kiểm tra; disable không purge"
"sharing.link.read","FX-04","QUERY","SELF","true","Resolved delegated","Resolved delegated: action contract; source business rules unchanged","Normal","Normal","","FX04-S01;FX04-S02","Cùng owner resource; link mode/expiry/revoke và source projection hiện tại; Cùng owner resource; link mode/expiry/revoke và source projection hiện tại"
"sharing.link.create","FX-04","COMMAND","SELF","true","Resolved delegated","Resolved delegated: action contract; source business rules unchanged","Disclosure","Sensitive","","FX04-S01","Kèm source *.share; create Published Documents only; không đổi source/pinned Resume version bằng Update; Cùng owner resource; link mode/expiry/revoke và source projection hiện tại"
"sharing.link.update","FX-04","COMMAND","SELF","true","Resolved delegated","Resolved delegated: action contract; source business rules unchanged","Disclosure","Sensitive","","FX04-S01","Kèm source *.share; create Published Documents only; không đổi source/pinned Resume version bằng Update; Cùng owner resource; link mode/expiry/revoke và source projection hiện tại"
"sharing.link.revoke","FX-04","COMMAND","SELF","true","Resolved delegated","Resolved delegated: action contract; source business rules unchanged","Disclosure","Sensitive","","FX04-S02","Kèm source *.share; create Published Documents only; không đổi source/pinned Resume version bằng Update; Cùng owner resource; link mode/expiry/revoke và source projection hiện tại"
"sharing.link.resolve","FX-04","QUERY","LINK","false","Resolved delegated","Resolved delegated: action contract; source business rules unchanged","Disclosure","Sensitive","","FX04-S03;FX04-S04","Token + mode/auth/allowlist + owner module + source lifecycle + field projection; không owner.read hoặc viewer module grant bypass; Cùng owner resource; link mode/expiry/revoke và source projection hiện tại"
"sharing.link.copy_created","FX-04","LOCAL","SELF","false","Resolved delegated","Resolved delegated: action contract; source business rules unchanged","Disclosure","Sensitive","sharing.link.create","FX04-S01","Chỉ plaintext còn trong authorized creation-result memory; hash-only không reconstruct URL cũ; Cùng owner resource; link mode/expiry/revoke và source projection hiện tại"
"support.consent.read","FX-05","QUERY","CONTROL","false","Resolved delegated","Resolved delegated: action contract; source business rules unchanged","Normal","Normal","","FX05-S01;FX05-S02","Chỉ chủ tài khoản; safe security history; Explicit access session; một module, readonly, actual actor khác target"
"support.consent.grant","FX-05","COMMAND","CONTROL","false","Resolved delegated","Resolved delegated: action contract; source business rules unchanged","Security","Administrative","","FX05-S01","Owner verified; default24h/custom/until revoke; disclosure any qualified Admin; Explicit access session; một module, readonly, actual actor khác target"
"support.consent.revoke","FX-05","COMMAND","CONTROL","false","Resolved delegated","Resolved delegated: action contract; source business rules unchanged","Security","Administrative","","FX05-S02","Owner; chặn mọi derived session/request tiếp theo dù target module đang tắt; Explicit access session; một module, readonly, actual actor khác target"
"support.session.open","FX-05","COMMAND","ADMIN","true","Resolved delegated","Resolved delegated: action contract; source business rules unchanged","Security","Administrative","","FX05-S03","Admin qualified + target-module support-read grant + owner consent hiệu lực; không impersonate; Explicit access session; một module, readonly, actual actor khác target"
"support.session.end","FX-05","COMMAND","CONTROL","false","Resolved delegated","Resolved delegated: action contract; source business rules unchanged","Security","Administrative","","FX05-S03","Actual actor hoặc owner revoke; không cần target business write permission; Explicit access session; một module, readonly, actual actor khác target"
"support.emergency.open","FX-05","COMMAND","SUPER","false","Resolved delegated","Confirmed emergency rule; session policy Blocked Q-02","Security","Administrative","","FX05-S04","SuperAdmin; target/module; reason20..1000; audit+3-channel intent commit trước data; duration/recent-auth Q-02; Explicit access session; một module, readonly, actual actor khác target"
"support.emergency.end","FX-05","COMMAND","CONTROL","false","Resolved delegated","Resolved delegated: action contract; source business rules unchanged","Security","Administrative","","FX05-S05","Actual actor; không xóa audit/notification; Explicit access session; một module, readonly, actual actor khác target"
"notifications.inbox.read","FX-06","QUERY","SELF","true","Resolved delegated","Resolved delegated: action contract; source business rules unchanged","Normal","Normal","","FX06-S01;FX06-S02","Chỉ own inbox; fixed all3channels, không mute/quiet hours; Chỉ own inbox; fixed all3channels, không mute/quiet hours"
"notifications.inbox.mark_read","FX-06","COMMAND","SELF","true","Resolved delegated","Resolved delegated: action contract; source business rules unchanged","Normal","Normal","","FX06-S01","Owner; watermark không bao gồm notifications đến sau; Chỉ own inbox; fixed all3channels, không mute/quiet hours"
"notifications.inbox.mark_unread","FX-06","COMMAND","SELF","true","Resolved delegated","Resolved delegated: action contract; source business rules unchanged","Normal","Normal","","FX06-S01","Owner; watermark không bao gồm notifications đến sau; Chỉ own inbox; fixed all3channels, không mute/quiet hours"
"notifications.inbox.mark_all_read","FX-06","COMMAND","SELF","true","Resolved delegated","Resolved delegated: action contract; source business rules unchanged","Normal","Normal","","FX06-S01","Owner; watermark không bao gồm notifications đến sau; Chỉ own inbox; fixed all3channels, không mute/quiet hours"
"notifications.inbox.delete","FX-06","COMMAND","SELF","true","Resolved delegated","Resolved delegated: action contract; source business rules unchanged","Lifecycle","Normal","","FX06-S01","Owner explicit IDs; không xóa audit/unsend delivery; Chỉ own inbox; fixed all3channels, không mute/quiet hours"
"notifications.source.open","FX-06","COMPOSITE","SELF","true","Resolved delegated","Resolved delegated: action contract; source business rules unchanged","Normal","Normal","","FX06-S02","Kèm action đọc của source; source revoked thì safe unavailable; Chỉ own inbox; fixed all3channels, không mute/quiet hours"
"notifications.push.subscribe","FX-06","COMMAND","CONTROL","false","Resolved delegated","Resolved delegated: action contract; source business rules unchanged","Security","Administrative","","FX06-S03","Own device/browser permission; không phải tùy chọn bỏ kênh bắt buộc; Chỉ own inbox; fixed all3channels, không mute/quiet hours"
"notifications.push.remove","FX-06","COMMAND","CONTROL","false","Resolved delegated","Resolved delegated: action contract; source business rules unchanged","Security","Administrative","","FX06-S03","Own device/browser permission; không phải tùy chọn bỏ kênh bắt buộc; Chỉ own inbox; fixed all3channels, không mute/quiet hours"
"notifications.dispatch.publish","FX-06","WORKER","SYSTEM","false","Resolved delegated","Resolved delegated: action contract; source business rules unchanged","Normal","Normal","","","Trusted intent; safe payload; dedupe, independent failure; no permission to arbitrary-send User content; Chỉ own inbox; fixed all3channels, không mute/quiet hours"
"notifications.dispatch.deliver","FX-06","WORKER","SYSTEM","false","Resolved delegated","Resolved delegated: action contract; source business rules unchanged","Normal","Normal","","","Trusted intent; safe payload; dedupe, independent failure; no permission to arbitrary-send User content; Chỉ own inbox; fixed all3channels, không mute/quiet hours"
"files.file.read","FX-07","QUERY","SELF","true","Resolved delegated","Resolved delegated: action contract; source business rules unchanged","Normal","Normal","","FX07-S01","Own FileObject; Clean trước attach/preview/download; pins/current history được bảo vệ; Own FileObject; Clean trước attach/preview/download; pins/current history được bảo vệ"
"files.file.upload","FX-07","COMMAND","SELF","true","Resolved delegated","Resolved delegated: action contract; source business rules unchanged","Normal","Normal","","FX07-S02","Own FileObject; Clean trước attach/preview/download; pins/current history được bảo vệ; replacement không overwrite binary cũ; Own FileObject; Clean trước attach/preview/download; pins/current history được bảo vệ"
"files.file.cancel_upload","FX-07","COMMAND","SELF","true","Resolved delegated","Resolved delegated: action contract; source business rules unchanged","Normal","Normal","","FX07-S02","Own FileObject; Clean trước attach/preview/download; pins/current history được bảo vệ; replacement không overwrite binary cũ; Own FileObject; Clean trước attach/preview/download; pins/current history được bảo vệ"
"files.file.rename","FX-07","COMMAND","SELF","true","Resolved delegated","Resolved delegated: action contract; source business rules unchanged","Normal","Normal","","FX07-S01","Own FileObject; Clean trước attach/preview/download; pins/current history được bảo vệ; replacement không overwrite binary cũ; Own FileObject; Clean trước attach/preview/download; pins/current history được bảo vệ"
"files.file.replace","FX-07","COMMAND","SELF","true","Resolved delegated","Resolved delegated: action contract; source business rules unchanged","Normal","Normal","","FX07-S05","Own FileObject; Clean trước attach/preview/download; pins/current history được bảo vệ; replacement không overwrite binary cũ; Own FileObject; Clean trước attach/preview/download; pins/current history được bảo vệ"
"files.file.preview","FX-07","QUERY","SELF","true","Resolved delegated","Resolved delegated: action contract; source business rules unchanged","Disclosure","Sensitive","","FX07-S03","Own FileObject; Clean trước attach/preview/download; pins/current history được bảo vệ; owning source projection/lifecycle và credential riêng; không ambient Support; Own FileObject; Clean trước attach/preview/download; pins/current history được bảo vệ"
"files.file.download","FX-07","QUERY","SELF","true","Resolved delegated","Resolved delegated: action contract; source business rules unchanged","Disclosure","Sensitive","","FX07-S03","Own FileObject; Clean trước attach/preview/download; pins/current history được bảo vệ; owning source projection/lifecycle và credential riêng; không ambient Support; Own FileObject; Clean trước attach/preview/download; pins/current history được bảo vệ"
"files.reference.attach","FX-07","COMPOSITE","SELF","true","Resolved delegated","Resolved delegated: action contract; source business rules unchanged","Normal","Normal","","FX07-S04","Source write action + FileReference/version atomic; historical pins còn nguyên; Own FileObject; Clean trước attach/preview/download; pins/current history được bảo vệ"
"files.reference.detach","FX-07","COMPOSITE","SELF","true","Resolved delegated","Resolved delegated: action contract; source business rules unchanged","Normal","Normal","","FX07-S05","Source write action + FileReference/version atomic; historical pins còn nguyên; Own FileObject; Clean trước attach/preview/download; pins/current history được bảo vệ"
"files.file.trash","FX-07","COMMAND","SELF","true","Resolved delegated","Resolved delegated: action contract; source business rules unchanged","Lifecycle","Normal","","FX07-S01","Own FileObject; Clean trước attach/preview/download; pins/current history được bảo vệ; preview aggregate, không purge; Own FileObject; Clean trước attach/preview/download; pins/current history được bảo vệ"
"files.file.restore","FX-07","COMMAND","SELF","true","Resolved delegated","Resolved delegated: action contract; source business rules unchanged","Lifecycle","Normal","","FX07-S01","Own FileObject; Clean trước attach/preview/download; pins/current history được bảo vệ; đúng deletion cohort, parent hợp lệ; Own FileObject; Clean trước attach/preview/download; pins/current history được bảo vệ"
"files.file.purge","FX-07","COMMAND","SELF","true","Resolved delegated","Resolved delegated: action contract; source business rules unchanged","Destructive","Administrative","","FX07-S01","Own FileObject; Clean trước attach/preview/download; pins/current history được bảo vệ; chỉ Trash, preview pins/dependencies, xác nhận không thể hoàn tác; Own FileObject; Clean trước attach/preview/download; pins/current history được bảo vệ"
"files.scan.complete","FX-07","WORKER","SYSTEM","false","Resolved delegated","Resolved delegated: action contract; source business rules unchanged","Security","Administrative","","","Authenticated scanner job, checksum/object match; không endpoint User set Clean; Own FileObject; Clean trước attach/preview/download; pins/current history được bảo vệ"
"lifecycle.trash.read","FX-08","QUERY","SELF","true","Resolved delegated","Resolved delegated: action contract; source business rules unchanged","Normal","Normal","","FX08-S01","Kèm read/trash projection của từng source, current module gate; Gateway không cấp quyền domain; dispatch đúng source contract"
"lifecycle.activity.read","FX-08","COMPOSITE","SELF","true","Resolved delegated","Resolved delegated: action contract; source business rules unchanged","Normal","Normal","","FX08-S03","Kèm source.read/history; không Support/link history; Gateway không cấp quyền domain; dispatch đúng source contract"
"lifecycle.resource.preview","FX-08","COMPOSITE","SELF","true","Resolved delegated","Resolved delegated: action contract; source business rules unchanged","Lifecycle","Normal","","FX08-S01;FX08-S02","Bắt buộc source action tương ứng; parent lock, cohort và pins; không universal delete permission; Gateway không cấp quyền domain; dispatch đúng source contract"
"lifecycle.resource.trash","FX-08","COMPOSITE","SELF","true","Resolved delegated","Resolved delegated: action contract; source business rules unchanged","Lifecycle","Normal","","FX08-S01","Bắt buộc source action tương ứng; parent lock, cohort và pins; không universal delete permission; Gateway không cấp quyền domain; dispatch đúng source contract"
"lifecycle.resource.restore","FX-08","COMPOSITE","SELF","true","Resolved delegated","Resolved delegated: action contract; source business rules unchanged","Lifecycle","Normal","","FX08-S01;FX08-S02","Bắt buộc source action tương ứng; parent lock, cohort và pins; không universal delete permission; Gateway không cấp quyền domain; dispatch đúng source contract"
"lifecycle.resource.purge","FX-08","COMPOSITE","SELF","true","Resolved delegated","Resolved delegated: action contract; source business rules unchanged","Destructive","Administrative","","FX08-S01;FX08-S02","Bắt buộc source action tương ứng; parent lock, cohort và pins; không universal delete permission; Gateway không cấp quyền domain; dispatch đúng source contract"
"lifecycle.audit.read","FX-08","QUERY","ADMIN","true","Resolved delegated","Resolved delegated: action contract; source business rules unchanged","Sensitive","Sensitive","","FX08-S04","Admin operational grant, không User content hoặc raw secret; Gateway không cấp quyền domain; dispatch đúng source contract"
"lifecycle.audit.append","FX-08","WORKER","SYSTEM","false","Resolved delegated","Resolved delegated: action contract; source business rules unchanged","Security","Administrative","","","Trusted audited transaction only; no edit/delete counterpart; Gateway không cấp quyền domain; dispatch đúng source contract"
"settings.preference.read","FX-09","QUERY","SELF","true","Resolved delegated","Resolved delegated: action contract; source business rules unchanged","Normal","Normal","","FX09-S01;FX09-S04","Own nonsensitive preferences; no arbitrary JSON business data; Own nonsensitive preferences; no arbitrary JSON business data"
"settings.preference.update","FX-09","COMMAND","SELF","true","Resolved delegated","Resolved delegated: action contract; source business rules unchanged","Normal","Normal","","FX09-S02","Không đổi quyền/module grants; approved default views giữ nguyên; Own nonsensitive preferences; no arbitrary JSON business data"
"settings.module.read","FX-09","COMPOSITE","SELF","true","Resolved delegated","Resolved delegated: action contract; source business rules unchanged","Normal","Normal","","FX09-S03","Kèm target module/action; không plaintext credentials; Own nonsensitive preferences; no arbitrary JSON business data"
"settings.module.update","FX-09","COMPOSITE","SELF","true","Resolved delegated","Resolved delegated: action contract; source business rules unchanged","Normal","Normal","","FX09-S03","Target declared setting action required; không system policy/self-grant; Own nonsensitive preferences; no arbitrary JSON business data"
"transfer.import.preview","FX-10","COMPOSITE","SELF","true","Resolved delegated","Resolved delegated: action contract; source business rules unchanged","Normal","Normal","","FX10-S01","Phải có source import action; schema/owner/dedupe; Project/Task importer không tồn tại; Provider-specific scope; không universal data dump"
"transfer.import.commit","FX-10","COMPOSITE","SELF","true","Resolved delegated","Resolved delegated: action contract; source business rules unchanged","Normal","Normal","","FX10-S02","Phải có source import action; schema/owner/dedupe; Project/Task importer không tồn tại; Provider-specific scope; không universal data dump"
"transfer.import.read","FX-10","QUERY","SELF","true","Resolved delegated","Resolved delegated: action contract; source business rules unchanged","Normal","Normal","","FX10-S04","Phải có source import action; schema/owner/dedupe; Project/Task importer không tồn tại; Provider-specific scope; không universal data dump"
"transfer.import.cancel","FX-10","COMPOSITE","SELF","true","Resolved delegated","Resolved delegated: action contract; source business rules unchanged","Normal","Normal","","FX10-S02","Phải có source import action; schema/owner/dedupe; Project/Task importer không tồn tại; Provider-specific scope; không universal data dump"
"transfer.export.request","FX-10","COMPOSITE","SELF","true","Resolved delegated","Resolved delegated: action contract; source business rules unchanged","Disclosure","Sensitive","","FX10-S03","Phải có source export action ở request/worker/download; không Support/Emergency; Provider-specific scope; không universal data dump"
"transfer.export.read","FX-10","QUERY","SELF","true","Resolved delegated","Resolved delegated: action contract; source business rules unchanged","Disclosure","Sensitive","","FX10-S04","Phải có source export action ở request/worker/download; không Support/Emergency; Provider-specific scope; không universal data dump"
"transfer.export.download","FX-10","COMPOSITE","SELF","true","Resolved delegated","Resolved delegated: action contract; source business rules unchanged","Disclosure","Sensitive","","FX10-S04","Phải có source export action ở request/worker/download; không Support/Emergency; Provider-specific scope; không universal data dump"
"transfer.backup.read","FX-10","QUERY","ADMIN","true","Blocked","Blocked Q-08","Normal","Normal","","FX10-S05","Operational metadata only; Provider-specific scope; không universal data dump"
"transfer.backup.request","FX-10","COMMAND","SUPER","false","Blocked","Blocked Q-08; key recovery Q-04","Operational","Administrative","","FX10-S05","SuperAdmin-only + separate approved recovery operation; không one-click live overwrite; Provider-specific scope; không universal data dump"
"transfer.restore.preview","FX-10","COMMAND","SUPER","false","Blocked","Blocked Q-08; key recovery Q-04","Operational","Administrative","","FX10-S05","SuperAdmin-only + separate approved recovery operation; không one-click live overwrite; Provider-specific scope; không universal data dump"
"transfer.restore.request","FX-10","COMMAND","SUPER","false","Blocked","Blocked Q-08; key recovery Q-04","Operational","Administrative","","FX10-S05","SuperAdmin-only + separate approved recovery operation; không one-click live overwrite; Provider-specific scope; không universal data dump"
"transfer.worker.backup","FX-10","WORKER","SYSTEM","false","Blocked","Blocked Q-08/Q-04","Operational","Administrative","","","Trusted operational identity + approved run/environment; không User export; Provider-specific scope; không universal data dump"
"transfer.worker.restore","FX-10","WORKER","SYSTEM","false","Blocked","Blocked Q-08/Q-04","Operational","Administrative","","","Trusted operational identity + approved run/environment; không User export; Provider-specific scope; không universal data dump"
"projects.project.read","FX-11","QUERY","SELF","true","Resolved delegated","Resolved delegated: action contract; source business rules unchanged","Normal","Normal","","FX11-S01;FX11-S03","Create: Title/Description/Start/End, mặc định NotStarted; Update chỉ Project hoạt động; cảnh báo khoảng thời gian, không sửa status qua Update; Cùng owner; Project terminal Completed/Skipped không mở lại; mọi Task bên trong chỉ-đọc"
"projects.project.create","FX-11","COMMAND","SELF","true","Resolved delegated","Resolved delegated: action contract; source business rules unchanged","Normal","Normal","","FX11-S01;FX11-S02","Create: Title/Description/Start/End, mặc định NotStarted; Update chỉ Project hoạt động; cảnh báo khoảng thời gian, không sửa status qua Update; Cùng owner; Project terminal Completed/Skipped không mở lại; mọi Task bên trong chỉ-đọc"
"projects.project.update","FX-11","COMMAND","SELF","true","Resolved delegated","Resolved delegated: action contract; source business rules unchanged","Normal","Normal","projects.project.read","FX11-S02","Create: Title/Description/Start/End, mặc định NotStarted; Update chỉ Project hoạt động; cảnh báo khoảng thời gian, không sửa status qua Update; Cùng owner; Project terminal Completed/Skipped không mở lại; mọi Task bên trong chỉ-đọc"
"projects.project.start","FX-11","COMMAND","SELF","true","Resolved delegated","Resolved delegated: action contract; source business rules unchanged","Lifecycle","Normal","","FX11-S03","Chỉ NotStarted ↔ InProgress; chuyển ngược cần reason; không terminal → active; Cùng owner; Project terminal Completed/Skipped không mở lại; mọi Task bên trong chỉ-đọc"
"projects.project.revert","FX-11","COMMAND","SELF","true","Resolved delegated","Resolved delegated: action contract; source business rules unchanged","Lifecycle","Normal","","FX11-S03","Chỉ NotStarted ↔ InProgress; chuyển ngược cần reason; không terminal → active; Cùng owner; Project terminal Completed/Skipped không mở lại; mọi Task bên trong chỉ-đọc"
"projects.project.complete","FX-11","COMMAND","SELF","true","Resolved delegated","Resolved delegated: action contract; source business rules unchanged","Lifecycle","Normal","","FX11-S04","Active; nếu còn Task chưa kết thúc: cảnh báo + reason; giữ Task states, khóa cả aggregate; Cùng owner; Project terminal Completed/Skipped không mở lại; mọi Task bên trong chỉ-đọc"
"projects.project.skip","FX-11","COMMAND","SELF","true","Resolved delegated","Resolved delegated: action contract; source business rules unchanged","Lifecycle","Normal","","FX11-S04","Active; xác nhận; giữ Task states, khóa cả aggregate; Cùng owner; Project terminal Completed/Skipped không mở lại; mọi Task bên trong chỉ-đọc"
"projects.project.trash","FX-11","COMMAND","SELF","true","Resolved delegated","Resolved delegated: action contract; source business rules unchanged","Lifecycle","Normal","","FX11-S01","Cùng owner; Project terminal Completed/Skipped không mở lại; mọi Task bên trong chỉ-đọc; preview aggregate, không purge; Cùng owner; Project terminal Completed/Skipped không mở lại; mọi Task bên trong chỉ-đọc"
"projects.project.restore","FX-11","COMMAND","SELF","true","Resolved delegated","Resolved delegated: action contract; source business rules unchanged","Lifecycle","Normal","","FX11-S01","Cùng owner; Project terminal Completed/Skipped không mở lại; mọi Task bên trong chỉ-đọc; đúng deletion cohort, parent hợp lệ; Cùng owner; Project terminal Completed/Skipped không mở lại; mọi Task bên trong chỉ-đọc"
"projects.project.purge","FX-11","COMMAND","SELF","true","Resolved delegated","Resolved delegated: action contract; source business rules unchanged","Destructive","Administrative","","FX11-S01","Cùng owner; Project terminal Completed/Skipped không mở lại; mọi Task bên trong chỉ-đọc; chỉ Trash, preview pins/dependencies, xác nhận không thể hoàn tác; Cùng owner; Project terminal Completed/Skipped không mở lại; mọi Task bên trong chỉ-đọc"
"projects.project.history","FX-11","QUERY","SELF","true","Resolved delegated","Resolved delegated: action contract; source business rules unchanged","Sensitive","Sensitive","","FX11-S05","Owner-only history, cùng owner/module; không share/support; Cùng owner; Project terminal Completed/Skipped không mở lại; mọi Task bên trong chỉ-đọc"
"projects.project.share","FX-11","COMPOSITE","SELF","true","Resolved delegated","Resolved delegated: action contract; source business rules unchanged","Disclosure","Sensitive","sharing.link.read","FX11-S03","Source eligible, SharingEnabled, projection chính xác; kết hợp sharing.link.*; không history/reason/secret; Cùng owner; Project terminal Completed/Skipped không mở lại; mọi Task bên trong chỉ-đọc"
"tasks.task.read","FX-12","QUERY","SELF","true","Resolved delegated","Resolved delegated: action contract; source business rules unchanged","Normal","Normal","","FX12-S01;FX12-S02;FX12-S04","Own Task read trong Project active hoặc terminal; terminal không mất quyền xem; Trash chỉ source-approved preview, không live detail; Cùng owner; ProjectId bất biến; Project terminal cho xem chỉ-đọc, không tiếp tục Task; mutation cần parent active trừ Trash purge theo provider/cohort riêng"
"tasks.task.create","FX-12","COMMAND","SELF","true","Resolved delegated","Resolved delegated: action contract; source business rules unchanged","Normal","Normal","","FX12-S01;FX12-S03","Cùng owner; ProjectId bất biến; Project terminal cho xem chỉ-đọc, không tiếp tục Task; mutation cần parent active trừ Trash purge theo provider/cohort riêng; Title/Project/Start/End required; create NotStarted/InProgress; Update không đổi status/project/reminder; ngoài khoảng Project cần confirm; Cùng owner; ProjectId bất biến; Project terminal cho xem chỉ-đọc, không tiếp tục Task; mutation cần parent active trừ Trash purge theo provider/cohort riêng"
"tasks.task.update","FX-12","COMMAND","SELF","true","Resolved delegated","Resolved delegated: action contract; source business rules unchanged","Normal","Normal","tasks.task.read","FX12-S02;FX12-S03","Cùng owner; ProjectId bất biến; Project terminal cho xem chỉ-đọc, không tiếp tục Task; mutation cần parent active trừ Trash purge theo provider/cohort riêng; Title/Project/Start/End required; create NotStarted/InProgress; Update không đổi status/project/reminder; ngoài khoảng Project cần confirm; Cùng owner; ProjectId bất biến; Project terminal cho xem chỉ-đọc, không tiếp tục Task; mutation cần parent active trừ Trash purge theo provider/cohort riêng"
"tasks.task.start","FX-12","COMMAND","SELF","true","Resolved delegated","Resolved delegated: action contract; source business rules unchanged","Lifecycle","Normal","","FX12-S01","Parent active; state graph FX-12; revert bắt buộc reason; Completed ↔ Skipped phải qua active state, không đi tắt; Cùng owner; ProjectId bất biến; Project terminal cho xem chỉ-đọc, không tiếp tục Task; mutation cần parent active trừ Trash purge theo provider/cohort riêng"
"tasks.task.complete","FX-12","COMMAND","SELF","true","Resolved delegated","Resolved delegated: action contract; source business rules unchanged","Lifecycle","Normal","","FX12-S01","Parent active; state graph FX-12; revert bắt buộc reason; Completed ↔ Skipped phải qua active state, không đi tắt; Cùng owner; ProjectId bất biến; Project terminal cho xem chỉ-đọc, không tiếp tục Task; mutation cần parent active trừ Trash purge theo provider/cohort riêng"
"tasks.task.skip","FX-12","COMMAND","SELF","true","Resolved delegated","Resolved delegated: action contract; source business rules unchanged","Lifecycle","Normal","","FX12-S01","Parent active; state graph FX-12; revert bắt buộc reason; Completed ↔ Skipped phải qua active state, không đi tắt; Cùng owner; ProjectId bất biến; Project terminal cho xem chỉ-đọc, không tiếp tục Task; mutation cần parent active trừ Trash purge theo provider/cohort riêng"
"tasks.task.revert","FX-12","COMMAND","SELF","true","Resolved delegated","Resolved delegated: action contract; source business rules unchanged","Lifecycle","Normal","","FX12-S01;FX12-S05","Parent active; state graph FX-12; revert bắt buộc reason; Completed ↔ Skipped phải qua active state, không đi tắt; Cùng owner; ProjectId bất biến; Project terminal cho xem chỉ-đọc, không tiếp tục Task; mutation cần parent active trừ Trash purge theo provider/cohort riêng"
"tasks.task.reorder","FX-12","COMMAND","SELF","true","Resolved delegated","Resolved delegated: action contract; source business rules unchanged","Normal","Normal","","FX12-S01","Parent active; giữ status, rank trong cùng Project/cột; đổi cột phải thêm transition action; Cùng owner; ProjectId bất biến; Project terminal cho xem chỉ-đọc, không tiếp tục Task; mutation cần parent active trừ Trash purge theo provider/cohort riêng"
"tasks.task.criteria","FX-12","COMMAND","SELF","true","Resolved delegated","Resolved delegated: action contract; source business rules unchanged","Normal","Normal","","FX12-S03","Parent active; lưu full version; không ngầm complete Task khi tick đủ; Cùng owner; ProjectId bất biến; Project terminal cho xem chỉ-đọc, không tiếp tục Task; mutation cần parent active trừ Trash purge theo provider/cohort riêng"
"tasks.task.set_reminder","FX-12","COMMAND","SELF","true","Resolved delegated","Resolved delegated: action contract; source business rules unchanged","Normal","Normal","","FX12-S03","Cùng owner; ProjectId bất biến; Project terminal cho xem chỉ-đọc, không tiếp tục Task; mutation cần parent active trừ Trash purge theo provider/cohort riêng; exact time hoặc Start−15min; revision invalidates old schedule; Cùng owner; ProjectId bất biến; Project terminal cho xem chỉ-đọc, không tiếp tục Task; mutation cần parent active trừ Trash purge theo provider/cohort riêng"
"tasks.task.remove_reminder","FX-12","COMMAND","SELF","true","Resolved delegated","Resolved delegated: action contract; source business rules unchanged","Normal","Normal","","FX12-S03","Cùng owner; ProjectId bất biến; Project terminal cho xem chỉ-đọc, không tiếp tục Task; mutation cần parent active trừ Trash purge theo provider/cohort riêng; exact time hoặc Start−15min; revision invalidates old schedule; Cùng owner; ProjectId bất biến; Project terminal cho xem chỉ-đọc, không tiếp tục Task; mutation cần parent active trừ Trash purge theo provider/cohort riêng"
"tasks.task.trash","FX-12","COMMAND","SELF","true","Resolved delegated","Resolved delegated: action contract; source business rules unchanged","Lifecycle","Normal","","FX12-S02;FX12-S04","Cùng owner; ProjectId bất biến; Project terminal cho xem chỉ-đọc, không tiếp tục Task; mutation cần parent active trừ Trash purge theo provider/cohort riêng; preview aggregate, không purge; Cùng owner; ProjectId bất biến; Project terminal cho xem chỉ-đọc, không tiếp tục Task; mutation cần parent active trừ Trash purge theo provider/cohort riêng"
"tasks.task.restore","FX-12","COMMAND","SELF","true","Resolved delegated","Resolved delegated: action contract; source business rules unchanged","Lifecycle","Normal","","FX12-S04","Cùng owner; ProjectId bất biến; Project terminal cho xem chỉ-đọc, không tiếp tục Task; mutation cần parent active trừ Trash purge theo provider/cohort riêng; đúng deletion cohort, parent hợp lệ; Cùng owner; ProjectId bất biến; Project terminal cho xem chỉ-đọc, không tiếp tục Task; mutation cần parent active trừ Trash purge theo provider/cohort riêng"
"tasks.task.purge","FX-12","COMMAND","SELF","true","Resolved delegated","Resolved delegated: action contract; source business rules unchanged","Destructive","Administrative","","FX12-S04","Task ở Trash; individually deleted Task có thể purge dù Project đã terminal; nếu thuộc Project deletion cohort phải qua Project aggregate purge; preview pins/dependencies, xác nhận irreversible; không yêu cầu mở lại Project; Cùng owner; ProjectId bất biến; Project terminal cho xem chỉ-đọc, không tiếp tục Task; mutation cần parent active trừ Trash purge theo provider/cohort riêng"
"tasks.task.history","FX-12","QUERY","SELF","true","Resolved delegated","Resolved delegated: action contract; source business rules unchanged","Sensitive","Sensitive","","FX12-S06","Owner-only history, cùng owner/module; không share/support; Cùng owner; ProjectId bất biến; Project terminal cho xem chỉ-đọc, không tiếp tục Task; mutation cần parent active trừ Trash purge theo provider/cohort riêng"
"tasks.task.restore_version","FX-12","COMMAND","SELF","true","Resolved delegated","Resolved delegated: action contract; source business rules unchanged","Lifecycle","Normal","","FX12-S06","Cùng owner; ProjectId bất biến; Project terminal cho xem chỉ-đọc, không tiếp tục Task; mutation cần parent active trừ Trash purge theo provider/cohort riêng; editable hiện tại, giữ immutable identity/topology, tái kiểm tra quyền trên field diff; Cùng owner; ProjectId bất biến; Project terminal cho xem chỉ-đọc, không tiếp tục Task; mutation cần parent active trừ Trash purge theo provider/cohort riêng"
"tasks.task.share","FX-12","COMPOSITE","SELF","true","Resolved delegated","Resolved delegated: action contract; source business rules unchanged","Disclosure","Sensitive","sharing.link.read","FX12-S04","Source eligible, SharingEnabled, projection chính xác; kết hợp sharing.link.*; không history/reason/secret; Cùng owner; ProjectId bất biến; Project terminal cho xem chỉ-đọc, không tiếp tục Task; mutation cần parent active trừ Trash purge theo provider/cohort riêng"
"calendar.calendar.read","FX-13","QUERY","SELF","true","Resolved delegated","Resolved delegated: action contract; source business rules unchanged","Normal","Normal","","FX13-S01;FX13-S02;FX13-S03;FX13-S04","Từng loại source phải được phép; không render dữ liệu module disabled; Own Calendar; Task projections luôn cần source Tasks access; không sửa Task qua Calendar"
"calendar.event.read","FX-13","QUERY","SELF","true","Resolved delegated","Resolved delegated: action contract; source business rules unchanged","Normal","Normal","","FX13-S05","Title/Description/Start/End required; create Scheduled; update Scheduled only; all-day dates giữ semantics; trùng giờ warn, vẫn cho save; Own Calendar; Task projections luôn cần source Tasks access; không sửa Task qua Calendar"
"calendar.event.create","FX-13","COMMAND","SELF","true","Resolved delegated","Resolved delegated: action contract; source business rules unchanged","Normal","Normal","","FX13-S05","Title/Description/Start/End required; create Scheduled; update Scheduled only; all-day dates giữ semantics; trùng giờ warn, vẫn cho save; Own Calendar; Task projections luôn cần source Tasks access; không sửa Task qua Calendar"
"calendar.event.update","FX-13","COMMAND","SELF","true","Resolved delegated","Resolved delegated: action contract; source business rules unchanged","Normal","Normal","calendar.event.read","FX13-S05","Title/Description/Start/End required; create Scheduled; update Scheduled only; all-day dates giữ semantics; trùng giờ warn, vẫn cho save; Own Calendar; Task projections luôn cần source Tasks access; không sửa Task qua Calendar"
"calendar.event.complete","FX-13","COMMAND","SELF","true","Resolved delegated","Resolved delegated: action contract; source business rules unchanged","Lifecycle","Normal","","FX13-S05","Chỉ Scheduled; terminal chỉ-đọc, không reopen/Trash; cancel là hành vi của nút hủy Event; Own Calendar; Task projections luôn cần source Tasks access; không sửa Task qua Calendar"
"calendar.event.cancel","FX-13","COMMAND","SELF","true","Resolved delegated","Resolved delegated: action contract; source business rules unchanged","Lifecycle","Normal","","FX13-S05","Chỉ Scheduled; terminal chỉ-đọc, không reopen/Trash; cancel là hành vi của nút hủy Event; Own Calendar; Task projections luôn cần source Tasks access; không sửa Task qua Calendar"
"calendar.event.set_reminder","FX-13","COMMAND","SELF","true","Resolved delegated","Resolved delegated: action contract; source business rules unchanged","Normal","Normal","","FX13-S05","Scheduled only; exact time hoặc Start−15min; không VALARM import; Own Calendar; Task projections luôn cần source Tasks access; không sửa Task qua Calendar"
"calendar.event.remove_reminder","FX-13","COMMAND","SELF","true","Resolved delegated","Resolved delegated: action contract; source business rules unchanged","Normal","Normal","","FX13-S05","Scheduled only; exact time hoặc Start−15min; không VALARM import; Own Calendar; Task projections luôn cần source Tasks access; không sửa Task qua Calendar"
"calendar.projection.open","FX-13","COMPOSITE","SELF","true","Resolved delegated","Resolved delegated: action contract; source business rules unchanged","Normal","Normal","tasks.task.read","FX13-S06","Kèm tasks.task.read; không Calendar permission nào cho sửa Task; Own Calendar; Task projections luôn cần source Tasks access; không sửa Task qua Calendar"
"calendar.ics.preview","FX-13","COMPOSITE","SELF","true","Resolved delegated","Resolved delegated: action contract; source business rules unchanged","Normal","Normal","calendar.event.create","FX13-S07","Nonrecurring valid events only; UID dedupe; Scheduled; ignore VALARM; báo skipped/invalid; import không cập nhật Task; Own Calendar; Task projections luôn cần source Tasks access; không sửa Task qua Calendar"
"calendar.ics.import","FX-13","COMPOSITE","SELF","true","Resolved delegated","Resolved delegated: action contract; source business rules unchanged","Normal","Normal","calendar.event.create","FX13-S07","Nonrecurring valid events only; UID dedupe; Scheduled; ignore VALARM; báo skipped/invalid; import không cập nhật Task; Own Calendar; Task projections luôn cần source Tasks access; không sửa Task qua Calendar"
"calendar.ics.export","FX-13","COMPOSITE","SELF","true","Resolved delegated","Resolved delegated: action contract; source business rules unchanged","Disclosure","Sensitive","","FX13-S07","Chỉ fully-contained events; source read tại request/worker/download; Tasks projection là ngoại lệ ICS đã duyệt, không Tasks importer/exporter chung; Own Calendar; Task projections luôn cần source Tasks access; không sửa Task qua Calendar"
"reminders.configuration.read","FX-14","COMPOSITE","SELF","true","Resolved delegated","Resolved delegated: action contract; source business rules unchanged","Normal","Normal","","FX14-S01;FX14-S03","Kèm source read; không đọc reminder config từ shared projection; Một reminder/source; current source version/state; luôn tạo delivery intents cả ba kênh"
"reminders.configuration.set","FX-14","COMPOSITE","SELF","true","Resolved delegated","Resolved delegated: action contract; source business rules unchanged","Normal","Normal","","FX14-S01;FX14-S02","Delegate source set_reminder/remove_reminder; không quyền tạo reminder bất kỳ resource; Một reminder/source; current source version/state; luôn tạo delivery intents cả ba kênh"
"reminders.configuration.remove","FX-14","COMPOSITE","SELF","true","Resolved delegated","Resolved delegated: action contract; source business rules unchanged","Normal","Normal","","FX14-S01","Delegate source set_reminder/remove_reminder; không quyền tạo reminder bất kỳ resource; Một reminder/source; current source version/state; luôn tạo delivery intents cả ba kênh"
"reminders.schedule.reconcile","FX-14","WORKER","SYSTEM","false","Resolved delegated","Resolved delegated: action contract; source business rules unchanged","Normal","Normal","","","Trusted scheduler; đúng owner/source/version; kiểm tra enabled/currentstate; idempotent occurrence; không làm Task tự đổi status; Một reminder/source; current source version/state; luôn tạo delivery intents cả ba kênh"
"reminders.schedule.invalidate","FX-14","WORKER","SYSTEM","false","Resolved delegated","Resolved delegated: action contract; source business rules unchanged","Normal","Normal","","","Trusted scheduler; đúng owner/source/version; kiểm tra enabled/currentstate; idempotent occurrence; không làm Task tự đổi status; Một reminder/source; current source version/state; luôn tạo delivery intents cả ba kênh"
"reminders.schedule.dispatch","FX-14","WORKER","SYSTEM","false","Resolved delegated","Resolved delegated: action contract; source business rules unchanged","Normal","Normal","","","Trusted scheduler; đúng owner/source/version; kiểm tra enabled/currentstate; idempotent occurrence; không làm Task tự đổi status; Một reminder/source; current source version/state; luôn tạo delivery intents cả ba kênh"
"planner.plan.read","FX-15","QUERY","SELF","true","Resolved delegated","Resolved delegated: action contract; source business rules unchanged","Normal","Normal","","FX15-S01;FX15-S02","Own plan + tasks.task.read trên từng Task; Lens trên Task đã có; không tạo bản sao, không thay Start/End hay status"
"planner.plan.pin","FX-15","COMMAND","SELF","true","Resolved delegated","Resolved delegated: action contract; source business rules unchanged","Normal","Normal","","FX15-S01;FX15-S03","Own planning metadata; source access hiện tại; không pin mới Task trong Project terminal; thay lịch Task cần action Tasks riêng; Lens trên Task đã có; không tạo bản sao, không thay Start/End hay status"
"planner.plan.unpin","FX-15","COMMAND","SELF","true","Resolved delegated","Resolved delegated: action contract; source business rules unchanged","Normal","Normal","","FX15-S01","Own planning metadata; source access hiện tại; không pin mới Task trong Project terminal; thay lịch Task cần action Tasks riêng; Lens trên Task đã có; không tạo bản sao, không thay Start/End hay status"
"planner.plan.reorder","FX-15","COMMAND","SELF","true","Resolved delegated","Resolved delegated: action contract; source business rules unchanged","Normal","Normal","","FX15-S01","Own planning metadata; source access hiện tại; không pin mới Task trong Project terminal; thay lịch Task cần action Tasks riêng; Lens trên Task đã có; không tạo bản sao, không thay Start/End hay status"
"planner.plan.reschedule","FX-15","COMMAND","SELF","true","Resolved delegated","Resolved delegated: action contract; source business rules unchanged","Normal","Normal","","FX15-S02","Own planning metadata; source access hiện tại; không pin mới Task trong Project terminal; thay lịch Task cần action Tasks riêng; Lens trên Task đã có; không tạo bản sao, không thay Start/End hay status"
"planner.plan.notes","FX-15","COMMAND","SELF","true","Resolved delegated","Resolved delegated: action contract; source business rules unchanged","Normal","Normal","","FX15-S01","Own planning metadata; source access hiện tại; không pin mới Task trong Project terminal; thay lịch Task cần action Tasks riêng; Lens trên Task đã có; không tạo bản sao, không thay Start/End hay status"
"goals.goal.read","FX-16","QUERY","SELF","true","Resolved delegated","Resolved delegated: action contract; source business rules unchanged","Normal","Normal","","FX16-S01","Own Goal; explicit status; progress calculation không tự complete Goal; Own Goal; explicit status; progress calculation không tự complete Goal"
"goals.goal.create","FX-16","COMMAND","SELF","true","Resolved delegated","Resolved delegated: action contract; source business rules unchanged","Normal","Normal","","FX16-S01;FX16-S02","Own Goal; explicit status; progress calculation không tự complete Goal; Own Goal; explicit status; progress calculation không tự complete Goal"
"goals.goal.update","FX-16","COMMAND","SELF","true","Resolved delegated","Resolved delegated: action contract; source business rules unchanged","Normal","Normal","goals.goal.read","FX16-S02","Own Goal; explicit status; progress calculation không tự complete Goal; Own Goal; explicit status; progress calculation không tự complete Goal"
"goals.goal.start","FX-16","COMMAND","SELF","true","Resolved delegated","Resolved delegated: action contract; source business rules unchanged","Lifecycle","Normal","","FX16-S03","Theo Goal graph FX-16, không áp Project terminal lock sang Goal; giữ lịch sử tiến độ; Own Goal; explicit status; progress calculation không tự complete Goal"
"goals.goal.complete","FX-16","COMMAND","SELF","true","Resolved delegated","Resolved delegated: action contract; source business rules unchanged","Lifecycle","Normal","","FX16-S03","Theo Goal graph FX-16, không áp Project terminal lock sang Goal; giữ lịch sử tiến độ; Own Goal; explicit status; progress calculation không tự complete Goal"
"goals.goal.abandon","FX-16","COMMAND","SELF","true","Resolved delegated","Resolved delegated: action contract; source business rules unchanged","Lifecycle","Normal","","FX16-S03","Theo Goal graph FX-16, không áp Project terminal lock sang Goal; giữ lịch sử tiến độ; Own Goal; explicit status; progress calculation không tự complete Goal"
"goals.goal.reopen","FX-16","COMMAND","SELF","true","Resolved delegated","Resolved delegated: action contract; source business rules unchanged","Lifecycle","Normal","","FX16-S03","Theo Goal graph FX-16, không áp Project terminal lock sang Goal; giữ lịch sử tiến độ; Own Goal; explicit status; progress calculation không tự complete Goal"
"goals.target.read","FX-16","QUERY","SELF","true","Resolved delegated","Resolved delegated: action contract; source business rules unchanged","Normal","Normal","","FX16-S03","Own editable Goal; target type immutable; numeric/boolean/Task-based constraints FX-16; Own Goal; explicit status; progress calculation không tự complete Goal"
"goals.target.create","FX-16","COMMAND","SELF","true","Resolved delegated","Resolved delegated: action contract; source business rules unchanged","Normal","Normal","","FX16-S03","Own editable Goal; target type immutable; numeric/boolean/Task-based constraints FX-16; Own Goal; explicit status; progress calculation không tự complete Goal"
"goals.target.update","FX-16","COMMAND","SELF","true","Resolved delegated","Resolved delegated: action contract; source business rules unchanged","Normal","Normal","goals.target.read","FX16-S03","Own editable Goal; target type immutable; numeric/boolean/Task-based constraints FX-16; Own Goal; explicit status; progress calculation không tự complete Goal"
"goals.target.remove","FX-16","COMMAND","SELF","true","Resolved delegated","Resolved delegated: action contract; source business rules unchanged","Normal","Normal","","FX16-S03","Preview tác động mẫu số/progress; giữ audit lịch sử; Own Goal; explicit status; progress calculation không tự complete Goal"
"goals.target.link_task","FX-16","COMMAND","SELF","true","Resolved delegated","Resolved delegated: action contract; source business rules unchanged","Normal","Normal","","FX16-S03","Cùng owner; tasks.task.read; không sửa Task; denominator theo FX-16; Own Goal; explicit status; progress calculation không tự complete Goal"
"goals.target.unlink_task","FX-16","COMMAND","SELF","true","Resolved delegated","Resolved delegated: action contract; source business rules unchanged","Normal","Normal","","FX16-S03","Cùng owner; tasks.task.read; không sửa Task; denominator theo FX-16; Own Goal; explicit status; progress calculation không tự complete Goal"
"goals.progress.read","FX-16","QUERY","SELF","true","Resolved delegated","Resolved delegated: action contract; source business rules unchanged","Normal","Normal","","FX16-S03","Own Goal; explicit status; progress calculation không tự complete Goal; Own Goal; explicit status; progress calculation không tự complete Goal"
"goals.goal.archive","FX-16","COMMAND","SELF","true","Resolved delegated","Resolved delegated: action contract; source business rules unchanged","Lifecycle","Normal","","FX16-S01","Own Goal; explicit status; progress calculation không tự complete Goal; ngoài Trash, chưa Archived; Own Goal; explicit status; progress calculation không tự complete Goal"
"goals.goal.unarchive","FX-16","COMMAND","SELF","true","Resolved delegated","Resolved delegated: action contract; source business rules unchanged","Lifecycle","Normal","","FX16-S01","Own Goal; explicit status; progress calculation không tự complete Goal; Archived, khôi phục previous state; Own Goal; explicit status; progress calculation không tự complete Goal"
"goals.goal.trash","FX-16","COMMAND","SELF","true","Resolved delegated","Resolved delegated: action contract; source business rules unchanged","Lifecycle","Normal","","FX16-S01","Own Goal; explicit status; progress calculation không tự complete Goal; preview aggregate, không purge; Own Goal; explicit status; progress calculation không tự complete Goal"
"goals.goal.restore","FX-16","COMMAND","SELF","true","Resolved delegated","Resolved delegated: action contract; source business rules unchanged","Lifecycle","Normal","","FX16-S01","Own Goal; explicit status; progress calculation không tự complete Goal; đúng deletion cohort, parent hợp lệ; Own Goal; explicit status; progress calculation không tự complete Goal"
"goals.goal.purge","FX-16","COMMAND","SELF","true","Resolved delegated","Resolved delegated: action contract; source business rules unchanged","Destructive","Administrative","","FX16-S01","Own Goal; explicit status; progress calculation không tự complete Goal; chỉ Trash, preview pins/dependencies, xác nhận không thể hoàn tác; Own Goal; explicit status; progress calculation không tự complete Goal"
"habits.habit.read","FX-17","QUERY","SELF","true","Resolved delegated","Resolved delegated: action contract; source business rules unchanged","Normal","Normal","","FX17-S01;FX17-S02","Own habit; history past check-ins không bị viết lại bởi đổi schedule; Own habit; history past check-ins không bị viết lại bởi đổi schedule"
"habits.habit.create","FX-17","COMMAND","SELF","true","Resolved delegated","Resolved delegated: action contract; source business rules unchanged","Normal","Normal","","FX17-S03","Own habit; history past check-ins không bị viết lại bởi đổi schedule; Own habit; history past check-ins không bị viết lại bởi đổi schedule"
"habits.habit.update","FX-17","COMMAND","SELF","true","Resolved delegated","Resolved delegated: action contract; source business rules unchanged","Normal","Normal","habits.habit.read","FX17-S03","Own habit; history past check-ins không bị viết lại bởi đổi schedule; Own habit; history past check-ins không bị viết lại bởi đổi schedule"
"habits.habit.schedule","FX-17","COMMAND","SELF","true","Resolved delegated","Resolved delegated: action contract; source business rules unchanged","Normal","Normal","","FX17-S03","Theo FX-17; lịch mới không rewrite quá khứ; pause không làm mất streak lịch sử; Own habit; history past check-ins không bị viết lại bởi đổi schedule"
"habits.habit.pause","FX-17","COMMAND","SELF","true","Resolved delegated","Resolved delegated: action contract; source business rules unchanged","Normal","Normal","","FX17-S02","Theo FX-17; lịch mới không rewrite quá khứ; pause không làm mất streak lịch sử; Own habit; history past check-ins không bị viết lại bởi đổi schedule"
"habits.habit.resume","FX-17","COMMAND","SELF","true","Resolved delegated","Resolved delegated: action contract; source business rules unchanged","Normal","Normal","","FX17-S02","Theo FX-17; lịch mới không rewrite quá khứ; pause không làm mất streak lịch sử; Own habit; history past check-ins không bị viết lại bởi đổi schedule"
"habits.habit.set_reminder","FX-17","COMMAND","SELF","true","Resolved delegated","Resolved delegated: action contract; source business rules unchanged","Normal","Normal","","FX17-S03","Theo FX-17; lịch mới không rewrite quá khứ; pause không làm mất streak lịch sử; Own habit; history past check-ins không bị viết lại bởi đổi schedule"
"habits.checkin.record","FX-17","COMMAND","SELF","true","Resolved delegated","Resolved delegated: action contract; source business rules unchanged","Normal","Normal","","FX17-S01","Own habit/day; không future day; boolean/count validation; ghi correction; Own habit; history past check-ins không bị viết lại bởi đổi schedule"
"habits.checkin.correct","FX-17","COMMAND","SELF","true","Resolved delegated","Resolved delegated: action contract; source business rules unchanged","Normal","Normal","","FX17-S01;FX17-S04","Own habit/day; không future day; boolean/count validation; ghi correction; Own habit; history past check-ins không bị viết lại bởi đổi schedule"
"habits.streak.read","FX-17","QUERY","SELF","true","Resolved delegated","Resolved delegated: action contract; source business rules unchanged","Normal","Normal","","FX17-S04","Own habit; history past check-ins không bị viết lại bởi đổi schedule; Own habit; history past check-ins không bị viết lại bởi đổi schedule"
"habits.habit.archive","FX-17","COMMAND","SELF","true","Resolved delegated","Resolved delegated: action contract; source business rules unchanged","Lifecycle","Normal","","FX17-S02","Own habit; history past check-ins không bị viết lại bởi đổi schedule; ngoài Trash, chưa Archived; Own habit; history past check-ins không bị viết lại bởi đổi schedule"
"habits.habit.unarchive","FX-17","COMMAND","SELF","true","Resolved delegated","Resolved delegated: action contract; source business rules unchanged","Lifecycle","Normal","","FX17-S02","Own habit; history past check-ins không bị viết lại bởi đổi schedule; Archived, khôi phục previous state; Own habit; history past check-ins không bị viết lại bởi đổi schedule"
"habits.habit.trash","FX-17","COMMAND","SELF","true","Resolved delegated","Resolved delegated: action contract; source business rules unchanged","Lifecycle","Normal","","FX17-S02","Own habit; history past check-ins không bị viết lại bởi đổi schedule; preview aggregate, không purge; Own habit; history past check-ins không bị viết lại bởi đổi schedule"
"habits.habit.restore","FX-17","COMMAND","SELF","true","Resolved delegated","Resolved delegated: action contract; source business rules unchanged","Lifecycle","Normal","","FX17-S02","Own habit; history past check-ins không bị viết lại bởi đổi schedule; đúng deletion cohort, parent hợp lệ; Own habit; history past check-ins không bị viết lại bởi đổi schedule"
"habits.habit.purge","FX-17","COMMAND","SELF","true","Resolved delegated","Resolved delegated: action contract; source business rules unchanged","Destructive","Administrative","","FX17-S02","Own habit; history past check-ins không bị viết lại bởi đổi schedule; chỉ Trash, preview pins/dependencies, xác nhận không thể hoàn tác; Own habit; history past check-ins không bị viết lại bởi đổi schedule"
"time.timer.read","FX-18","QUERY","SELF","true","Resolved delegated","Resolved delegated: action contract; source business rules unchanged","Normal","Normal","","FX18-S01","Owner scope; tối đa một timer đang chạy; không billable/team/payroll; Owner scope; tối đa một timer đang chạy; không billable/team/payroll"
"time.timer.start","FX-18","COMMAND","SELF","true","Resolved delegated","Resolved delegated: action contract; source business rules unchanged","Normal","Normal","","FX18-S01","Một owner timer; source Task/Project eligibility hiện tại; Resume không kéo dài entry cũ; Owner scope; tối đa một timer đang chạy; không billable/team/payroll"
"time.timer.stop","FX-18","COMMAND","SELF","true","Resolved delegated","Resolved delegated: action contract; source business rules unchanged","Normal","Normal","","FX18-S01","Một owner timer; source Task/Project eligibility hiện tại; Resume không kéo dài entry cũ; Owner scope; tối đa một timer đang chạy; không billable/team/payroll"
"time.timer.resume","FX-18","COMMAND","SELF","true","Resolved delegated","Resolved delegated: action contract; source business rules unchanged","Normal","Normal","","FX18-S01","Một owner timer; source Task/Project eligibility hiện tại; Resume không kéo dài entry cũ; Owner scope; tối đa một timer đang chạy; không billable/team/payroll"
"time.entry.read","FX-18","QUERY","SELF","true","Resolved delegated","Resolved delegated: action contract; source business rules unchanged","Normal","Normal","","FX18-S02","Owner scope; tối đa một timer đang chạy; không billable/team/payroll; Owner scope; tối đa một timer đang chạy; không billable/team/payroll"
"time.entry.create","FX-18","COMMAND","SELF","true","Resolved delegated","Resolved delegated: action contract; source business rules unchanged","Normal","Normal","","FX18-S03","Start/end/duration hợp lệ, cùng owner; source link không grant Task edit; Owner scope; tối đa một timer đang chạy; không billable/team/payroll"
"time.entry.update","FX-18","COMMAND","SELF","true","Resolved delegated","Resolved delegated: action contract; source business rules unchanged","Normal","Normal","","FX18-S03","Không đổi timer đang chạy qua edit; lưu correction lịch sử; Owner scope; tối đa một timer đang chạy; không billable/team/payroll"
"time.entry.trash","FX-18","COMMAND","SELF","true","Resolved delegated","Resolved delegated: action contract; source business rules unchanged","Lifecycle","Normal","","FX18-S02","Owner scope; tối đa một timer đang chạy; không billable/team/payroll; preview aggregate, không purge; Owner scope; tối đa một timer đang chạy; không billable/team/payroll"
"time.entry.restore","FX-18","COMMAND","SELF","true","Resolved delegated","Resolved delegated: action contract; source business rules unchanged","Lifecycle","Normal","","FX18-S02","Owner scope; tối đa một timer đang chạy; không billable/team/payroll; đúng deletion cohort, parent hợp lệ; Owner scope; tối đa một timer đang chạy; không billable/team/payroll"
"time.entry.purge","FX-18","COMMAND","SELF","true","Resolved delegated","Resolved delegated: action contract; source business rules unchanged","Destructive","Administrative","","FX18-S02","Owner scope; tối đa một timer đang chạy; không billable/team/payroll; chỉ Trash, preview pins/dependencies, xác nhận không thể hoàn tác; Owner scope; tối đa một timer đang chạy; không billable/team/payroll"
"time.entry.history","FX-18","QUERY","SELF","true","Resolved delegated","Resolved delegated: action contract; source business rules unchanged","Sensitive","Sensitive","","FX18-S04","Owner-only history, cùng owner/module; không share/support; Owner scope; tối đa một timer đang chạy; không billable/team/payroll"
"time.report.read","FX-18","QUERY","SELF","true","Resolved delegated","Resolved delegated: action contract; source business rules unchanged","Normal","Normal","","FX18-S04","Owner scope; tối đa một timer đang chạy; không billable/team/payroll; Owner scope; tối đa một timer đang chạy; không billable/team/payroll"
"focus.session.read","FX-19","QUERY","SELF","true","Resolved delegated","Resolved delegated: action contract; source business rules unchanged","Normal","Normal","","FX19-S02;FX19-S04","Own focus session; elapsed từ clock/state hợp lệ; không tự tạo Calendar; Own focus session; elapsed từ clock/state hợp lệ; không tự tạo Calendar"
"focus.session.start","FX-19","COMMAND","SELF","true","Resolved delegated","Resolved delegated: action contract; source business rules unchanged","Normal","Normal","","FX19-S01;FX19-S03","Theo state machine; phase kế tiếp cần explicit start; không giả elapsed từ client; Own focus session; elapsed từ clock/state hợp lệ; không tự tạo Calendar"
"focus.session.pause","FX-19","COMMAND","SELF","true","Resolved delegated","Resolved delegated: action contract; source business rules unchanged","Normal","Normal","","FX19-S02","Theo state machine; phase kế tiếp cần explicit start; không giả elapsed từ client; Own focus session; elapsed từ clock/state hợp lệ; không tự tạo Calendar"
"focus.session.resume","FX-19","COMMAND","SELF","true","Resolved delegated","Resolved delegated: action contract; source business rules unchanged","Normal","Normal","","FX19-S02","Theo state machine; phase kế tiếp cần explicit start; không giả elapsed từ client; Own focus session; elapsed từ clock/state hợp lệ; không tự tạo Calendar"
"focus.session.cancel","FX-19","COMMAND","SELF","true","Resolved delegated","Resolved delegated: action contract; source business rules unchanged","Normal","Normal","","FX19-S02","Theo state machine; phase kế tiếp cần explicit start; không giả elapsed từ client; Own focus session; elapsed từ clock/state hợp lệ; không tự tạo Calendar"
"focus.preference.update","FX-19","COMMAND","SELF","true","Resolved delegated","Resolved delegated: action contract; source business rules unchanged","Normal","Normal","","FX19-S01","Defaults25/5/15 theo FX-19; không rewrite completed sessions; Own focus session; elapsed từ clock/state hợp lệ; không tự tạo Calendar"
"focus.session.finish_phase","FX-19","WORKER","SYSTEM","false","Resolved delegated","Resolved delegated: action contract; source business rules unchanged","Normal","Normal","","","Trusted clock validation; user polling không được submit elapsed giả; Own focus session; elapsed từ clock/state hợp lệ; không tự tạo Calendar"
"focus.session.record_time","FX-19","COMPOSITE","SELF","true","Resolved delegated","Resolved delegated: action contract; source business rules unchanged","Normal","Normal","time.entry.create","FX19-S03","Work only; source session immutable; dedupe session→entry; target module/action còn enabled; Own focus session; elapsed từ clock/state hợp lệ; không tự tạo Calendar"
"documents.library.read","FX-20","QUERY","SELF","true","Resolved delegated","Resolved delegated: action contract; source business rules unchanged","Normal","Normal","","FX20-S01","Owner; immutable DocumentType/EditorMode/Folder/Parent; Title editable ở Draft/Published theo current FX-20 delegated rule; explicit Save; Owner; immutable DocumentType/EditorMode/Folder/Parent; Title editable ở Draft/Published theo current FX-20 delegated rule; explicit Save"
"documents.page.read","FX-20","QUERY","SELF","true","Resolved delegated","Resolved delegated: action contract; source business rules unchanged","Normal","Normal","","FX20-S01;FX20-S04;FX20-S05;FX20-S08","Owner/module + lifecycle; Archived read-only; Trash preview không live-share; Owner; immutable DocumentType/EditorMode/Folder/Parent; Title editable ở Draft/Published theo current FX-20 delegated rule; explicit Save"
"documents.folder.read","FX-20","QUERY","SELF","true","Resolved delegated","Resolved delegated: action contract; source business rules unchanged","Normal","Normal","","FX20-S02","Owner; immutable DocumentType/EditorMode/Folder/Parent; Title editable ở Draft/Published theo current FX-20 delegated rule; explicit Save; Owner; immutable DocumentType/EditorMode/Folder/Parent; Title editable ở Draft/Published theo current FX-20 delegated rule; explicit Save"
"documents.folder.create","FX-20","COMMAND","SELF","true","Resolved delegated","Resolved delegated: action contract; source business rules unchanged","Normal","Normal","","FX20-S01;FX20-S02","Tối đa hai cấp; cùng owner, parent active; Owner; immutable DocumentType/EditorMode/Folder/Parent; Title editable ở Draft/Published theo current FX-20 delegated rule; explicit Save"
"documents.folder.rename","FX-20","COMMAND","SELF","true","Resolved delegated","Resolved delegated: action contract; source business rules unchanged","Normal","Normal","","FX20-S01;FX20-S02","Không đổi parent/tree qua Rename; Owner; immutable DocumentType/EditorMode/Folder/Parent; Title editable ở Draft/Published theo current FX-20 delegated rule; explicit Save"
"documents.folder.trash","FX-20","COMMAND","SELF","true","Resolved delegated","Resolved delegated: action contract; source business rules unchanged","Lifecycle","Normal","","FX20-S02","Owner; immutable DocumentType/EditorMode/Folder/Parent; Title editable ở Draft/Published theo current FX-20 delegated rule; explicit Save; preview aggregate, không purge; Owner; immutable DocumentType/EditorMode/Folder/Parent; Title editable ở Draft/Published theo current FX-20 delegated rule; explicit Save"
"documents.folder.restore","FX-20","COMMAND","SELF","true","Resolved delegated","Resolved delegated: action contract; source business rules unchanged","Lifecycle","Normal","","FX20-S02","Owner; immutable DocumentType/EditorMode/Folder/Parent; Title editable ở Draft/Published theo current FX-20 delegated rule; explicit Save; đúng deletion cohort, parent hợp lệ; Owner; immutable DocumentType/EditorMode/Folder/Parent; Title editable ở Draft/Published theo current FX-20 delegated rule; explicit Save"
"documents.folder.purge","FX-20","COMMAND","SELF","true","Resolved delegated","Resolved delegated: action contract; source business rules unchanged","Destructive","Administrative","","FX20-S02","Owner; immutable DocumentType/EditorMode/Folder/Parent; Title editable ở Draft/Published theo current FX-20 delegated rule; explicit Save; chỉ Trash, preview pins/dependencies, xác nhận không thể hoàn tác; Owner; immutable DocumentType/EditorMode/Folder/Parent; Title editable ở Draft/Published theo current FX-20 delegated rule; explicit Save"
"documents.page.create","FX-20","COMMAND","SELF","true","Resolved delegated","Resolved delegated: action contract; source business rules unchanged","Normal","Normal","","FX20-S03","Title/Type/Editor required; Draft; max2levels; child theo folder parent; mỗi lần chọn cả Type/Editor; Owner; immutable DocumentType/EditorMode/Folder/Parent; Title editable ở Draft/Published theo current FX-20 delegated rule; explicit Save"
"documents.page.save","FX-20","COMMAND","SELF","true","Resolved delegated","Resolved delegated: action contract; source business rules unchanged","Normal","Normal","","FX20-S04;FX20-S05;FX20-S06","Draft/Published only; Title/body, Tag, Icon hoặc Cover; Type/Editor/Folder/Parent immutable giữ nguyên; manual Save creates immutable version; Owner; immutable DocumentType/EditorMode/Folder/Parent; Title editable ở Draft/Published theo current FX-20 delegated rule; explicit Save"
"documents.page.publish","FX-20","COMMAND","SELF","true","Resolved delegated","Resolved delegated: action contract; source business rules unchanged","Lifecycle","Normal","","FX20-S04;FX20-S05","Own active page; private remains private; Draft khóa share links; không chỉnh content ngầm; Owner; immutable DocumentType/EditorMode/Folder/Parent; Title editable ở Draft/Published theo current FX-20 delegated rule; explicit Save"
"documents.page.unpublish","FX-20","COMMAND","SELF","true","Resolved delegated","Resolved delegated: action contract; source business rules unchanged","Lifecycle","Normal","","FX20-S04;FX20-S05","Own active page; private remains private; Draft khóa share links; không chỉnh content ngầm; Owner; immutable DocumentType/EditorMode/Folder/Parent; Title editable ở Draft/Published theo current FX-20 delegated rule; explicit Save"
"documents.page.archive","FX-20","COMMAND","SELF","true","Resolved delegated","Resolved delegated: action contract; source business rules unchanged","Lifecycle","Normal","","FX20-S09","Owner; immutable DocumentType/EditorMode/Folder/Parent; Title editable ở Draft/Published theo current FX-20 delegated rule; explicit Save; ngoài Trash, chưa Archived; Owner; immutable DocumentType/EditorMode/Folder/Parent; Title editable ở Draft/Published theo current FX-20 delegated rule; explicit Save"
"documents.page.unarchive","FX-20","COMMAND","SELF","true","Resolved delegated","Resolved delegated: action contract; source business rules unchanged","Lifecycle","Normal","","FX20-S08;FX20-S09","Owner; immutable DocumentType/EditorMode/Folder/Parent; Title editable ở Draft/Published theo current FX-20 delegated rule; explicit Save; Archived, khôi phục previous state; Owner; immutable DocumentType/EditorMode/Folder/Parent; Title editable ở Draft/Published theo current FX-20 delegated rule; explicit Save"
"documents.page.trash","FX-20","COMMAND","SELF","true","Resolved delegated","Resolved delegated: action contract; source business rules unchanged","Lifecycle","Normal","","FX20-S08;FX20-S10","Owner; immutable DocumentType/EditorMode/Folder/Parent; Title editable ở Draft/Published theo current FX-20 delegated rule; explicit Save; preview aggregate, không purge; Owner; immutable DocumentType/EditorMode/Folder/Parent; Title editable ở Draft/Published theo current FX-20 delegated rule; explicit Save"
"documents.page.restore","FX-20","COMMAND","SELF","true","Resolved delegated","Resolved delegated: action contract; source business rules unchanged","Lifecycle","Normal","","FX20-S10","Owner; immutable DocumentType/EditorMode/Folder/Parent; Title editable ở Draft/Published theo current FX-20 delegated rule; explicit Save; đúng deletion cohort, parent hợp lệ; Owner; immutable DocumentType/EditorMode/Folder/Parent; Title editable ở Draft/Published theo current FX-20 delegated rule; explicit Save"
"documents.page.purge","FX-20","COMMAND","SELF","true","Resolved delegated","Resolved delegated: action contract; source business rules unchanged","Destructive","Administrative","","FX20-S10","Owner; immutable DocumentType/EditorMode/Folder/Parent; Title editable ở Draft/Published theo current FX-20 delegated rule; explicit Save; chỉ Trash, preview pins/dependencies, xác nhận không thể hoàn tác; Owner; immutable DocumentType/EditorMode/Folder/Parent; Title editable ở Draft/Published theo current FX-20 delegated rule; explicit Save"
"documents.page.history","FX-20","QUERY","SELF","true","Resolved delegated","Resolved delegated: action contract; source business rules unchanged","Sensitive","Sensitive","","FX20-S07","Owner-only history, cùng owner/module; không share/support; Owner; immutable DocumentType/EditorMode/Folder/Parent; Title editable ở Draft/Published theo current FX-20 delegated rule; explicit Save"
"documents.page.restore_version","FX-20","COMMAND","SELF","true","Resolved delegated","Resolved delegated: action contract; source business rules unchanged","Lifecycle","Normal","","FX20-S07","Owner; immutable DocumentType/EditorMode/Folder/Parent; Title editable ở Draft/Published theo current FX-20 delegated rule; explicit Save; editable hiện tại, giữ immutable identity/topology, tái kiểm tra quyền trên field diff; Owner; immutable DocumentType/EditorMode/Folder/Parent; Title editable ở Draft/Published theo current FX-20 delegated rule; explicit Save"
"documents.page.share","FX-20","COMPOSITE","SELF","true","Resolved delegated","Resolved delegated: action contract; source business rules unchanged","Disclosure","Sensitive","sharing.link.read","FX20-S01","Source eligible, SharingEnabled, projection chính xác; kết hợp sharing.link.*; không history/reason/secret; Owner; immutable DocumentType/EditorMode/Folder/Parent; Title editable ở Draft/Published theo current FX-20 delegated rule; explicit Save"
"documents.tag.read","FX-20","QUERY","SELF","true","Resolved delegated","Resolved delegated: action contract; source business rules unchanged","Normal","Normal","","FX20-S06","Owner; immutable DocumentType/EditorMode/Folder/Parent; Title editable ở Draft/Published theo current FX-20 delegated rule; explicit Save; Owner; immutable DocumentType/EditorMode/Folder/Parent; Title editable ở Draft/Published theo current FX-20 delegated rule; explicit Save"
"documents.tag.create","FX-20","COMMAND","SELF","true","Resolved delegated","Resolved delegated: action contract; source business rules unchanged","Normal","Normal","","FX20-S06","Document namespace; page tối đa1Tag; remove bị chặn nếu active/Archived/Trash page còn dùng; Owner; immutable DocumentType/EditorMode/Folder/Parent; Title editable ở Draft/Published theo current FX-20 delegated rule; explicit Save"
"documents.tag.rename","FX-20","COMMAND","SELF","true","Resolved delegated","Resolved delegated: action contract; source business rules unchanged","Normal","Normal","","FX20-S06","Document namespace; page tối đa1Tag; remove bị chặn nếu active/Archived/Trash page còn dùng; Owner; immutable DocumentType/EditorMode/Folder/Parent; Title editable ở Draft/Published theo current FX-20 delegated rule; explicit Save"
"documents.tag.remove","FX-20","COMMAND","SELF","true","Resolved delegated","Resolved delegated: action contract; source business rules unchanged","Normal","Normal","","FX20-S06","Document namespace; page tối đa1Tag; remove bị chặn nếu active/Archived/Trash page còn dùng; Owner; immutable DocumentType/EditorMode/Folder/Parent; Title editable ở Draft/Published theo current FX-20 delegated rule; explicit Save"
"bookmarks.bookmark.read","FX-21","QUERY","SELF","true","Resolved delegated","Resolved delegated: action contract; source business rules unchanged","Normal","Normal","","FX21-S01;FX21-S03","Own bookmark; saved metadata khác fetched metadata, không overwrite owner edit; Own bookmark; saved metadata khác fetched metadata, không overwrite owner edit"
"bookmarks.bookmark.create","FX-21","COMMAND","SELF","true","Resolved delegated","Resolved delegated: action contract; source business rules unchanged","Normal","Normal","","FX21-S02","Own bookmark; saved metadata khác fetched metadata, không overwrite owner edit; Own bookmark; saved metadata khác fetched metadata, không overwrite owner edit"
"bookmarks.bookmark.update","FX-21","COMMAND","SELF","true","Resolved delegated","Resolved delegated: action contract; source business rules unchanged","Normal","Normal","bookmarks.bookmark.read","FX21-S02","Own bookmark; saved metadata khác fetched metadata, không overwrite owner edit; Own bookmark; saved metadata khác fetched metadata, không overwrite owner edit"
"bookmarks.bookmark.refresh","FX-21","COMMAND","SELF","true","Blocked","Blocked Q-07 for outbound execution","Normal","Normal","","FX21-S03","Approved fetch provider + SSRF limits; failure giữ bản trước và freshness; Own bookmark; saved metadata khác fetched metadata, không overwrite owner edit"
"bookmarks.bookmark.archive","FX-21","COMMAND","SELF","true","Resolved delegated","Resolved delegated: action contract; source business rules unchanged","Lifecycle","Normal","","FX21-S01","Own bookmark; saved metadata khác fetched metadata, không overwrite owner edit; ngoài Trash, chưa Archived; Own bookmark; saved metadata khác fetched metadata, không overwrite owner edit"
"bookmarks.bookmark.unarchive","FX-21","COMMAND","SELF","true","Resolved delegated","Resolved delegated: action contract; source business rules unchanged","Lifecycle","Normal","","FX21-S01","Own bookmark; saved metadata khác fetched metadata, không overwrite owner edit; Archived, khôi phục previous state; Own bookmark; saved metadata khác fetched metadata, không overwrite owner edit"
"bookmarks.bookmark.trash","FX-21","COMMAND","SELF","true","Resolved delegated","Resolved delegated: action contract; source business rules unchanged","Lifecycle","Normal","","FX21-S01","Own bookmark; saved metadata khác fetched metadata, không overwrite owner edit; preview aggregate, không purge; Own bookmark; saved metadata khác fetched metadata, không overwrite owner edit"
"bookmarks.bookmark.restore","FX-21","COMMAND","SELF","true","Resolved delegated","Resolved delegated: action contract; source business rules unchanged","Lifecycle","Normal","","FX21-S01","Own bookmark; saved metadata khác fetched metadata, không overwrite owner edit; đúng deletion cohort, parent hợp lệ; Own bookmark; saved metadata khác fetched metadata, không overwrite owner edit"
"bookmarks.bookmark.purge","FX-21","COMMAND","SELF","true","Resolved delegated","Resolved delegated: action contract; source business rules unchanged","Destructive","Administrative","","FX21-S01","Own bookmark; saved metadata khác fetched metadata, không overwrite owner edit; chỉ Trash, preview pins/dependencies, xác nhận không thể hoàn tác; Own bookmark; saved metadata khác fetched metadata, không overwrite owner edit"
"bookmarks.bookmark.share","FX-21","COMPOSITE","SELF","true","Resolved delegated","Resolved delegated: action contract; source business rules unchanged","Disclosure","Sensitive","sharing.link.read","FX21-S03","Source eligible, SharingEnabled, projection chính xác; kết hợp sharing.link.*; không history/reason/secret; Own bookmark; saved metadata khác fetched metadata, không overwrite owner edit"
"bookmarks.bookmark.open_external","FX-21","LOCAL","SELF","false","Resolved delegated","Resolved delegated: action contract; source business rules unchanged","Normal","Normal","","FX21-S03","Safe URL scheme; disclosure external navigation; không credential forwarding; Own bookmark; saved metadata khác fetched metadata, không overwrite owner edit"
"snippets.snippet.read","FX-22","QUERY","SELF","true","Resolved delegated","Resolved delegated: action contract; source business rules unchanged","Normal","Normal","","FX22-S01;FX22-S03","Text-only; escape rendered code; không thực thi snippet; Text-only; escape rendered code; không thực thi snippet"
"snippets.snippet.create","FX-22","COMMAND","SELF","true","Resolved delegated","Resolved delegated: action contract; source business rules unchanged","Normal","Normal","","FX22-S01;FX22-S02","Text-only; escape rendered code; không thực thi snippet; Text-only; escape rendered code; không thực thi snippet"
"snippets.snippet.save","FX-22","COMMAND","SELF","true","Resolved delegated","Resolved delegated: action contract; source business rules unchanged","Normal","Normal","","FX22-S02","Own active Snippet; immutable version; concurrency check; Text-only; escape rendered code; không thực thi snippet"
"snippets.snippet.archive","FX-22","COMMAND","SELF","true","Resolved delegated","Resolved delegated: action contract; source business rules unchanged","Lifecycle","Normal","","FX22-S01","Text-only; escape rendered code; không thực thi snippet; ngoài Trash, chưa Archived; Text-only; escape rendered code; không thực thi snippet"
"snippets.snippet.unarchive","FX-22","COMMAND","SELF","true","Resolved delegated","Resolved delegated: action contract; source business rules unchanged","Lifecycle","Normal","","FX22-S01","Text-only; escape rendered code; không thực thi snippet; Archived, khôi phục previous state; Text-only; escape rendered code; không thực thi snippet"
"snippets.snippet.trash","FX-22","COMMAND","SELF","true","Resolved delegated","Resolved delegated: action contract; source business rules unchanged","Lifecycle","Normal","","FX22-S01","Text-only; escape rendered code; không thực thi snippet; preview aggregate, không purge; Text-only; escape rendered code; không thực thi snippet"
"snippets.snippet.restore","FX-22","COMMAND","SELF","true","Resolved delegated","Resolved delegated: action contract; source business rules unchanged","Lifecycle","Normal","","FX22-S01","Text-only; escape rendered code; không thực thi snippet; đúng deletion cohort, parent hợp lệ; Text-only; escape rendered code; không thực thi snippet"
"snippets.snippet.purge","FX-22","COMMAND","SELF","true","Resolved delegated","Resolved delegated: action contract; source business rules unchanged","Destructive","Administrative","","FX22-S01","Text-only; escape rendered code; không thực thi snippet; chỉ Trash, preview pins/dependencies, xác nhận không thể hoàn tác; Text-only; escape rendered code; không thực thi snippet"
"snippets.snippet.history","FX-22","QUERY","SELF","true","Resolved delegated","Resolved delegated: action contract; source business rules unchanged","Sensitive","Sensitive","","FX22-S03","Owner-only history, cùng owner/module; không share/support; Text-only; escape rendered code; không thực thi snippet"
"snippets.snippet.restore_version","FX-22","COMMAND","SELF","true","Resolved delegated","Resolved delegated: action contract; source business rules unchanged","Lifecycle","Normal","","FX22-S03","Text-only; escape rendered code; không thực thi snippet; editable hiện tại, giữ immutable identity/topology, tái kiểm tra quyền trên field diff; Text-only; escape rendered code; không thực thi snippet"
"snippets.snippet.share","FX-22","COMPOSITE","SELF","true","Resolved delegated","Resolved delegated: action contract; source business rules unchanged","Disclosure","Sensitive","sharing.link.read","FX22-S03","Source eligible, SharingEnabled, projection chính xác; kết hợp sharing.link.*; không history/reason/secret; Text-only; escape rendered code; không thực thi snippet"
"snippets.snippet.copy","FX-22","LOCAL","SELF","false","Resolved delegated","Resolved delegated: action contract; source business rules unchanged","Disclosure","Sensitive","snippets.snippet.read","FX22-S03","Source read required; không secret trong toast; Text-only; escape rendered code; không thực thi snippet"
"snippets.snippet.export","FX-22","COMMAND","SELF","true","Resolved delegated","Resolved delegated: action contract; source business rules unchanged","Disclosure","Sensitive","","FX22-S03","Own current read; text artifact only, không executable publish; Text-only; escape rendered code; không thực thi snippet"
"reading.queue.read","FX-23","QUERY","SELF","true","Resolved delegated","Resolved delegated: action contract; source business rules unchanged","Normal","Normal","","FX23-S01;FX23-S02;FX23-S03","Source provider read từng item, không source disabled payload; Queue reference theo source; không copy body hay xóa source"
"reading.item.save","FX-23","COMPOSITE","SELF","true","Resolved delegated","Resolved delegated: action contract; source business rules unchanged","Normal","Normal","","FX23-S01","Own queue item; source read; News read/unread còn phải qua news.article.mark_read/mark_unread, không ghi vòng; Queue reference theo source; không copy body hay xóa source"
"reading.item.remove","FX-23","COMPOSITE","SELF","true","Resolved delegated","Resolved delegated: action contract; source business rules unchanged","Normal","Normal","","FX23-S01;FX23-S03","Own queue item; source read; News read/unread còn phải qua news.article.mark_read/mark_unread, không ghi vòng; Queue reference theo source; không copy body hay xóa source"
"reading.item.read","FX-23","COMPOSITE","SELF","true","Resolved delegated","Resolved delegated: action contract; source business rules unchanged","Normal","Normal","","FX23-S01;FX23-S02","Own queue item; source read; News read/unread còn phải qua news.article.mark_read/mark_unread, không ghi vòng; Queue reference theo source; không copy body hay xóa source"
"reading.item.unread","FX-23","COMPOSITE","SELF","true","Resolved delegated","Resolved delegated: action contract; source business rules unchanged","Normal","Normal","","FX23-S01;FX23-S02","Own queue item; source read; News read/unread còn phải qua news.article.mark_read/mark_unread, không ghi vòng; Queue reference theo source; không copy body hay xóa source"
"reading.item.position","FX-23","COMPOSITE","SELF","true","Resolved delegated","Resolved delegated: action contract; source business rules unchanged","Normal","Normal","","FX23-S02","Own queue item; source read; News read/unread còn phải qua news.article.mark_read/mark_unread, không ghi vòng; Queue reference theo source; không copy body hay xóa source"
"organization.tag.read","FX-24","QUERY","SELF","true","Resolved delegated","Resolved delegated: action contract; source business rules unchanged","Normal","Normal","","FX24-S01","Namespace và source provider quyết định cardinality/lifecycle; không universal grant; Namespace và source provider quyết định cardinality/lifecycle; không universal grant"
"organization.tag.create","FX-24","COMPOSITE","SELF","true","Resolved delegated","Resolved delegated: action contract; source business rules unchanged","Normal","Normal","","FX24-S01","Namespace source checks; Documents delegate documents.tag.* và page.save; Projects/Tasks chung namespace, module khác riêng; không bypass reference blockers; Namespace và source provider quyết định cardinality/lifecycle; không universal grant"
"organization.tag.rename","FX-24","COMPOSITE","SELF","true","Resolved delegated","Resolved delegated: action contract; source business rules unchanged","Normal","Normal","","FX24-S01","Namespace source checks; Documents delegate documents.tag.* và page.save; Projects/Tasks chung namespace, module khác riêng; không bypass reference blockers; Namespace và source provider quyết định cardinality/lifecycle; không universal grant"
"organization.tag.remove","FX-24","COMPOSITE","SELF","true","Resolved delegated","Resolved delegated: action contract; source business rules unchanged","Normal","Normal","","FX24-S01","Namespace source checks; Documents delegate documents.tag.* và page.save; Projects/Tasks chung namespace, module khác riêng; không bypass reference blockers; Namespace và source provider quyết định cardinality/lifecycle; không universal grant"
"organization.tag.assign","FX-24","COMPOSITE","SELF","true","Resolved delegated","Resolved delegated: action contract; source business rules unchanged","Normal","Normal","","FX24-S01","Namespace source checks; Documents delegate documents.tag.* và page.save; Projects/Tasks chung namespace, module khác riêng; không bypass reference blockers; Namespace và source provider quyết định cardinality/lifecycle; không universal grant"
"organization.collection.read","FX-24","QUERY","SELF","true","Resolved delegated","Resolved delegated: action contract; source business rules unchanged","Normal","Normal","","FX24-S02","Own collection metadata; refs không thay owner/source lifecycle; Namespace và source provider quyết định cardinality/lifecycle; không universal grant"
"organization.collection.create","FX-24","COMMAND","SELF","true","Resolved delegated","Resolved delegated: action contract; source business rules unchanged","Normal","Normal","","FX24-S02","Own collection metadata; refs không thay owner/source lifecycle; Namespace và source provider quyết định cardinality/lifecycle; không universal grant"
"organization.collection.update","FX-24","COMMAND","SELF","true","Resolved delegated","Resolved delegated: action contract; source business rules unchanged","Normal","Normal","organization.collection.read","FX24-S02","Own collection metadata; refs không thay owner/source lifecycle; Namespace và source provider quyết định cardinality/lifecycle; không universal grant"
"organization.collection.add","FX-24","COMMAND","SELF","true","Resolved delegated","Resolved delegated: action contract; source business rules unchanged","Normal","Normal","","FX24-S03","Source read khi thêm/xem; delete không xóa source; không tự mở public sharing; Namespace và source provider quyết định cardinality/lifecycle; không universal grant"
"organization.collection.remove","FX-24","COMMAND","SELF","true","Resolved delegated","Resolved delegated: action contract; source business rules unchanged","Normal","Normal","","FX24-S03","Source read khi thêm/xem; delete không xóa source; không tự mở public sharing; Namespace và source provider quyết định cardinality/lifecycle; không universal grant"
"organization.collection.reorder","FX-24","COMMAND","SELF","true","Resolved delegated","Resolved delegated: action contract; source business rules unchanged","Normal","Normal","","FX24-S03","Source read khi thêm/xem; delete không xóa source; không tự mở public sharing; Namespace và source provider quyết định cardinality/lifecycle; không universal grant"
"organization.collection.delete","FX-24","COMMAND","SELF","true","Resolved delegated","Resolved delegated: action contract; source business rules unchanged","Normal","Normal","","FX24-S02","Source read khi thêm/xem; delete không xóa source; không tự mở public sharing; Namespace và source provider quyết định cardinality/lifecycle; không universal grant"
"organization.template.read","FX-24","QUERY","SELF","true","Resolved delegated","Resolved delegated: action contract; source business rules unchanged","Normal","Normal","","FX24-S04","Source declared template provider; không include secrets; immutable source kinds theo provider; Namespace và source provider quyết định cardinality/lifecycle; không universal grant"
"organization.template.create","FX-24","COMMAND","SELF","true","Resolved delegated","Resolved delegated: action contract; source business rules unchanged","Normal","Normal","","FX24-S04","Source declared template provider; không include secrets; immutable source kinds theo provider; Namespace và source provider quyết định cardinality/lifecycle; không universal grant"
"organization.template.update","FX-24","COMMAND","SELF","true","Resolved delegated","Resolved delegated: action contract; source business rules unchanged","Normal","Normal","organization.template.read","FX24-S04","Source declared template provider; không include secrets; immutable source kinds theo provider; Namespace và source provider quyết định cardinality/lifecycle; không universal grant"
"organization.template.archive","FX-24","COMMAND","SELF","true","Resolved delegated","Resolved delegated: action contract; source business rules unchanged","Lifecycle","Normal","","FX24-S04","Namespace và source provider quyết định cardinality/lifecycle; không universal grant; ngoài Trash, chưa Archived; Namespace và source provider quyết định cardinality/lifecycle; không universal grant"
"organization.template.unarchive","FX-24","COMMAND","SELF","true","Resolved delegated","Resolved delegated: action contract; source business rules unchanged","Lifecycle","Normal","","FX24-S04","Namespace và source provider quyết định cardinality/lifecycle; không universal grant; Archived, khôi phục previous state; Namespace và source provider quyết định cardinality/lifecycle; không universal grant"
"organization.template.trash","FX-24","COMMAND","SELF","true","Resolved delegated","Resolved delegated: action contract; source business rules unchanged","Lifecycle","Normal","","FX24-S04","Namespace và source provider quyết định cardinality/lifecycle; không universal grant; preview aggregate, không purge; Namespace và source provider quyết định cardinality/lifecycle; không universal grant"
"organization.template.restore","FX-24","COMMAND","SELF","true","Resolved delegated","Resolved delegated: action contract; source business rules unchanged","Lifecycle","Normal","","FX24-S04","Namespace và source provider quyết định cardinality/lifecycle; không universal grant; đúng deletion cohort, parent hợp lệ; Namespace và source provider quyết định cardinality/lifecycle; không universal grant"
"organization.template.purge","FX-24","COMMAND","SELF","true","Resolved delegated","Resolved delegated: action contract; source business rules unchanged","Destructive","Administrative","","FX24-S04","Namespace và source provider quyết định cardinality/lifecycle; không universal grant; chỉ Trash, preview pins/dependencies, xác nhận không thể hoàn tác; Namespace và source provider quyết định cardinality/lifecycle; không universal grant"
"organization.template.instantiate","FX-24","COMPOSITE","SELF","true","Resolved delegated","Resolved delegated: action contract; source business rules unchanged","Normal","Normal","","FX24-S05","Target create + protected-field actions; chọn immutable Type/Editor của Documents khi tạo; không copy original owner/history; Namespace và source provider quyết định cardinality/lifecycle; không universal grant"
"discovery.search.query","FX-25","QUERY","SELF","true","Resolved delegated","Resolved delegated: action contract; source business rules unchanged","Normal","Normal","","FX25-S01","Không secrets/history/private projection in preview; unknown/provider failed không empty; Current permission trên từng source result; index không authority"
"discovery.command.read","FX-25","QUERY","SELF","true","Resolved delegated","Resolved delegated: action contract; source business rules unchanged","Normal","Normal","","FX25-S02","Current permission trên từng source result; index không authority; Current permission trên từng source result; index không authority"
"discovery.command.execute","FX-25","COMPOSITE","SELF","true","Resolved delegated","Resolved delegated: action contract; source business rules unchanged","Normal","Normal","","FX25-S02","Gọi canonical target action; command visibility không authorization; Current permission trên từng source result; index không authority"
"discovery.favorite.read","FX-25","QUERY","SELF","true","Resolved delegated","Resolved delegated: action contract; source business rules unchanged","Normal","Normal","","FX25-S03","Current permission trên từng source result; index không authority; Current permission trên từng source result; index không authority"
"discovery.favorite.add","FX-25","COMMAND","SELF","true","Resolved delegated","Resolved delegated: action contract; source business rules unchanged","Normal","Normal","","FX25-S03","Own refs; source read; không bypass Archived/disabled; Current permission trên từng source result; index không authority"
"discovery.favorite.remove","FX-25","COMMAND","SELF","true","Resolved delegated","Resolved delegated: action contract; source business rules unchanged","Normal","Normal","","FX25-S03","Own refs; source read; không bypass Archived/disabled; Current permission trên từng source result; index không authority"
"discovery.favorite.reorder","FX-25","COMMAND","SELF","true","Resolved delegated","Resolved delegated: action contract; source business rules unchanged","Normal","Normal","","FX25-S03","Own refs; source read; không bypass Archived/disabled; Current permission trên từng source result; index không authority"
"discovery.recent.read","FX-25","QUERY","SELF","true","Resolved delegated","Resolved delegated: action contract; source business rules unchanged","Normal","Normal","","FX25-S03","Current permission trên từng source result; index không authority; Current permission trên từng source result; index không authority"
"discovery.recent.clear","FX-25","COMMAND","SELF","true","Resolved delegated","Resolved delegated: action contract; source business rules unchanged","Normal","Normal","","FX25-S03","Current permission trên từng source result; index không authority; Current permission trên từng source result; index không authority"
"discovery.saved_search.read","FX-25","QUERY","SELF","true","Resolved delegated","Resolved delegated: action contract; source business rules unchanged","Normal","Normal","","FX25-S04","Owner query definition only; query params không embed secrets; Current permission trên từng source result; index không authority"
"discovery.saved_search.create","FX-25","COMMAND","SELF","true","Resolved delegated","Resolved delegated: action contract; source business rules unchanged","Normal","Normal","","FX25-S04","Owner query definition only; query params không embed secrets; Current permission trên từng source result; index không authority"
"discovery.saved_search.update","FX-25","COMMAND","SELF","true","Resolved delegated","Resolved delegated: action contract; source business rules unchanged","Normal","Normal","discovery.saved_search.read","FX25-S04","Owner query definition only; query params không embed secrets; Current permission trên từng source result; index không authority"
"discovery.saved_search.delete","FX-25","COMMAND","SELF","true","Resolved delegated","Resolved delegated: action contract; source business rules unchanged","Normal","Normal","","FX25-S04","Current permission trên từng source result; index không authority; Current permission trên từng source result; index không authority"
"discovery.saved_search.run","FX-25","COMPOSITE","SELF","true","Resolved delegated","Resolved delegated: action contract; source business rules unchanged","Normal","Normal","discovery.search.query","FX25-S04","Cùng search.query và current providers; Current permission trên từng source result; index không authority"
"discovery.index.refresh","FX-25","WORKER","SYSTEM","false","Resolved delegated","Resolved delegated: action contract; source business rules unchanged","Normal","Normal","","","Trusted provider/owner version; tombstone permission/lifecycle changes; không đọc index trực tiếp như API owner; Current permission trên từng source result; index không authority"
"dashboard.dashboard.read","FX-26","QUERY","SELF","true","Resolved delegated","Resolved delegated: action contract; source business rules unchanged","Normal","Normal","","FX26-S01","Attention summary; source read và module checks mỗi widget; Attention summary; source read và module checks mỗi widget"
"dashboard.layout.update","FX-26","COMMAND","SELF","true","Resolved delegated","Resolved delegated: action contract; source business rules unchanged","Normal","Normal","","FX26-S02","Own layout/manifest declared widgets; config không tự cấp source data; Attention summary; source read và module checks mỗi widget"
"dashboard.layout.add_widget","FX-26","COMMAND","SELF","true","Resolved delegated","Resolved delegated: action contract; source business rules unchanged","Normal","Normal","","FX26-S02","Own layout/manifest declared widgets; config không tự cấp source data; Attention summary; source read và module checks mỗi widget"
"dashboard.layout.configure_widget","FX-26","COMMAND","SELF","true","Resolved delegated","Resolved delegated: action contract; source business rules unchanged","Normal","Normal","","FX26-S02","Own layout/manifest declared widgets; config không tự cấp source data; Attention summary; source read và module checks mỗi widget"
"dashboard.layout.remove_widget","FX-26","COMMAND","SELF","true","Resolved delegated","Resolved delegated: action contract; source business rules unchanged","Normal","Normal","","FX26-S02","Own layout/manifest declared widgets; config không tự cấp source data; Attention summary; source read và module checks mỗi widget"
"dashboard.layout.reorder_widget","FX-26","COMMAND","SELF","true","Resolved delegated","Resolved delegated: action contract; source business rules unchanged","Normal","Normal","","FX26-S02","Own layout/manifest declared widgets; config không tự cấp source data; Attention summary; source read và module checks mỗi widget"
"dashboard.widget.refresh","FX-26","COMPOSITE","SELF","true","Resolved delegated","Resolved delegated: action contract; source business rules unchanged","Normal","Normal","","FX26-S01","Source query current permissions; redact/remove cached results khi revoked; Attention summary; source read và module checks mỗi widget"
"dashboard.quick_create.open","FX-26","COMPOSITE","SELF","true","Resolved delegated","Resolved delegated: action contract; source business rules unchanged","Normal","Normal","","FX26-S01","Target module/create action required; Save vẫn source validation; Attention summary; source read và module checks mỗi widget"
"finance.account.read","FX-27","QUERY","SELF","true","Blocked","Blocked Q-05","Normal","Normal","","FX27-S02","Blocked financial semantics Q-05; reserve contracts only, không cho write production trước duyệt; Blocked financial semantics Q-05; reserve contracts only, không cho write production trước duyệt"
"finance.account.create","FX-27","COMMAND","SELF","true","Blocked","Blocked Q-05","Normal","Normal","","FX27-S03","Blocked financial semantics Q-05; reserve contracts only, không cho write production trước duyệt; Blocked financial semantics Q-05; reserve contracts only, không cho write production trước duyệt"
"finance.account.update","FX-27","COMMAND","SELF","true","Blocked","Blocked Q-05","Normal","Normal","finance.account.read","FX27-S03","Blocked financial semantics Q-05; reserve contracts only, không cho write production trước duyệt; Blocked financial semantics Q-05; reserve contracts only, không cho write production trước duyệt"
"finance.account.close","FX-27","COMMAND","SELF","true","Blocked","Blocked Q-05","Normal","Normal","","FX27-S02","Balance/reconciliation invariants Q-05; không delete ledger; Blocked financial semantics Q-05; reserve contracts only, không cho write production trước duyệt"
"finance.transaction.read","FX-27","QUERY","SELF","true","Blocked","Blocked Q-05","Normal","Normal","","FX27-S04","Blocked financial semantics Q-05; reserve contracts only, không cho write production trước duyệt; Blocked financial semantics Q-05; reserve contracts only, không cho write production trước duyệt"
"finance.transaction.post","FX-27","COMMAND","SELF","true","Blocked","Blocked Q-05","Financial","Administrative","","FX27-S05","Balanced ledger/currency/rounding/correction semantics Q-05; không direct balance patch; Blocked financial semantics Q-05; reserve contracts only, không cho write production trước duyệt"
"finance.transaction.correct","FX-27","COMMAND","SELF","true","Blocked","Blocked Q-05","Financial","Administrative","","FX27-S05","Balanced ledger/currency/rounding/correction semantics Q-05; không direct balance patch; Blocked financial semantics Q-05; reserve contracts only, không cho write production trước duyệt"
"finance.transaction.void","FX-27","COMMAND","SELF","true","Blocked","Blocked Q-05","Financial","Administrative","","FX27-S04","Balanced ledger/currency/rounding/correction semantics Q-05; không direct balance patch; Blocked financial semantics Q-05; reserve contracts only, không cho write production trước duyệt"
"finance.transaction.split","FX-27","COMMAND","SELF","true","Blocked","Blocked Q-05","Financial","Administrative","","FX27-S05","Balanced ledger/currency/rounding/correction semantics Q-05; không direct balance patch; Blocked financial semantics Q-05; reserve contracts only, không cho write production trước duyệt"
"finance.transfer.post","FX-27","COMMAND","SELF","true","Blocked","Blocked Q-05","Financial","Administrative","","FX27-S06","Atomic paired entries; không duplicate expense/income; Q-05; Blocked financial semantics Q-05; reserve contracts only, không cho write production trước duyệt"
"finance.category.read","FX-27","QUERY","SELF","true","Blocked","Blocked Q-05","Normal","Normal","","FX27-S05","Blocked financial semantics Q-05; reserve contracts only, không cho write production trước duyệt; Blocked financial semantics Q-05; reserve contracts only, không cho write production trước duyệt"
"finance.category.create","FX-27","COMMAND","SELF","true","Blocked","Blocked Q-05","Normal","Normal","","FX27-S05","Blocked financial semantics Q-05; reserve contracts only, không cho write production trước duyệt; Blocked financial semantics Q-05; reserve contracts only, không cho write production trước duyệt"
"finance.category.update","FX-27","COMMAND","SELF","true","Blocked","Blocked Q-05","Normal","Normal","finance.category.read","FX27-S05","Blocked financial semantics Q-05; reserve contracts only, không cho write production trước duyệt; Blocked financial semantics Q-05; reserve contracts only, không cho write production trước duyệt"
"finance.bill.read","FX-27","QUERY","SELF","true","Blocked","Blocked Q-05","Normal","Normal","","FX27-S07","Blocked financial semantics Q-05; reserve contracts only, không cho write production trước duyệt; Blocked financial semantics Q-05; reserve contracts only, không cho write production trước duyệt"
"finance.bill.create","FX-27","COMMAND","SELF","true","Blocked","Blocked Q-05","Normal","Normal","","FX27-S07","Blocked financial semantics Q-05; reserve contracts only, không cho write production trước duyệt; Blocked financial semantics Q-05; reserve contracts only, không cho write production trước duyệt"
"finance.bill.update","FX-27","COMMAND","SELF","true","Blocked","Blocked Q-05","Normal","Normal","finance.bill.read","FX27-S07","Blocked financial semantics Q-05; reserve contracts only, không cho write production trước duyệt; Blocked financial semantics Q-05; reserve contracts only, không cho write production trước duyệt"
"finance.subscription.read","FX-27","QUERY","SELF","true","Blocked","Blocked Q-05","Normal","Normal","","FX27-S08","Blocked financial semantics Q-05; reserve contracts only, không cho write production trước duyệt; Blocked financial semantics Q-05; reserve contracts only, không cho write production trước duyệt"
"finance.subscription.create","FX-27","COMMAND","SELF","true","Blocked","Blocked Q-05","Normal","Normal","","FX27-S08","Blocked financial semantics Q-05; reserve contracts only, không cho write production trước duyệt; Blocked financial semantics Q-05; reserve contracts only, không cho write production trước duyệt"
"finance.subscription.update","FX-27","COMMAND","SELF","true","Blocked","Blocked Q-05","Normal","Normal","finance.subscription.read","FX27-S08","Blocked financial semantics Q-05; reserve contracts only, không cho write production trước duyệt; Blocked financial semantics Q-05; reserve contracts only, không cho write production trước duyệt"
"finance.budget.read","FX-27","QUERY","SELF","true","Blocked","Blocked Q-05","Normal","Normal","","FX27-S09","Blocked financial semantics Q-05; reserve contracts only, không cho write production trước duyệt; Blocked financial semantics Q-05; reserve contracts only, không cho write production trước duyệt"
"finance.budget.create","FX-27","COMMAND","SELF","true","Blocked","Blocked Q-05","Normal","Normal","","FX27-S09","Blocked financial semantics Q-05; reserve contracts only, không cho write production trước duyệt; Blocked financial semantics Q-05; reserve contracts only, không cho write production trước duyệt"
"finance.budget.update","FX-27","COMMAND","SELF","true","Blocked","Blocked Q-05","Normal","Normal","finance.budget.read","FX27-S09","Blocked financial semantics Q-05; reserve contracts only, không cho write production trước duyệt; Blocked financial semantics Q-05; reserve contracts only, không cho write production trước duyệt"
"finance.savings.read","FX-27","QUERY","SELF","true","Blocked","Blocked Q-05","Normal","Normal","","FX27-S10","Blocked financial semantics Q-05; reserve contracts only, không cho write production trước duyệt; Blocked financial semantics Q-05; reserve contracts only, không cho write production trước duyệt"
"finance.savings.create","FX-27","COMMAND","SELF","true","Blocked","Blocked Q-05","Normal","Normal","","FX27-S10","Blocked financial semantics Q-05; reserve contracts only, không cho write production trước duyệt; Blocked financial semantics Q-05; reserve contracts only, không cho write production trước duyệt"
"finance.savings.update","FX-27","COMMAND","SELF","true","Blocked","Blocked Q-05","Normal","Normal","finance.savings.read","FX27-S10","Blocked financial semantics Q-05; reserve contracts only, không cho write production trước duyệt; Blocked financial semantics Q-05; reserve contracts only, không cho write production trước duyệt"
"finance.debt.read","FX-27","QUERY","SELF","true","Blocked","Blocked Q-05","Normal","Normal","","FX27-S10","Blocked financial semantics Q-05; reserve contracts only, không cho write production trước duyệt; Blocked financial semantics Q-05; reserve contracts only, không cho write production trước duyệt"
"finance.debt.create","FX-27","COMMAND","SELF","true","Blocked","Blocked Q-05","Normal","Normal","","FX27-S10","Blocked financial semantics Q-05; reserve contracts only, không cho write production trước duyệt; Blocked financial semantics Q-05; reserve contracts only, không cho write production trước duyệt"
"finance.debt.update","FX-27","COMMAND","SELF","true","Blocked","Blocked Q-05","Normal","Normal","finance.debt.read","FX27-S10","Blocked financial semantics Q-05; reserve contracts only, không cho write production trước duyệt; Blocked financial semantics Q-05; reserve contracts only, không cho write production trước duyệt"
"finance.category.merge","FX-27","COMMAND","SELF","true","Blocked","Blocked Q-05","Normal","Normal","","FX27-S05","Reference preview; không rewrite posted history tùy ý; Blocked financial semantics Q-05; reserve contracts only, không cho write production trước duyệt"
"finance.category.remove","FX-27","COMMAND","SELF","true","Blocked","Blocked Q-05","Normal","Normal","","FX27-S05","Reference preview; không rewrite posted history tùy ý; Blocked financial semantics Q-05; reserve contracts only, không cho write production trước duyệt"
"finance.bill.cancel","FX-27","COMMAND","SELF","true","Blocked","Blocked Q-05","Financial","Administrative","","FX27-S07","Linked transaction allocation and balance Q-05; Blocked financial semantics Q-05; reserve contracts only, không cho write production trước duyệt"
"finance.bill.record_payment","FX-27","COMMAND","SELF","true","Blocked","Blocked Q-05","Financial","Administrative","","FX27-S07","Linked transaction allocation and balance Q-05; Blocked financial semantics Q-05; reserve contracts only, không cho write production trước duyệt"
"finance.bill.void_payment","FX-27","COMMAND","SELF","true","Blocked","Blocked Q-05","Financial","Administrative","","FX27-S07","Linked transaction allocation and balance Q-05; Blocked financial semantics Q-05; reserve contracts only, không cho write production trước duyệt"
"finance.subscription.pause","FX-27","COMMAND","SELF","true","Blocked","Blocked Q-05","Normal","Normal","","FX27-S08","Metadata only; không tự hủy dịch vụ ngoài/charge card; Blocked financial semantics Q-05; reserve contracts only, không cho write production trước duyệt"
"finance.subscription.cancel","FX-27","COMMAND","SELF","true","Blocked","Blocked Q-05","Normal","Normal","","FX27-S08","Metadata only; không tự hủy dịch vụ ngoài/charge card; Blocked financial semantics Q-05; reserve contracts only, không cho write production trước duyệt"
"finance.subscription.record_price","FX-27","COMMAND","SELF","true","Blocked","Blocked Q-05","Normal","Normal","","FX27-S08","Metadata only; không tự hủy dịch vụ ngoài/charge card; Blocked financial semantics Q-05; reserve contracts only, không cho write production trước duyệt"
"finance.debt.record_payment","FX-27","COMMAND","SELF","true","Blocked","Blocked Q-05","Financial","Administrative","","FX27-S10","Ledger and debt allocation Q-05; Blocked financial semantics Q-05; reserve contracts only, không cho write production trước duyệt"
"finance.debt.adjust_interest","FX-27","COMMAND","SELF","true","Blocked","Blocked Q-05","Financial","Administrative","","FX27-S10","Ledger and debt allocation Q-05; Blocked financial semantics Q-05; reserve contracts only, không cho write production trước duyệt"
"finance.savings.record_progress","FX-27","COMMAND","SELF","true","Blocked","Blocked Q-05","Normal","Normal","","FX27-S10","Theo formula Q-05; không direct bank movement; Blocked financial semantics Q-05; reserve contracts only, không cho write production trước duyệt"
"finance.report.read","FX-27","QUERY","SELF","true","Blocked","Blocked Q-05","Normal","Normal","","FX27-S01;FX27-S11","Blocked financial semantics Q-05; reserve contracts only, không cho write production trước duyệt; Blocked financial semantics Q-05; reserve contracts only, không cho write production trước duyệt"
"finance.csv.preview","FX-27","COMPOSITE","SELF","true","Blocked","Blocked Q-05","Financial","Administrative","","FX27-S12","Schema/currency/dedupe + actual transaction/account rights Q-05; Blocked financial semantics Q-05; reserve contracts only, không cho write production trước duyệt"
"finance.csv.import","FX-27","COMPOSITE","SELF","true","Blocked","Blocked Q-05","Financial","Administrative","","FX27-S12","Schema/currency/dedupe + actual transaction/account rights Q-05; Blocked financial semantics Q-05; reserve contracts only, không cho write production trước duyệt"
"finance.csv.export","FX-27","COMPOSITE","SELF","true","Blocked","Blocked Q-05","Financial","Administrative","","FX27-S12","Schema/currency/dedupe + actual transaction/account rights Q-05; Blocked financial semantics Q-05; reserve contracts only, không cho write production trước duyệt"
"finance.report.share","FX-27","COMPOSITE","SELF","true","Blocked","Blocked Q-03/Q-05","Disclosure","Sensitive","sharing.link.read","FX27-S11","Source eligible, SharingEnabled, projection chính xác; kết hợp sharing.link.*; không history/reason/secret; Blocked financial semantics Q-05; reserve contracts only, không cho write production trước duyệt"
"vault.session.unlock","FX-28","COMMAND","CONTROL","false","Blocked","Blocked Q-04; recent auth Q-02","Security","Administrative","","FX28-S01","Own vault session; unlock recent auth + key proof Q-04; lock clears rendered secrets; Owner personal-only; encrypted payload/keys/recovery Q-04; no support plaintext or share/export"
"vault.session.lock","FX-28","COMMAND","CONTROL","false","Blocked","Blocked Q-04; recent auth Q-02","Security","Administrative","","FX28-S01;FX28-S06","Own vault session; unlock recent auth + key proof Q-04; lock clears rendered secrets; Owner personal-only; encrypted payload/keys/recovery Q-04; no support plaintext or share/export"
"vault.item.read","FX-28","QUERY","SELF","true","Blocked","Blocked Q-04; recent auth Q-02","Normal","Normal","","FX28-S01;FX28-S02","Owner personal-only; encrypted payload/keys/recovery Q-04; no support plaintext or share/export; Owner personal-only; encrypted payload/keys/recovery Q-04; no support plaintext or share/export"
"vault.item.create","FX-28","COMMAND","SELF","true","Blocked","Blocked Q-04; recent auth Q-02","Normal","Normal","","FX28-S03","Owner personal-only; encrypted payload/keys/recovery Q-04; no support plaintext or share/export; Owner personal-only; encrypted payload/keys/recovery Q-04; no support plaintext or share/export"
"vault.item.update","FX-28","COMMAND","SELF","true","Blocked","Blocked Q-04; recent auth Q-02","Normal","Normal","vault.item.read","FX28-S03","Owner personal-only; encrypted payload/keys/recovery Q-04; no support plaintext or share/export; Owner personal-only; encrypted payload/keys/recovery Q-04; no support plaintext or share/export"
"vault.item.reveal","FX-28","COMMAND","SELF","true","Blocked","Blocked Q-04; recent auth Q-02","Secret","Sensitive","","FX28-S02","Own unlocked Vault; recent authentication policy Q-02/Q-04; no logs/toasts/URL/storage payload; Owner personal-only; encrypted payload/keys/recovery Q-04; no support plaintext or share/export"
"vault.item.copy","FX-28","COMMAND","SELF","true","Blocked","Blocked Q-04; recent auth Q-02","Secret","Sensitive","","FX28-S02","Own unlocked Vault; recent authentication policy Q-02/Q-04; no logs/toasts/URL/storage payload; Owner personal-only; encrypted payload/keys/recovery Q-04; no support plaintext or share/export"
"vault.item.trash","FX-28","COMMAND","SELF","true","Blocked","Blocked Q-04; recent auth Q-02","Lifecycle","Normal","","FX28-S06","Owner personal-only; encrypted payload/keys/recovery Q-04; no support plaintext or share/export; preview aggregate, không purge; Owner personal-only; encrypted payload/keys/recovery Q-04; no support plaintext or share/export"
"vault.item.restore","FX-28","COMMAND","SELF","true","Blocked","Blocked Q-04; recent auth Q-02","Lifecycle","Normal","","FX28-S06","Owner personal-only; encrypted payload/keys/recovery Q-04; no support plaintext or share/export; đúng deletion cohort, parent hợp lệ; Owner personal-only; encrypted payload/keys/recovery Q-04; no support plaintext or share/export"
"vault.item.purge","FX-28","COMMAND","SELF","true","Blocked","Blocked Q-04; recent auth Q-02","Destructive","Administrative","","FX28-S06","Owner personal-only; encrypted payload/keys/recovery Q-04; no support plaintext or share/export; chỉ Trash, preview pins/dependencies, xác nhận không thể hoàn tác; Owner personal-only; encrypted payload/keys/recovery Q-04; no support plaintext or share/export"
"vault.item.history","FX-28","QUERY","SELF","true","Blocked","Blocked Q-04; recent auth Q-02","Sensitive","Sensitive","","FX28-S04","Owner-only history, cùng owner/module; không share/support; Owner personal-only; encrypted payload/keys/recovery Q-04; no support plaintext or share/export"
"vault.item.restore_version","FX-28","COMMAND","SELF","true","Blocked","Blocked Q-04; recent auth Q-02","Lifecycle","Normal","","FX28-S04","Owner personal-only; encrypted payload/keys/recovery Q-04; no support plaintext or share/export; editable hiện tại, giữ immutable identity/topology, tái kiểm tra quyền trên field diff; Owner personal-only; encrypted payload/keys/recovery Q-04; no support plaintext or share/export"
"vault.folder.read","FX-28","QUERY","SELF","true","Blocked","Blocked Q-04; recent auth Q-02","Normal","Normal","","FX28-S01","Owner personal-only; encrypted payload/keys/recovery Q-04; no support plaintext or share/export; Owner personal-only; encrypted payload/keys/recovery Q-04; no support plaintext or share/export"
"vault.folder.create","FX-28","COMMAND","SELF","true","Blocked","Blocked Q-04; recent auth Q-02","Normal","Normal","","FX28-S01","Own unlocked Vault; removal requires Unfiled/replacement strategy; không purge items; Owner personal-only; encrypted payload/keys/recovery Q-04; no support plaintext or share/export"
"vault.folder.rename","FX-28","COMMAND","SELF","true","Blocked","Blocked Q-04; recent auth Q-02","Normal","Normal","","FX28-S01","Own unlocked Vault; removal requires Unfiled/replacement strategy; không purge items; Owner personal-only; encrypted payload/keys/recovery Q-04; no support plaintext or share/export"
"vault.folder.remove","FX-28","COMMAND","SELF","true","Blocked","Blocked Q-04; recent auth Q-02","Normal","Normal","","FX28-S01","Own unlocked Vault; removal requires Unfiled/replacement strategy; không purge items; Owner personal-only; encrypted payload/keys/recovery Q-04; no support plaintext or share/export"
"vault.tag.manage","FX-28","COMMAND","SELF","true","Blocked","Blocked Q-04; recent auth Q-02","Normal","Normal","","FX28-S01","Vault namespace only; encrypted metadata policy Q-04; Owner personal-only; encrypted payload/keys/recovery Q-04; no support plaintext or share/export"
"vault.recovery_code.mark_used","FX-28","COMMAND","SELF","true","Blocked","Blocked Q-04; recent auth Q-02","Secret","Sensitive","","FX28-S02","Own unlocked item, audited history; không tự thực hiện recovery bên ngoài; Owner personal-only; encrypted payload/keys/recovery Q-04; no support plaintext or share/export"
"vault.reference.resolve","FX-28","WORKER","SYSTEM","false","Blocked","Blocked Q-04; recent auth Q-02","Secret","Sensitive","","","Trusted purpose-scoped invocation; owner/module/action + Vault policy; no generic Admin endpoint; Owner personal-only; encrypted payload/keys/recovery Q-04; no support plaintext or share/export"
"vault.generator.generate","FX-28","LOCAL","SELF","true","Resolved delegated","Resolved delegated: action contract; source business rules unchanged","Secret","Sensitive","","FX28-S05","CSPRNG local, no persistence; không đọc Vault; Owner personal-only; encrypted payload/keys/recovery Q-04; no support plaintext or share/export"
"vault.generator.copy","FX-28","LOCAL","SELF","false","Resolved delegated","Resolved delegated: action contract; source business rules unchanged","Secret","Sensitive","","FX28-S05","Chỉ current authorized local buffer; generic toast; Owner personal-only; encrypted payload/keys/recovery Q-04; no support plaintext or share/export"
"news.source.read","FX-29","QUERY","SELF","true","Resolved delegated","Resolved delegated: action contract; source business rules unchanged","Normal","Normal","","FX29-S01","Own subscriptions/state; fetched articles bất biến từ provider, không editor; Own subscriptions/state; fetched articles bất biến từ provider, không editor"
"news.source.follow","FX-29","COMMAND","SELF","true","Resolved delegated","Resolved delegated: action contract; source business rules unchanged","Normal","Normal","","FX29-S02","Own subscription; unfollow không xóa saved references ngoài scope; Own subscriptions/state; fetched articles bất biến từ provider, không editor"
"news.source.update","FX-29","COMMAND","SELF","true","Resolved delegated","Resolved delegated: action contract; source business rules unchanged","Normal","Normal","","FX29-S02","Own subscription; unfollow không xóa saved references ngoài scope; Own subscriptions/state; fetched articles bất biến từ provider, không editor"
"news.source.pause","FX-29","COMMAND","SELF","true","Resolved delegated","Resolved delegated: action contract; source business rules unchanged","Normal","Normal","","FX29-S01","Own subscription; unfollow không xóa saved references ngoài scope; Own subscriptions/state; fetched articles bất biến từ provider, không editor"
"news.source.resume","FX-29","COMMAND","SELF","true","Resolved delegated","Resolved delegated: action contract; source business rules unchanged","Normal","Normal","","FX29-S01","Own subscription; unfollow không xóa saved references ngoài scope; Own subscriptions/state; fetched articles bất biến từ provider, không editor"
"news.source.unfollow","FX-29","COMMAND","SELF","true","Resolved delegated","Resolved delegated: action contract; source business rules unchanged","Normal","Normal","","FX29-S01","Own subscription; unfollow không xóa saved references ngoài scope; Own subscriptions/state; fetched articles bất biến từ provider, không editor"
"news.source.refresh","FX-29","COMMAND","SELF","true","Blocked","Blocked Q-07 for outbound execution","Normal","Normal","","FX29-S01","Approved fetch adapter + SSRF/network policy; Own subscriptions/state; fetched articles bất biến từ provider, không editor"
"news.article.read","FX-29","QUERY","SELF","true","Resolved delegated","Resolved delegated: action contract; source business rules unchanged","Normal","Normal","","FX29-S03;FX29-S04","Current source visibility; failed parser giữ external-open fallback; Own subscriptions/state; fetched articles bất biến từ provider, không editor"
"news.article.mark_read","FX-29","COMMAND","SELF","true","Resolved delegated","Resolved delegated: action contract; source business rules unchanged","Normal","Normal","","FX29-S03","Own read state; mark-all snapshot/watermark, không cả nguồn mới đến; Own subscriptions/state; fetched articles bất biến từ provider, không editor"
"news.article.mark_unread","FX-29","COMMAND","SELF","true","Resolved delegated","Resolved delegated: action contract; source business rules unchanged","Normal","Normal","","FX29-S03","Own read state; mark-all snapshot/watermark, không cả nguồn mới đến; Own subscriptions/state; fetched articles bất biến từ provider, không editor"
"news.article.mark_all_read","FX-29","COMMAND","SELF","true","Resolved delegated","Resolved delegated: action contract; source business rules unchanged","Normal","Normal","","FX29-S03","Own read state; mark-all snapshot/watermark, không cả nguồn mới đến; Own subscriptions/state; fetched articles bất biến từ provider, không editor"
"news.article.save","FX-29","COMPOSITE","SELF","true","Resolved delegated","Resolved delegated: action contract; source business rules unchanged","Normal","Normal","reading.item.save","FX29-S04","No duplicated body, reading.item.save + source read; Own subscriptions/state; fetched articles bất biến từ provider, không editor"
"news.history.read","FX-29","QUERY","SELF","true","Resolved delegated","Resolved delegated: action contract; source business rules unchanged","Normal","Normal","","FX29-S03","Own subscriptions/state; fetched articles bất biến từ provider, không editor; Own subscriptions/state; fetched articles bất biến từ provider, không editor"
"news.history.clear","FX-29","COMMAND","SELF","true","Resolved delegated","Resolved delegated: action contract; source business rules unchanged","Normal","Normal","","FX29-S03","Own subscriptions/state; fetched articles bất biến từ provider, không editor; Own subscriptions/state; fetched articles bất biến từ provider, không editor"
"news.category.read","FX-29","QUERY","SELF","true","Resolved delegated","Resolved delegated: action contract; source business rules unchanged","Normal","Normal","","FX29-S01","Own subscriptions/state; fetched articles bất biến từ provider, không editor; Own subscriptions/state; fetched articles bất biến từ provider, không editor"
"news.category.create","FX-29","COMMAND","SELF","true","Resolved delegated","Resolved delegated: action contract; source business rules unchanged","Normal","Normal","","FX29-S01","Own subscriptions/state; fetched articles bất biến từ provider, không editor; Own subscriptions/state; fetched articles bất biến từ provider, không editor"
"news.category.update","FX-29","COMMAND","SELF","true","Resolved delegated","Resolved delegated: action contract; source business rules unchanged","Normal","Normal","news.category.read","FX29-S01","Own subscriptions/state; fetched articles bất biến từ provider, không editor; Own subscriptions/state; fetched articles bất biến từ provider, không editor"
"news.category.remove","FX-29","COMMAND","SELF","true","Resolved delegated","Resolved delegated: action contract; source business rules unchanged","Normal","Normal","","FX29-S01","Giữ subscriptions, reassign/unfiled preview; Own subscriptions/state; fetched articles bất biến từ provider, không editor"
"news.watch.read","FX-29","QUERY","SELF","true","Resolved delegated","Resolved delegated: action contract; source business rules unchanged","Normal","Normal","","FX29-S05","Own subscriptions/state; fetched articles bất biến từ provider, không editor; Own subscriptions/state; fetched articles bất biến từ provider, không editor"
"news.watch.create","FX-29","COMMAND","SELF","true","Resolved delegated","Resolved delegated: action contract; source business rules unchanged","Normal","Normal","","FX29-S05","Own subscriptions/state; fetched articles bất biến từ provider, không editor; Own subscriptions/state; fetched articles bất biến từ provider, không editor"
"news.watch.update","FX-29","COMMAND","SELF","true","Resolved delegated","Resolved delegated: action contract; source business rules unchanged","Normal","Normal","news.watch.read","FX29-S05","Own subscriptions/state; fetched articles bất biến từ provider, không editor; Own subscriptions/state; fetched articles bất biến từ provider, không editor"
"news.watch.enable","FX-29","COMMAND","SELF","true","Resolved delegated","Resolved delegated: action contract; source business rules unchanged","Normal","Normal","","FX29-S05","Own query definition; không AI/paid crawling; Own subscriptions/state; fetched articles bất biến từ provider, không editor"
"news.watch.disable","FX-29","COMMAND","SELF","true","Resolved delegated","Resolved delegated: action contract; source business rules unchanged","Normal","Normal","","FX29-S05","Own query definition; không AI/paid crawling; Own subscriptions/state; fetched articles bất biến từ provider, không editor"
"news.watch.delete","FX-29","COMMAND","SELF","true","Resolved delegated","Resolved delegated: action contract; source business rules unchanged","Normal","Normal","","FX29-S05","Own query definition; không AI/paid crawling; Own subscriptions/state; fetched articles bất biến từ provider, không editor"
"news.match.read","FX-29","QUERY","SELF","true","Resolved delegated","Resolved delegated: action contract; source business rules unchanged","Normal","Normal","","FX29-S05","Own subscriptions/state; fetched articles bất biến từ provider, không editor; Own subscriptions/state; fetched articles bất biến từ provider, không editor"
"news.worker.fetch","FX-29","WORKER","SYSTEM","false","Blocked","Blocked Q-07 for network fetch; local match follows approved definition","Normal","Normal","","","Trusted scoped provider; no private URL/secret fetch; current enabled/consent policy; Own subscriptions/state; fetched articles bất biến từ provider, không editor"
"news.worker.match","FX-29","WORKER","SYSTEM","false","Blocked","Blocked Q-07 for network fetch; local match follows approved definition","Normal","Normal","","","Trusted scoped provider; no private URL/secret fetch; current enabled/consent policy; Own subscriptions/state; fetched articles bất biến từ provider, không editor"
"prices.tracker.read","FX-30","QUERY","SELF","true","Blocked","Blocked Q-06","Normal","Normal","","FX30-S01","Provider/Shopee policy Q-06; stale không price zero; không checkout; Provider/Shopee policy Q-06; stale không price zero; không checkout"
"prices.tracker.create","FX-30","COMMAND","SELF","true","Blocked","Blocked Q-06","Normal","Normal","","FX30-S02","Provider/Shopee policy Q-06; stale không price zero; không checkout; Provider/Shopee policy Q-06; stale không price zero; không checkout"
"prices.tracker.update","FX-30","COMMAND","SELF","true","Blocked","Blocked Q-06","Normal","Normal","prices.tracker.read","FX30-S02","Provider/Shopee policy Q-06; stale không price zero; không checkout; Provider/Shopee policy Q-06; stale không price zero; không checkout"
"prices.tracker.pause","FX-30","COMMAND","SELF","true","Blocked","Blocked Q-06","Normal","Normal","","FX30-S01","Exact product+variant; provider terms/cost/freshness Q-06; Provider/Shopee policy Q-06; stale không price zero; không checkout"
"prices.tracker.resume","FX-30","COMMAND","SELF","true","Blocked","Blocked Q-06","Normal","Normal","","FX30-S01","Exact product+variant; provider terms/cost/freshness Q-06; Provider/Shopee policy Q-06; stale không price zero; không checkout"
"prices.tracker.remove","FX-30","COMMAND","SELF","true","Blocked","Blocked Q-06","Normal","Normal","","FX30-S01","Exact product+variant; provider terms/cost/freshness Q-06; Provider/Shopee policy Q-06; stale không price zero; không checkout"
"prices.tracker.refresh","FX-30","COMMAND","SELF","true","Blocked","Blocked Q-06","Normal","Normal","","FX30-S03","Exact product+variant; provider terms/cost/freshness Q-06; Provider/Shopee policy Q-06; stale không price zero; không checkout"
"prices.observation.read","FX-30","QUERY","SELF","true","Blocked","Blocked Q-06","Normal","Normal","","FX30-S03","Provider/Shopee policy Q-06; stale không price zero; không checkout; Provider/Shopee policy Q-06; stale không price zero; không checkout"
"prices.alert.read","FX-30","QUERY","SELF","true","Blocked","Blocked Q-06","Normal","Normal","","FX30-S04","Provider/Shopee policy Q-06; stale không price zero; không checkout; Provider/Shopee policy Q-06; stale không price zero; không checkout"
"prices.alert.create","FX-30","COMMAND","SELF","true","Blocked","Blocked Q-06","Normal","Normal","","FX30-S04","Provider/Shopee policy Q-06; stale không price zero; không checkout; Provider/Shopee policy Q-06; stale không price zero; không checkout"
"prices.alert.update","FX-30","COMMAND","SELF","true","Blocked","Blocked Q-06","Normal","Normal","prices.alert.read","FX30-S04","Provider/Shopee policy Q-06; stale không price zero; không checkout; Provider/Shopee policy Q-06; stale không price zero; không checkout"
"prices.alert.enable","FX-30","COMMAND","SELF","true","Blocked","Blocked Q-06","Normal","Normal","","FX30-S04","Rule version, cooldown/dedupe Q-06; Provider/Shopee policy Q-06; stale không price zero; không checkout"
"prices.alert.disable","FX-30","COMMAND","SELF","true","Blocked","Blocked Q-06","Normal","Normal","","FX30-S04","Rule version, cooldown/dedupe Q-06; Provider/Shopee policy Q-06; stale không price zero; không checkout"
"prices.alert.remove","FX-30","COMMAND","SELF","true","Blocked","Blocked Q-06","Normal","Normal","","FX30-S04","Rule version, cooldown/dedupe Q-06; Provider/Shopee policy Q-06; stale không price zero; không checkout"
"prices.delivery.read","FX-30","QUERY","SELF","true","Blocked","Blocked Q-06","Normal","Normal","","FX30-S05","Provider/Shopee policy Q-06; stale không price zero; không checkout; Provider/Shopee policy Q-06; stale không price zero; không checkout"
"prices.worker.fetch","FX-30","WORKER","SYSTEM","false","Blocked","Blocked Q-06","Normal","Normal","","","Immutable observations + provider freshness; no CAPTCHA bypass; Provider/Shopee policy Q-06; stale không price zero; không checkout"
"prices.worker.evaluate","FX-30","WORKER","SYSTEM","false","Blocked","Blocked Q-06","Normal","Normal","","","Immutable observations + provider freshness; no CAPTCHA bypass; Provider/Shopee policy Q-06; stale không price zero; không checkout"
"shopping.wishlist.read","FX-31","QUERY","SELF","true","Resolved delegated","Resolved delegated: action contract; source business rules unchanged","Normal","Normal","","FX31-S01","Owner manual records; không checkout/payment/provider write; Owner manual records; không checkout/payment/provider write"
"shopping.wishlist.create","FX-31","COMMAND","SELF","true","Resolved delegated","Resolved delegated: action contract; source business rules unchanged","Normal","Normal","","FX31-S01","Owner manual records; không checkout/payment/provider write; Owner manual records; không checkout/payment/provider write"
"shopping.wishlist.update","FX-31","COMMAND","SELF","true","Resolved delegated","Resolved delegated: action contract; source business rules unchanged","Normal","Normal","shopping.wishlist.read","FX31-S01","Owner manual records; không checkout/payment/provider write; Owner manual records; không checkout/payment/provider write"
"shopping.wishlist.mark_purchased","FX-31","COMMAND","SELF","true","Resolved delegated","Resolved delegated: action contract; source business rules unchanged","Normal","Normal","","FX31-S01","Explicit owner action, không auto post Finance; Owner manual records; không checkout/payment/provider write"
"shopping.wishlist.archive","FX-31","COMMAND","SELF","true","Resolved delegated","Resolved delegated: action contract; source business rules unchanged","Lifecycle","Normal","","FX31-S01","Owner manual records; không checkout/payment/provider write; ngoài Trash, chưa Archived; Owner manual records; không checkout/payment/provider write"
"shopping.wishlist.unarchive","FX-31","COMMAND","SELF","true","Resolved delegated","Resolved delegated: action contract; source business rules unchanged","Lifecycle","Normal","","FX31-S01","Owner manual records; không checkout/payment/provider write; Archived, khôi phục previous state; Owner manual records; không checkout/payment/provider write"
"shopping.wishlist.trash","FX-31","COMMAND","SELF","true","Resolved delegated","Resolved delegated: action contract; source business rules unchanged","Lifecycle","Normal","","FX31-S01","Owner manual records; không checkout/payment/provider write; preview aggregate, không purge; Owner manual records; không checkout/payment/provider write"
"shopping.wishlist.restore","FX-31","COMMAND","SELF","true","Resolved delegated","Resolved delegated: action contract; source business rules unchanged","Lifecycle","Normal","","FX31-S01","Owner manual records; không checkout/payment/provider write; đúng deletion cohort, parent hợp lệ; Owner manual records; không checkout/payment/provider write"
"shopping.wishlist.purge","FX-31","COMMAND","SELF","true","Resolved delegated","Resolved delegated: action contract; source business rules unchanged","Destructive","Administrative","","FX31-S01","Owner manual records; không checkout/payment/provider write; chỉ Trash, preview pins/dependencies, xác nhận không thể hoàn tác; Owner manual records; không checkout/payment/provider write"
"shopping.comparison.read","FX-31","QUERY","SELF","true","Resolved delegated","Resolved delegated: action contract; source business rules unchanged","Normal","Normal","","FX31-S02","Owner manual records; không checkout/payment/provider write; Owner manual records; không checkout/payment/provider write"
"shopping.comparison.create","FX-31","COMMAND","SELF","true","Resolved delegated","Resolved delegated: action contract; source business rules unchanged","Normal","Normal","","FX31-S02","Owner manual records; không checkout/payment/provider write; Owner manual records; không checkout/payment/provider write"
"shopping.comparison.update","FX-31","COMMAND","SELF","true","Resolved delegated","Resolved delegated: action contract; source business rules unchanged","Normal","Normal","shopping.comparison.read","FX31-S02","Owner manual records; không checkout/payment/provider write; Owner manual records; không checkout/payment/provider write"
"shopping.comparison.members","FX-31","COMMAND","SELF","true","Resolved delegated","Resolved delegated: action contract; source business rules unchanged","Normal","Normal","","FX31-S02","2–4 products; same-unit comparison, unknown không0; xóa container không xóa product; Owner manual records; không checkout/payment/provider write"
"shopping.comparison.criteria","FX-31","COMMAND","SELF","true","Resolved delegated","Resolved delegated: action contract; source business rules unchanged","Normal","Normal","","FX31-S02","2–4 products; same-unit comparison, unknown không0; xóa container không xóa product; Owner manual records; không checkout/payment/provider write"
"shopping.comparison.remove","FX-31","COMMAND","SELF","true","Resolved delegated","Resolved delegated: action contract; source business rules unchanged","Normal","Normal","","FX31-S02","2–4 products; same-unit comparison, unknown không0; xóa container không xóa product; Owner manual records; không checkout/payment/provider write"
"shopping.order.read","FX-31","QUERY","SELF","true","Resolved delegated","Resolved delegated: action contract; source business rules unchanged","Normal","Normal","","FX31-S03","Owner manual records; không checkout/payment/provider write; Owner manual records; không checkout/payment/provider write"
"shopping.order.create","FX-31","COMMAND","SELF","true","Resolved delegated","Resolved delegated: action contract; source business rules unchanged","Normal","Normal","","FX31-S04","Owner manual records; không checkout/payment/provider write; Owner manual records; không checkout/payment/provider write"
"shopping.order.update","FX-31","COMMAND","SELF","true","Resolved delegated","Resolved delegated: action contract; source business rules unchanged","Normal","Normal","shopping.order.read","FX31-S04","Owner manual records; không checkout/payment/provider write; Owner manual records; không checkout/payment/provider write"
"shopping.order.transition","FX-31","COMMAND","SELF","true","Resolved delegated","Resolved delegated: action contract; source business rules unchanged","Normal","Normal","","FX31-S04","Order graph FX-31, history; không tự hoàn tiền hoặc write Finance; Owner manual records; không checkout/payment/provider write"
"shopping.order.return","FX-31","COMMAND","SELF","true","Resolved delegated","Resolved delegated: action contract; source business rules unchanged","Normal","Normal","","FX31-S04","Order graph FX-31, history; không tự hoàn tiền hoặc write Finance; Owner manual records; không checkout/payment/provider write"
"shopping.order.trash","FX-31","COMMAND","SELF","true","Resolved delegated","Resolved delegated: action contract; source business rules unchanged","Lifecycle","Normal","","FX31-S03","Owner manual records; không checkout/payment/provider write; preview aggregate, không purge; Owner manual records; không checkout/payment/provider write"
"shopping.order.restore","FX-31","COMMAND","SELF","true","Resolved delegated","Resolved delegated: action contract; source business rules unchanged","Lifecycle","Normal","","FX31-S03","Owner manual records; không checkout/payment/provider write; đúng deletion cohort, parent hợp lệ; Owner manual records; không checkout/payment/provider write"
"shopping.order.purge","FX-31","COMMAND","SELF","true","Resolved delegated","Resolved delegated: action contract; source business rules unchanged","Destructive","Administrative","","FX31-S03","Owner manual records; không checkout/payment/provider write; chỉ Trash, preview pins/dependencies, xác nhận không thể hoàn tác; Owner manual records; không checkout/payment/provider write"
"shopping.order.history","FX-31","QUERY","SELF","true","Resolved delegated","Resolved delegated: action contract; source business rules unchanged","Sensitive","Sensitive","","FX31-S04","Owner-only history, cùng owner/module; không share/support; Owner manual records; không checkout/payment/provider write"
"shopping.seller.read","FX-31","QUERY","SELF","true","Resolved delegated","Resolved delegated: action contract; source business rules unchanged","Normal","Normal","","FX31-S05","Owner manual records; không checkout/payment/provider write; Owner manual records; không checkout/payment/provider write"
"shopping.seller.create","FX-31","COMMAND","SELF","true","Resolved delegated","Resolved delegated: action contract; source business rules unchanged","Normal","Normal","","FX31-S05","Owner manual records; không checkout/payment/provider write; Owner manual records; không checkout/payment/provider write"
"shopping.seller.update","FX-31","COMMAND","SELF","true","Resolved delegated","Resolved delegated: action contract; source business rules unchanged","Normal","Normal","shopping.seller.read","FX31-S05","Owner manual records; không checkout/payment/provider write; Owner manual records; không checkout/payment/provider write"
"shopping.seller.merge","FX-31","COMMAND","SELF","true","Resolved delegated","Resolved delegated: action contract; source business rules unchanged","Normal","Normal","","FX31-S05","Explicit preview references; không tự merge theo tên; Owner manual records; không checkout/payment/provider write"
"shopping.warranty.read","FX-31","QUERY","SELF","true","Resolved delegated","Resolved delegated: action contract; source business rules unchanged","Normal","Normal","","FX31-S06","Owner manual records; không checkout/payment/provider write; Owner manual records; không checkout/payment/provider write"
"shopping.warranty.create","FX-31","COMMAND","SELF","true","Resolved delegated","Resolved delegated: action contract; source business rules unchanged","Normal","Normal","","FX31-S06","Owner manual records; không checkout/payment/provider write; Owner manual records; không checkout/payment/provider write"
"shopping.warranty.update","FX-31","COMMAND","SELF","true","Resolved delegated","Resolved delegated: action contract; source business rules unchanged","Normal","Normal","shopping.warranty.read","FX31-S06","Owner manual records; không checkout/payment/provider write; Owner manual records; không checkout/payment/provider write"
"shopping.warranty.evidence","FX-31","COMMAND","SELF","true","Resolved delegated","Resolved delegated: action contract; source business rules unchanged","Normal","Normal","","FX31-S06","files.reference.attach/detach + Clean + own record; Owner manual records; không checkout/payment/provider write"
"shopping.purchase.create_asset","FX-31","COMPOSITE","SELF","true","Resolved delegated","Resolved delegated: action contract; source business rules unchanged","Normal","Normal","assets.asset.create","FX31-S07","Preview mapped fields; same owner; idempotent source link; không auto-create trước Save; Owner manual records; không checkout/payment/provider write"
"toolbox.catalog.read","FX-32","QUERY","SELF","true","Resolved delegated","Resolved delegated: action contract; source business rules unchanged","Normal","Normal","","FX32-S01","Local pure tools không lưu input mặc định; network tools là quyền/capability riêng; Local pure tools không lưu input mặc định; network tools là quyền/capability riêng"
"toolbox.base64.run","FX-32","LOCAL","SELF","true","Resolved delegated","Resolved delegated: action contract; source business rules unchanged","Normal","Normal","","FX32-S02","Pure local processing; bounded input/time; escape preview; không code execution, JWT signature verification claim hoặc private-key upload; Local pure tools không lưu input mặc định; network tools là quyền/capability riêng"
"toolbox.url_codec.run","FX-32","LOCAL","SELF","true","Resolved delegated","Resolved delegated: action contract; source business rules unchanged","Normal","Normal","","FX32-S02","Pure local processing; bounded input/time; escape preview; không code execution, JWT signature verification claim hoặc private-key upload; Local pure tools không lưu input mặc định; network tools là quyền/capability riêng"
"toolbox.html_codec.run","FX-32","LOCAL","SELF","true","Resolved delegated","Resolved delegated: action contract; source business rules unchanged","Normal","Normal","","FX32-S02","Pure local processing; bounded input/time; escape preview; không code execution, JWT signature verification claim hoặc private-key upload; Local pure tools không lưu input mặc định; network tools là quyền/capability riêng"
"toolbox.hash.run","FX-32","LOCAL","SELF","true","Resolved delegated","Resolved delegated: action contract; source business rules unchanged","Normal","Normal","","FX32-S02","Pure local processing; bounded input/time; escape preview; không code execution, JWT signature verification claim hoặc private-key upload; Local pure tools không lưu input mặc định; network tools là quyền/capability riêng"
"toolbox.password.run","FX-32","LOCAL","SELF","true","Resolved delegated","Resolved delegated: action contract; source business rules unchanged","Normal","Normal","","FX32-S02","Pure local processing; bounded input/time; escape preview; không code execution, JWT signature verification claim hoặc private-key upload; Local pure tools không lưu input mặc định; network tools là quyền/capability riêng"
"toolbox.uuid.run","FX-32","LOCAL","SELF","true","Resolved delegated","Resolved delegated: action contract; source business rules unchanged","Normal","Normal","","FX32-S02","Pure local processing; bounded input/time; escape preview; không code execution, JWT signature verification claim hoặc private-key upload; Local pure tools không lưu input mặc định; network tools là quyền/capability riêng"
"toolbox.datetime.run","FX-32","LOCAL","SELF","true","Resolved delegated","Resolved delegated: action contract; source business rules unchanged","Normal","Normal","","FX32-S02","Pure local processing; bounded input/time; escape preview; không code execution, JWT signature verification claim hoặc private-key upload; Local pure tools không lưu input mặc định; network tools là quyền/capability riêng"
"toolbox.json.run","FX-32","LOCAL","SELF","true","Resolved delegated","Resolved delegated: action contract; source business rules unchanged","Normal","Normal","","FX32-S02","Pure local processing; bounded input/time; escape preview; không code execution, JWT signature verification claim hoặc private-key upload; Local pure tools không lưu input mặc định; network tools là quyền/capability riêng"
"toolbox.xml.run","FX-32","LOCAL","SELF","true","Resolved delegated","Resolved delegated: action contract; source business rules unchanged","Normal","Normal","","FX32-S02","Pure local processing; bounded input/time; escape preview; không code execution, JWT signature verification claim hoặc private-key upload; Local pure tools không lưu input mặc định; network tools là quyền/capability riêng"
"toolbox.yaml.run","FX-32","LOCAL","SELF","true","Resolved delegated","Resolved delegated: action contract; source business rules unchanged","Normal","Normal","","FX32-S02","Pure local processing; bounded input/time; escape preview; không code execution, JWT signature verification claim hoặc private-key upload; Local pure tools không lưu input mặc định; network tools là quyền/capability riêng"
"toolbox.csv.run","FX-32","LOCAL","SELF","true","Resolved delegated","Resolved delegated: action contract; source business rules unchanged","Normal","Normal","","FX32-S02","Pure local processing; bounded input/time; escape preview; không code execution, JWT signature verification claim hoặc private-key upload; Local pure tools không lưu input mặc định; network tools là quyền/capability riêng"
"toolbox.data_convert.run","FX-32","LOCAL","SELF","true","Resolved delegated","Resolved delegated: action contract; source business rules unchanged","Normal","Normal","","FX32-S02","Pure local processing; bounded input/time; escape preview; không code execution, JWT signature verification claim hoặc private-key upload; Local pure tools không lưu input mặc định; network tools là quyền/capability riêng"
"toolbox.regex.run","FX-32","LOCAL","SELF","true","Resolved delegated","Resolved delegated: action contract; source business rules unchanged","Normal","Normal","","FX32-S02","Pure local processing; bounded input/time; escape preview; không code execution, JWT signature verification claim hoặc private-key upload; Local pure tools không lưu input mặc định; network tools là quyền/capability riêng"
"toolbox.text_diff.run","FX-32","LOCAL","SELF","true","Resolved delegated","Resolved delegated: action contract; source business rules unchanged","Normal","Normal","","FX32-S02","Pure local processing; bounded input/time; escape preview; không code execution, JWT signature verification claim hoặc private-key upload; Local pure tools không lưu input mặc định; network tools là quyền/capability riêng"
"toolbox.color.run","FX-32","LOCAL","SELF","true","Resolved delegated","Resolved delegated: action contract; source business rules unchanged","Normal","Normal","","FX32-S02","Pure local processing; bounded input/time; escape preview; không code execution, JWT signature verification claim hoặc private-key upload; Local pure tools không lưu input mặc định; network tools là quyền/capability riêng"
"toolbox.qr.run","FX-32","LOCAL","SELF","true","Resolved delegated","Resolved delegated: action contract; source business rules unchanged","Normal","Normal","","FX32-S02","Pure local processing; bounded input/time; escape preview; không code execution, JWT signature verification claim hoặc private-key upload; Local pure tools không lưu input mặc định; network tools là quyền/capability riêng"
"toolbox.jwt.run","FX-32","LOCAL","SELF","true","Resolved delegated","Resolved delegated: action contract; source business rules unchanged","Normal","Normal","","FX32-S02","Pure local processing; bounded input/time; escape preview; không code execution, JWT signature verification claim hoặc private-key upload; Local pure tools không lưu input mặc định; network tools là quyền/capability riêng"
"toolbox.cron.run","FX-32","LOCAL","SELF","true","Resolved delegated","Resolved delegated: action contract; source business rules unchanged","Normal","Normal","","FX32-S02","Pure local processing; bounded input/time; escape preview; không code execution, JWT signature verification claim hoặc private-key upload; Local pure tools không lưu input mặc định; network tools là quyền/capability riêng"
"toolbox.markdown.run","FX-32","LOCAL","SELF","true","Resolved delegated","Resolved delegated: action contract; source business rules unchanged","Normal","Normal","","FX32-S02","Pure local processing; bounded input/time; escape preview; không code execution, JWT signature verification claim hoặc private-key upload; Local pure tools không lưu input mặc định; network tools là quyền/capability riêng"
"toolbox.code_format.run","FX-32","LOCAL","SELF","true","Resolved delegated","Resolved delegated: action contract; source business rules unchanged","Normal","Normal","","FX32-S02","Pure local processing; bounded input/time; escape preview; không code execution, JWT signature verification claim hoặc private-key upload; Local pure tools không lưu input mặc định; network tools là quyền/capability riêng"
"toolbox.url_parse.run","FX-32","LOCAL","SELF","true","Resolved delegated","Resolved delegated: action contract; source business rules unchanged","Normal","Normal","","FX32-S02","Pure local processing; bounded input/time; escape preview; không code execution, JWT signature verification claim hoặc private-key upload; Local pure tools không lưu input mặc định; network tools là quyền/capability riêng"
"toolbox.headers.run","FX-32","LOCAL","SELF","true","Resolved delegated","Resolved delegated: action contract; source business rules unchanged","Normal","Normal","","FX32-S02","Pure local processing; bounded input/time; escape preview; không code execution, JWT signature verification claim hoặc private-key upload; Local pure tools không lưu input mặc định; network tools là quyền/capability riêng"
"toolbox.certificate.run","FX-32","LOCAL","SELF","true","Resolved delegated","Resolved delegated: action contract; source business rules unchanged","Normal","Normal","","FX32-S02","Pure local processing; bounded input/time; escape preview; không code execution, JWT signature verification claim hoặc private-key upload; Local pure tools không lưu input mặc định; network tools là quyền/capability riêng"
"toolbox.network.http","FX-32","COMMAND","SELF","true","Blocked","Blocked Q-07","Network","Administrative","","FX32-S04","Server-enforced destination policy, SSRF/egress limits; credentials only Vault ref; không arbitrary intranet probe; Local pure tools không lưu input mặc định; network tools là quyền/capability riêng"
"toolbox.network.dns","FX-32","COMMAND","SELF","true","Blocked","Blocked Q-07","Network","Administrative","","FX32-S04","Server-enforced destination policy, SSRF/egress limits; credentials only Vault ref; không arbitrary intranet probe; Local pure tools không lưu input mặc định; network tools là quyền/capability riêng"
"toolbox.output.copy","FX-32","LOCAL","SELF","false","Resolved delegated","Resolved delegated: action contract; source business rules unchanged","Disclosure","Sensitive","","FX32-S02","Current tool.run capability; no extra data fetch/storage; no secret toast; Local pure tools không lưu input mặc định; network tools là quyền/capability riêng"
"toolbox.output.download","FX-32","LOCAL","SELF","false","Resolved delegated","Resolved delegated: action contract; source business rules unchanged","Disclosure","Sensitive","","FX32-S02","Current tool.run capability; no extra data fetch/storage; no secret toast; Local pure tools không lưu input mặc định; network tools là quyền/capability riêng"
"toolbox.output.save_snippet","FX-32","COMPOSITE","SELF","true","Resolved delegated","Resolved delegated: action contract; source business rules unchanged","Normal","Normal","snippets.snippet.create","FX32-S02","Explicit preview, no secret auto-save; actual snippet create and enabled module; Local pure tools không lưu input mặc định; network tools là quyền/capability riêng"
"toolbox.history.read","FX-32","QUERY","SELF","true","Resolved delegated","Resolved delegated: action contract; source business rules unchanged","Normal","Normal","","FX32-S03","Local pure tools không lưu input mặc định; network tools là quyền/capability riêng; Local pure tools không lưu input mặc định; network tools là quyền/capability riêng"
"toolbox.history.save","FX-32","COMMAND","SELF","true","Resolved delegated","Resolved delegated: action contract; source business rules unchanged","Normal","Normal","","FX32-S03","No sensitive payload/browser persistent storage; owner server history policy; local pure runs không tự log input; Local pure tools không lưu input mặc định; network tools là quyền/capability riêng"
"toolbox.history.delete","FX-32","COMMAND","SELF","true","Resolved delegated","Resolved delegated: action contract; source business rules unchanged","Normal","Normal","","FX32-S03","No sensitive payload/browser persistent storage; owner server history policy; local pure runs không tự log input; Local pure tools không lưu input mặc định; network tools là quyền/capability riêng"
"github.repository.search","FX-33","QUERY","SELF","true","Resolved delegated","Resolved delegated: action contract; source business rules unchanged","Normal","Normal","","FX33-S01","Approved public provider; freshness/rate-limit surfaced; Public repository discovery only; không OAuth, star/fork/issues/write"
"github.repository.read","FX-33","QUERY","SELF","true","Resolved delegated","Resolved delegated: action contract; source business rules unchanged","Normal","Normal","","FX33-S02","Approved public provider; freshness/rate-limit surfaced; Public repository discovery only; không OAuth, star/fork/issues/write"
"github.repository.refresh","FX-33","COMMAND","SELF","true","Resolved delegated","Resolved delegated: action contract; source business rules unchanged","Normal","Normal","","FX33-S02","Approved adapter + rate-limit, no owner credentials forwarded; Public repository discovery only; không OAuth, star/fork/issues/write"
"github.saved.read","FX-33","QUERY","SELF","true","Resolved delegated","Resolved delegated: action contract; source business rules unchanged","Normal","Normal","","FX33-S03","Public repository discovery only; không OAuth, star/fork/issues/write; Public repository discovery only; không OAuth, star/fork/issues/write"
"github.saved.save","FX-33","COMMAND","SELF","true","Resolved delegated","Resolved delegated: action contract; source business rules unchanged","Normal","Normal","","FX33-S03","Own reference metadata; không GitHub write; Public repository discovery only; không OAuth, star/fork/issues/write"
"github.saved.notes","FX-33","COMMAND","SELF","true","Resolved delegated","Resolved delegated: action contract; source business rules unchanged","Normal","Normal","","FX33-S03","Own reference metadata; không GitHub write; Public repository discovery only; không OAuth, star/fork/issues/write"
"github.saved.remove","FX-33","COMMAND","SELF","true","Resolved delegated","Resolved delegated: action contract; source business rules unchanged","Normal","Normal","","FX33-S03","Own reference metadata; không GitHub write; Public repository discovery only; không OAuth, star/fork/issues/write"
"github.query.read","FX-33","QUERY","SELF","true","Resolved delegated","Resolved delegated: action contract; source business rules unchanged","Normal","Normal","","FX33-S03","Public repository discovery only; không OAuth, star/fork/issues/write; Public repository discovery only; không OAuth, star/fork/issues/write"
"github.query.create","FX-33","COMMAND","SELF","true","Resolved delegated","Resolved delegated: action contract; source business rules unchanged","Normal","Normal","","FX33-S03","Public repository discovery only; không OAuth, star/fork/issues/write; Public repository discovery only; không OAuth, star/fork/issues/write"
"github.query.update","FX-33","COMMAND","SELF","true","Resolved delegated","Resolved delegated: action contract; source business rules unchanged","Normal","Normal","github.query.read","FX33-S03","Public repository discovery only; không OAuth, star/fork/issues/write; Public repository discovery only; không OAuth, star/fork/issues/write"
"github.query.delete","FX-33","COMMAND","SELF","true","Resolved delegated","Resolved delegated: action contract; source business rules unchanged","Normal","Normal","","FX33-S03","Public repository discovery only; không OAuth, star/fork/issues/write; Public repository discovery only; không OAuth, star/fork/issues/write"
"github.query.run","FX-33","COMMAND","SELF","true","Resolved delegated","Resolved delegated: action contract; source business rules unchanged","Normal","Normal","","FX33-S03","Same provider/search constraints; Public repository discovery only; không OAuth, star/fork/issues/write"
"github.snapshot.read","FX-33","QUERY","SELF","true","Resolved delegated","Resolved delegated: action contract; source business rules unchanged","Normal","Normal","","FX33-S04","Public repository discovery only; không OAuth, star/fork/issues/write; Public repository discovery only; không OAuth, star/fork/issues/write"
"github.snapshot.capture","FX-33","COMMAND","SELF","true","Resolved delegated","Resolved delegated: action contract; source business rules unchanged","Normal","Normal","","FX33-S04","Same query/week/rule compatibility; unknown/stale shown explicitly; Public repository discovery only; không OAuth, star/fork/issues/write"
"github.snapshot.compare","FX-33","COMMAND","SELF","true","Resolved delegated","Resolved delegated: action contract; source business rules unchanged","Normal","Normal","","FX33-S04","Same query/week/rule compatibility; unknown/stale shown explicitly; Public repository discovery only; không OAuth, star/fork/issues/write"
"github.provider.fetch","FX-33","WORKER","SYSTEM","false","Resolved delegated","Resolved delegated: action contract; source business rules unchanged","Normal","Normal","","","Trusted public-only adapter, current policy and cache TTL; Public repository discovery only; không OAuth, star/fork/issues/write"
"automation.definition.read","FX-34","QUERY","SELF","true","Blocked","Blocked Q-07","Normal","Normal","","FX34-S01;FX34-S03","Q-07 workflow/egress effects; no implicit graph editor/unbounded script; Q-07 workflow/egress effects; no implicit graph editor/unbounded script"
"automation.definition.create","FX-34","COMMAND","SELF","true","Blocked","Blocked Q-07","Normal","Normal","","FX34-S01;FX34-S02","Owner/module/source/target actions all valid; published exact version; definition permission không grant target effects; Q-07 workflow/egress effects; no implicit graph editor/unbounded script"
"automation.definition.save","FX-34","COMMAND","SELF","true","Blocked","Blocked Q-07","Normal","Normal","","FX34-S02","Owner/module/source/target actions all valid; published exact version; definition permission không grant target effects; Q-07 workflow/egress effects; no implicit graph editor/unbounded script"
"automation.definition.validate","FX-34","COMMAND","SELF","true","Blocked","Blocked Q-07","Normal","Normal","","FX34-S02","Owner/module/source/target actions all valid; published exact version; definition permission không grant target effects; Q-07 workflow/egress effects; no implicit graph editor/unbounded script"
"automation.definition.enable","FX-34","COMMAND","SELF","true","Blocked","Blocked Q-07","Normal","Normal","","FX34-S01","Owner/module/source/target actions all valid; published exact version; definition permission không grant target effects; Q-07 workflow/egress effects; no implicit graph editor/unbounded script"
"automation.definition.disable","FX-34","COMMAND","SELF","true","Blocked","Blocked Q-07","Normal","Normal","","FX34-S01","Owner/module/source/target actions all valid; published exact version; definition permission không grant target effects; Q-07 workflow/egress effects; no implicit graph editor/unbounded script"
"automation.definition.trash","FX-34","COMMAND","SELF","true","Blocked","Blocked Q-07","Lifecycle","Normal","","FX34-S01","Q-07 workflow/egress effects; no implicit graph editor/unbounded script; preview aggregate, không purge; Q-07 workflow/egress effects; no implicit graph editor/unbounded script"
"automation.definition.restore","FX-34","COMMAND","SELF","true","Blocked","Blocked Q-07","Lifecycle","Normal","","FX34-S01","Q-07 workflow/egress effects; no implicit graph editor/unbounded script; đúng deletion cohort, parent hợp lệ; Q-07 workflow/egress effects; no implicit graph editor/unbounded script"
"automation.definition.purge","FX-34","COMMAND","SELF","true","Blocked","Blocked Q-07","Destructive","Administrative","","FX34-S01","Q-07 workflow/egress effects; no implicit graph editor/unbounded script; chỉ Trash, preview pins/dependencies, xác nhận không thể hoàn tác; Q-07 workflow/egress effects; no implicit graph editor/unbounded script"
"automation.definition.history","FX-34","QUERY","SELF","true","Blocked","Blocked Q-07","Sensitive","Sensitive","","FX34-S03","Owner-only history, cùng owner/module; không share/support; Q-07 workflow/egress effects; no implicit graph editor/unbounded script"
"automation.run.read","FX-34","QUERY","SELF","true","Blocked","Blocked Q-07","Normal","Normal","","FX34-S04","Redacted results, own scope, no secrets; Q-07 workflow/egress effects; no implicit graph editor/unbounded script"
"automation.run.start","FX-34","COMMAND","SELF","true","Blocked","Blocked Q-07","Normal","Normal","","FX34-S05","Pinned version; no unknown external-effect replay; dry-run chỉ mọi adapter hỗ trợ simulation; Q-07 workflow/egress effects; no implicit graph editor/unbounded script"
"automation.run.cancel","FX-34","COMMAND","SELF","true","Blocked","Blocked Q-07","Normal","Normal","","FX34-S05","Pinned version; no unknown external-effect replay; dry-run chỉ mọi adapter hỗ trợ simulation; Q-07 workflow/egress effects; no implicit graph editor/unbounded script"
"automation.run.retry_step","FX-34","COMMAND","SELF","true","Blocked","Blocked Q-07","Normal","Normal","","FX34-S05","Pinned version; no unknown external-effect replay; dry-run chỉ mọi adapter hỗ trợ simulation; Q-07 workflow/egress effects; no implicit graph editor/unbounded script"
"automation.run.dry_run","FX-34","COMMAND","SELF","true","Blocked","Blocked Q-07","Normal","Normal","","FX34-S05","Pinned version; no unknown external-effect replay; dry-run chỉ mọi adapter hỗ trợ simulation; Q-07 workflow/egress effects; no implicit graph editor/unbounded script"
"automation.schedule.update","FX-34","COMMAND","SELF","true","Blocked","Blocked Q-07","Normal","Normal","","FX34-S02","Owner timezone + no unapproved recurrence effects; Q-07 workflow/egress effects; no implicit graph editor/unbounded script"
"automation.definition.import","FX-34","COMPOSITE","SELF","true","Blocked","Blocked Q-07","Disclosure","Sensitive","","FX34-S02","Schema/allowlist + target gates, no executable upload; Q-07 workflow/egress effects; no implicit graph editor/unbounded script"
"automation.definition.export","FX-34","COMPOSITE","SELF","true","Blocked","Blocked Q-07","Disclosure","Sensitive","","FX34-S02","Schema/allowlist + target gates, no executable upload; Q-07 workflow/egress effects; no implicit graph editor/unbounded script"
"automation.step.dispatch","FX-34","WORKER","SYSTEM","false","Blocked","Blocked Q-07","Normal","Normal","","","Trusted worker checks current owner/module/action/provider restrictions before side effect; no privileged automation bypass; Q-07 workflow/egress effects; no implicit graph editor/unbounded script"
"integrations.connection.read","FX-35","QUERY","SELF","true","Blocked","Blocked Q-07; Vault references Q-04","Normal","Normal","","FX35-S01","Q-07 provider scopes/cost/network; credentials by Vault reference; Q-07 provider scopes/cost/network; credentials by Vault reference"
"integrations.connection.create","FX-35","COMMAND","SELF","true","Blocked","Blocked Q-07; Vault references Q-04","Normal","Normal","","FX35-S02","Q-07 provider scopes/cost/network; credentials by Vault reference; Q-07 provider scopes/cost/network; credentials by Vault reference"
"integrations.connection.update","FX-35","COMMAND","SELF","true","Blocked","Blocked Q-07; Vault references Q-04","Normal","Normal","integrations.connection.read","FX35-S02","Q-07 provider scopes/cost/network; credentials by Vault reference; Q-07 provider scopes/cost/network; credentials by Vault reference"
"integrations.connection.test","FX-35","COMMAND","SELF","true","Blocked","Blocked Q-07; Vault references Q-04","Security","Administrative","","FX35-S02","Diff of scopes/effects; Vault reference purpose validation; not reveal plaintext; Q-07 provider scopes/cost/network; credentials by Vault reference"
"integrations.connection.disable","FX-35","COMMAND","SELF","true","Blocked","Blocked Q-07; Vault references Q-04","Security","Administrative","","FX35-S01","Diff of scopes/effects; Vault reference purpose validation; not reveal plaintext; Q-07 provider scopes/cost/network; credentials by Vault reference"
"integrations.connection.scopes","FX-35","COMMAND","SELF","true","Blocked","Blocked Q-07; Vault references Q-04","Security","Administrative","","FX35-S02","Diff of scopes/effects; Vault reference purpose validation; not reveal plaintext; Q-07 provider scopes/cost/network; credentials by Vault reference"
"integrations.connection.credential","FX-35","COMMAND","SELF","true","Blocked","Blocked Q-07; Vault references Q-04","Security","Administrative","","FX35-S05","Diff of scopes/effects; Vault reference purpose validation; not reveal plaintext; Q-07 provider scopes/cost/network; credentials by Vault reference"
"integrations.webhook.read","FX-35","QUERY","SELF","true","Blocked","Blocked Q-07; Vault references Q-04","Normal","Normal","","FX35-S03","Q-07 provider scopes/cost/network; credentials by Vault reference; Q-07 provider scopes/cost/network; credentials by Vault reference"
"integrations.webhook.create","FX-35","COMMAND","SELF","true","Blocked","Blocked Q-07; Vault references Q-04","Normal","Normal","","FX35-S03","Q-07 provider scopes/cost/network; credentials by Vault reference; Q-07 provider scopes/cost/network; credentials by Vault reference"
"integrations.webhook.update","FX-35","COMMAND","SELF","true","Blocked","Blocked Q-07; Vault references Q-04","Normal","Normal","integrations.webhook.read","FX35-S03","Q-07 provider scopes/cost/network; credentials by Vault reference; Q-07 provider scopes/cost/network; credentials by Vault reference"
"integrations.webhook.enable","FX-35","COMMAND","SELF","true","Blocked","Blocked Q-07; Vault references Q-04","Network","Administrative","","FX35-S03","Current endpoint/scope/signature policy, preview network effects; Q-07 provider scopes/cost/network; credentials by Vault reference"
"integrations.webhook.disable","FX-35","COMMAND","SELF","true","Blocked","Blocked Q-07; Vault references Q-04","Network","Administrative","","FX35-S03","Current endpoint/scope/signature policy, preview network effects; Q-07 provider scopes/cost/network; credentials by Vault reference"
"integrations.webhook.test","FX-35","COMMAND","SELF","true","Blocked","Blocked Q-07; Vault references Q-04","Network","Administrative","","FX35-S03","Current endpoint/scope/signature policy, preview network effects; Q-07 provider scopes/cost/network; credentials by Vault reference"
"integrations.webhook.rotate","FX-35","COMMAND","SELF","true","Blocked","Blocked Q-07; Vault references Q-04","Network","Administrative","","FX35-S03","Current endpoint/scope/signature policy, preview network effects; Q-07 provider scopes/cost/network; credentials by Vault reference"
"integrations.delivery.read","FX-35","QUERY","SELF","true","Blocked","Blocked Q-07; Vault references Q-04","Normal","Normal","","FX35-S04","Redacted payload/headers; no secrets; Q-07 provider scopes/cost/network; credentials by Vault reference"
"integrations.delivery.retry","FX-35","COMMAND","SELF","true","Blocked","Blocked Q-07; Vault references Q-04","Network","Administrative","","FX35-S04","Idempotent adapter + current owner permissions + known failure; no blind replay; Q-07 provider scopes/cost/network; credentials by Vault reference"
"integrations.system_connection.read","FX-35","QUERY","ADMIN","true","Blocked","Blocked Q-07; Vault references Q-04","Normal","Normal","","FX35-S01","Operational grant; không user credentials; Q-07 provider scopes/cost/network; credentials by Vault reference"
"integrations.system_connection.configure","FX-35","COMMAND","SUPER","false","Blocked","Blocked Q-07; Vault references Q-04","Security","Administrative","","FX35-S01","SuperAdmin-only; environment policy + audit; Q-07 provider scopes/cost/network; credentials by Vault reference"
"integrations.worker.receive","FX-35","WORKER","SYSTEM","false","Blocked","Blocked Q-07; Vault references Q-04","Network","Administrative","","","Signature/replay defense, source event projection and owner target permissions; no actor from payload; Q-07 provider scopes/cost/network; credentials by Vault reference"
"integrations.worker.send","FX-35","WORKER","SYSTEM","false","Blocked","Blocked Q-07; Vault references Q-04","Network","Administrative","","","Signature/replay defense, source event projection and owner target permissions; no actor from payload; Q-07 provider scopes/cost/network; credentials by Vault reference"
"monitoring.monitor.read","FX-36","QUERY","SELF","true","Resolved delegated","Resolved delegated: action contract; source business rules unchanged","Normal","Normal","","FX36-S01","User monitor scope tách operational jobs; không job payload private in admin lists; User monitor scope tách operational jobs; không job payload private in admin lists"
"monitoring.monitor.create","FX-36","COMMAND","SELF","true","Resolved delegated","Resolved delegated: action contract; source business rules unchanged","Normal","Normal","","FX36-S02","User monitor scope tách operational jobs; không job payload private in admin lists; User monitor scope tách operational jobs; không job payload private in admin lists"
"monitoring.monitor.update","FX-36","COMMAND","SELF","true","Resolved delegated","Resolved delegated: action contract; source business rules unchanged","Normal","Normal","monitoring.monitor.read","FX36-S02","User monitor scope tách operational jobs; không job payload private in admin lists; User monitor scope tách operational jobs; không job payload private in admin lists"
"monitoring.monitor.pause","FX-36","COMMAND","SELF","true","Blocked","Blocked Q-07/Q-08 for probing","Normal","Normal","","FX36-S01","Destination/interval/provider limits Q-07/Q-08; User monitor scope tách operational jobs; không job payload private in admin lists"
"monitoring.monitor.resume","FX-36","COMMAND","SELF","true","Blocked","Blocked Q-07/Q-08 for probing","Normal","Normal","","FX36-S01","Destination/interval/provider limits Q-07/Q-08; User monitor scope tách operational jobs; không job payload private in admin lists"
"monitoring.monitor.remove","FX-36","COMMAND","SELF","true","Blocked","Blocked Q-07/Q-08 for probing","Normal","Normal","","FX36-S01","Destination/interval/provider limits Q-07/Q-08; User monitor scope tách operational jobs; không job payload private in admin lists"
"monitoring.monitor.check","FX-36","COMMAND","SELF","true","Blocked","Blocked Q-07/Q-08 for probing","Normal","Normal","","FX36-S03","Destination/interval/provider limits Q-07/Q-08; User monitor scope tách operational jobs; không job payload private in admin lists"
"monitoring.observation.read","FX-36","QUERY","SELF","true","Resolved delegated","Resolved delegated: action contract; source business rules unchanged","Normal","Normal","","FX36-S03","User monitor scope tách operational jobs; không job payload private in admin lists; User monitor scope tách operational jobs; không job payload private in admin lists"
"monitoring.incident.read","FX-36","QUERY","SELF","true","Resolved delegated","Resolved delegated: action contract; source business rules unchanged","Normal","Normal","","FX36-S03","User monitor scope tách operational jobs; không job payload private in admin lists; User monitor scope tách operational jobs; không job payload private in admin lists"
"monitoring.probe.run","FX-36","WORKER","SYSTEM","false","Blocked","Blocked Q-07/Q-08","Normal","Normal","","","Approved destinations/agent only; no intranet scanner; User monitor scope tách operational jobs; không job payload private in admin lists"
"monitoring.job.read","FX-36","QUERY","ADMIN","true","Resolved delegated","Resolved delegated: action contract; source business rules unchanged","Normal","Normal","","FX36-S04;FX36-S05","Explicit Admin grant; type/status/retry metadata, no business body/secrets; User monitor scope tách operational jobs; không job payload private in admin lists"
"monitoring.job.retry","FX-36","COMMAND","ADMIN","true","Resolved delegated","Resolved delegated: action contract; source business rules unchanged","Operational","Administrative","","FX36-S05","Separate action grants; declared safe retry/cancel contract; original owner authority rechecked; cannot unsend accepted effect; User monitor scope tách operational jobs; không job payload private in admin lists"
"monitoring.job.cancel","FX-36","COMMAND","ADMIN","true","Resolved delegated","Resolved delegated: action contract; source business rules unchanged","Operational","Administrative","","FX36-S05","Separate action grants; declared safe retry/cancel contract; original owner authority rechecked; cannot unsend accepted effect; User monitor scope tách operational jobs; không job payload private in admin lists"
"assets.asset.read","FX-37","QUERY","SELF","true","Resolved delegated","Resolved delegated: action contract; source business rules unchanged","Normal","Normal","","FX37-S01;FX37-S03","Own inventory; lifecycle history; không team assignment/ownership transfer; Own inventory; lifecycle history; không team assignment/ownership transfer"
"assets.asset.create","FX-37","COMMAND","SELF","true","Resolved delegated","Resolved delegated: action contract; source business rules unchanged","Normal","Normal","","FX37-S01;FX37-S02","Own inventory; lifecycle history; không team assignment/ownership transfer; Own inventory; lifecycle history; không team assignment/ownership transfer"
"assets.asset.update","FX-37","COMMAND","SELF","true","Resolved delegated","Resolved delegated: action contract; source business rules unchanged","Normal","Normal","assets.asset.read","FX37-S02","Own inventory; lifecycle history; không team assignment/ownership transfer; Own inventory; lifecycle history; không team assignment/ownership transfer"
"assets.asset.transition","FX-37","COMMAND","SELF","true","Resolved delegated","Resolved delegated: action contract; source business rules unchanged","Lifecycle","Normal","","FX37-S03","FX-37 lifecycle, reason/history where required; không generic Update state bypass; Own inventory; lifecycle history; không team assignment/ownership transfer"
"assets.asset.archive","FX-37","COMMAND","SELF","true","Resolved delegated","Resolved delegated: action contract; source business rules unchanged","Lifecycle","Normal","","FX37-S01","Own inventory; lifecycle history; không team assignment/ownership transfer; ngoài Trash, chưa Archived; Own inventory; lifecycle history; không team assignment/ownership transfer"
"assets.asset.unarchive","FX-37","COMMAND","SELF","true","Resolved delegated","Resolved delegated: action contract; source business rules unchanged","Lifecycle","Normal","","FX37-S01","Own inventory; lifecycle history; không team assignment/ownership transfer; Archived, khôi phục previous state; Own inventory; lifecycle history; không team assignment/ownership transfer"
"assets.asset.trash","FX-37","COMMAND","SELF","true","Resolved delegated","Resolved delegated: action contract; source business rules unchanged","Lifecycle","Normal","","FX37-S06","Own inventory; lifecycle history; không team assignment/ownership transfer; preview aggregate, không purge; Own inventory; lifecycle history; không team assignment/ownership transfer"
"assets.asset.restore","FX-37","COMMAND","SELF","true","Resolved delegated","Resolved delegated: action contract; source business rules unchanged","Lifecycle","Normal","","FX37-S06","Own inventory; lifecycle history; không team assignment/ownership transfer; đúng deletion cohort, parent hợp lệ; Own inventory; lifecycle history; không team assignment/ownership transfer"
"assets.asset.purge","FX-37","COMMAND","SELF","true","Resolved delegated","Resolved delegated: action contract; source business rules unchanged","Destructive","Administrative","","FX37-S06","Own inventory; lifecycle history; không team assignment/ownership transfer; chỉ Trash, preview pins/dependencies, xác nhận không thể hoàn tác; Own inventory; lifecycle history; không team assignment/ownership transfer"
"assets.asset.history","FX-37","QUERY","SELF","true","Resolved delegated","Resolved delegated: action contract; source business rules unchanged","Sensitive","Sensitive","","FX37-S06","Owner-only history, cùng owner/module; không share/support; Own inventory; lifecycle history; không team assignment/ownership transfer"
"assets.serial.reveal","FX-37","COMMAND","SELF","true","Resolved delegated","Resolved delegated; recent-auth timing Blocked Q-02","Sensitive","Sensitive","","FX37-S03","Own resource + recent authentication policy; masked default, no search/share payload; Own inventory; lifecycle history; không team assignment/ownership transfer"
"assets.serial.copy","FX-37","COMMAND","SELF","true","Resolved delegated","Resolved delegated; recent-auth timing Blocked Q-02","Sensitive","Sensitive","","FX37-S03","Own resource + recent authentication policy; masked default, no search/share payload; Own inventory; lifecycle history; không team assignment/ownership transfer"
"assets.purchase.update","FX-37","COMMAND","SELF","true","Resolved delegated","Resolved delegated: action contract; source business rules unchanged","Normal","Normal","","FX37-S02","Source reference giữ cùng owner; no Finance post; Own inventory; lifecycle history; không team assignment/ownership transfer"
"assets.warranty.update","FX-37","COMMAND","SELF","true","Resolved delegated","Resolved delegated: action contract; source business rules unchanged","Normal","Normal","","FX37-S04","Expiry/source version valid; one approved reminder per source; Own inventory; lifecycle history; không team assignment/ownership transfer"
"assets.warranty.set_reminder","FX-37","COMMAND","SELF","true","Resolved delegated","Resolved delegated: action contract; source business rules unchanged","Normal","Normal","","FX37-S04","Expiry/source version valid; one approved reminder per source; Own inventory; lifecycle history; không team assignment/ownership transfer"
"assets.repair.read","FX-37","QUERY","SELF","true","Resolved delegated","Resolved delegated: action contract; source business rules unchanged","Normal","Normal","","FX37-S04","Own inventory; lifecycle history; không team assignment/ownership transfer; Own inventory; lifecycle history; không team assignment/ownership transfer"
"assets.repair.create","FX-37","COMMAND","SELF","true","Resolved delegated","Resolved delegated: action contract; source business rules unchanged","Normal","Normal","","FX37-S04","Own inventory; lifecycle history; không team assignment/ownership transfer; Own inventory; lifecycle history; không team assignment/ownership transfer"
"assets.repair.update","FX-37","COMMAND","SELF","true","Resolved delegated","Resolved delegated: action contract; source business rules unchanged","Normal","Normal","assets.repair.read","FX37-S04","Own inventory; lifecycle history; không team assignment/ownership transfer; Own inventory; lifecycle history; không team assignment/ownership transfer"
"assets.repair.remove","FX-37","COMMAND","SELF","true","Resolved delegated","Resolved delegated: action contract; source business rules unchanged","Normal","Normal","","FX37-S04","Preview evidence/history according to FX-37, no linked File purge; Own inventory; lifecycle history; không team assignment/ownership transfer"
"assets.component.read","FX-37","QUERY","SELF","true","Resolved delegated","Resolved delegated: action contract; source business rules unchanged","Normal","Normal","","FX37-S05","Own inventory; lifecycle history; không team assignment/ownership transfer; Own inventory; lifecycle history; không team assignment/ownership transfer"
"assets.component.create","FX-37","COMMAND","SELF","true","Resolved delegated","Resolved delegated: action contract; source business rules unchanged","Normal","Normal","","FX37-S05","Own inventory; lifecycle history; không team assignment/ownership transfer; Own inventory; lifecycle history; không team assignment/ownership transfer"
"assets.component.update","FX-37","COMMAND","SELF","true","Resolved delegated","Resolved delegated: action contract; source business rules unchanged","Normal","Normal","assets.component.read","FX37-S05","Own inventory; lifecycle history; không team assignment/ownership transfer; Own inventory; lifecycle history; không team assignment/ownership transfer"
"assets.component.remove","FX-37","COMMAND","SELF","true","Resolved delegated","Resolved delegated: action contract; source business rules unchanged","Normal","Normal","","FX37-S05","Parent ownership, explicit dependency preview; Own inventory; lifecycle history; không team assignment/ownership transfer"
"assets.accessory.link","FX-37","COMMAND","SELF","true","Resolved delegated","Resolved delegated: action contract; source business rules unchanged","Normal","Normal","","FX37-S05","Independent linked Asset remains; no cascade purge; Own inventory; lifecycle history; không team assignment/ownership transfer"
"assets.accessory.unlink","FX-37","COMMAND","SELF","true","Resolved delegated","Resolved delegated: action contract; source business rules unchanged","Normal","Normal","","FX37-S05","Independent linked Asset remains; no cascade purge; Own inventory; lifecycle history; không team assignment/ownership transfer"
"assets.loan.lend","FX-37","COMMAND","SELF","true","Resolved delegated","Resolved delegated: action contract; source business rules unchanged","Normal","Normal","","FX37-S03","Personal lending log; no data access to borrower, no workspace; Own inventory; lifecycle history; không team assignment/ownership transfer"
"assets.loan.return","FX-37","COMMAND","SELF","true","Resolved delegated","Resolved delegated: action contract; source business rules unchanged","Normal","Normal","","FX37-S03","Personal lending log; no data access to borrower, no workspace; Own inventory; lifecycle history; không team assignment/ownership transfer"
"assets.asset.share","FX-37","COMPOSITE","SELF","true","Blocked","Blocked Q-03","Disclosure","Sensitive","sharing.link.read","FX37-S03","Source eligible, SharingEnabled, projection chính xác; kết hợp sharing.link.*; không history/reason/secret; Own inventory; lifecycle history; không team assignment/ownership transfer"
"digital.asset.read","FX-38","QUERY","SELF","true","Resolved delegated","Resolved delegated: action contract; source business rules unchanged","Normal","Normal","","FX38-S01;FX38-S03","Metadata tracking only; không infrastructure control plane/payment renewal; Metadata tracking only; không infrastructure control plane/payment renewal"
"digital.asset.create","FX-38","COMMAND","SELF","true","Resolved delegated","Resolved delegated: action contract; source business rules unchanged","Normal","Normal","","FX38-S02","Metadata tracking only; không infrastructure control plane/payment renewal; Metadata tracking only; không infrastructure control plane/payment renewal"
"digital.asset.update","FX-38","COMMAND","SELF","true","Resolved delegated","Resolved delegated: action contract; source business rules unchanged","Normal","Normal","digital.asset.read","FX38-S02","Metadata tracking only; không infrastructure control plane/payment renewal; Metadata tracking only; không infrastructure control plane/payment renewal"
"digital.asset.cancel","FX-38","COMMAND","SELF","true","Resolved delegated","Resolved delegated: action contract; source business rules unchanged","Normal","Normal","","FX38-S03","Không hủy service bên ngoài; Metadata tracking only; không infrastructure control plane/payment renewal"
"digital.asset.archive","FX-38","COMMAND","SELF","true","Resolved delegated","Resolved delegated: action contract; source business rules unchanged","Lifecycle","Normal","","FX38-S01","Metadata tracking only; không infrastructure control plane/payment renewal; ngoài Trash, chưa Archived; Metadata tracking only; không infrastructure control plane/payment renewal"
"digital.asset.unarchive","FX-38","COMMAND","SELF","true","Resolved delegated","Resolved delegated: action contract; source business rules unchanged","Lifecycle","Normal","","FX38-S01","Metadata tracking only; không infrastructure control plane/payment renewal; Archived, khôi phục previous state; Metadata tracking only; không infrastructure control plane/payment renewal"
"digital.asset.trash","FX-38","COMMAND","SELF","true","Resolved delegated","Resolved delegated: action contract; source business rules unchanged","Lifecycle","Normal","","FX38-S01","Metadata tracking only; không infrastructure control plane/payment renewal; preview aggregate, không purge; Metadata tracking only; không infrastructure control plane/payment renewal"
"digital.asset.restore","FX-38","COMMAND","SELF","true","Resolved delegated","Resolved delegated: action contract; source business rules unchanged","Lifecycle","Normal","","FX38-S01","Metadata tracking only; không infrastructure control plane/payment renewal; đúng deletion cohort, parent hợp lệ; Metadata tracking only; không infrastructure control plane/payment renewal"
"digital.asset.purge","FX-38","COMMAND","SELF","true","Resolved delegated","Resolved delegated: action contract; source business rules unchanged","Destructive","Administrative","","FX38-S01","Metadata tracking only; không infrastructure control plane/payment renewal; chỉ Trash, preview pins/dependencies, xác nhận không thể hoàn tác; Metadata tracking only; không infrastructure control plane/payment renewal"
"digital.asset.history","FX-38","QUERY","SELF","true","Resolved delegated","Resolved delegated: action contract; source business rules unchanged","Sensitive","Sensitive","","FX38-S04","Owner-only history, cùng owner/module; không share/support; Metadata tracking only; không infrastructure control plane/payment renewal"
"digital.renewal.record","FX-38","COMMAND","SELF","true","Resolved delegated","Resolved delegated: action contract; source business rules unchanged","Normal","Normal","","FX38-S04","Explicit new expiry/cost metadata; no charge or provider write; Metadata tracking only; không infrastructure control plane/payment renewal"
"digital.credential.reference","FX-38","COMMAND","SELF","true","Blocked","Blocked Q-04 for Vault resolution","Sensitive","Sensitive","","FX38-S02","Same owner + purpose validation; không reveal từ Digital Assets; Metadata tracking only; không infrastructure control plane/payment renewal"
"digital.observation.inspect","FX-38","COMMAND","SELF","true","Blocked","Blocked Q-07","Network","Administrative","","FX38-S03","Approved public-only adapter + Q-07 outbound policy; Metadata tracking only; không infrastructure control plane/payment renewal"
"digital.certificate.parse","FX-38","LOCAL","SELF","false","Resolved delegated","Resolved delegated: action contract; source business rules unchanged","Normal","Normal","","FX38-S02","No private key input; local-only bounded parser; Metadata tracking only; không infrastructure control plane/payment renewal"
"digital.asset.set_reminder","FX-38","COMMAND","SELF","true","Resolved delegated","Resolved delegated: action contract; source business rules unchanged","Normal","Normal","","FX38-S03","Current source expiry/version; no auto-renew; Metadata tracking only; không infrastructure control plane/payment renewal"
"digital.asset.share","FX-38","COMPOSITE","SELF","true","Blocked","Blocked Q-03","Disclosure","Sensitive","sharing.link.read","FX38-S03","Source eligible, SharingEnabled, projection chính xác; kết hợp sharing.link.*; không history/reason/secret; Metadata tracking only; không infrastructure control plane/payment renewal"
"career.job.read","FX-39","QUERY","SELF","true","Resolved delegated","Resolved delegated: action contract; source business rules unchanged","Normal","Normal","","FX39-S01","Own job applications; sensitive salary/contact; no recruiter collaboration; Own job applications; sensitive salary/contact; no recruiter collaboration"
"career.job.create","FX-39","COMMAND","SELF","true","Resolved delegated","Resolved delegated: action contract; source business rules unchanged","Normal","Normal","","FX39-S02","Own job applications; sensitive salary/contact; no recruiter collaboration; Own job applications; sensitive salary/contact; no recruiter collaboration"
"career.job.update","FX-39","COMMAND","SELF","true","Resolved delegated","Resolved delegated: action contract; source business rules unchanged","Normal","Normal","career.job.read","FX39-S02","Own job applications; sensitive salary/contact; no recruiter collaboration; Own job applications; sensitive salary/contact; no recruiter collaboration"
"career.job.transition","FX-39","COMMAND","SELF","true","Resolved delegated","Resolved delegated: action contract; source business rules unchanged","Normal","Normal","","FX39-S01","FX-39 graph/history; không dùng Project terminal lock; Own job applications; sensitive salary/contact; no recruiter collaboration"
"career.job.trash","FX-39","COMMAND","SELF","true","Resolved delegated","Resolved delegated: action contract; source business rules unchanged","Lifecycle","Normal","","FX39-S01","Own job applications; sensitive salary/contact; no recruiter collaboration; preview aggregate, không purge; Own job applications; sensitive salary/contact; no recruiter collaboration"
"career.job.restore","FX-39","COMMAND","SELF","true","Resolved delegated","Resolved delegated: action contract; source business rules unchanged","Lifecycle","Normal","","FX39-S01","Own job applications; sensitive salary/contact; no recruiter collaboration; đúng deletion cohort, parent hợp lệ; Own job applications; sensitive salary/contact; no recruiter collaboration"
"career.job.purge","FX-39","COMMAND","SELF","true","Resolved delegated","Resolved delegated: action contract; source business rules unchanged","Destructive","Administrative","","FX39-S01","Own job applications; sensitive salary/contact; no recruiter collaboration; chỉ Trash, preview pins/dependencies, xác nhận không thể hoàn tác; Own job applications; sensitive salary/contact; no recruiter collaboration"
"career.job.history","FX-39","QUERY","SELF","true","Resolved delegated","Resolved delegated: action contract; source business rules unchanged","Sensitive","Sensitive","","FX39-S07","Owner-only history, cùng owner/module; không share/support; Own job applications; sensitive salary/contact; no recruiter collaboration"
"career.company.read","FX-39","QUERY","SELF","true","Resolved delegated","Resolved delegated: action contract; source business rules unchanged","Normal","Normal","","FX39-S03","Own job applications; sensitive salary/contact; no recruiter collaboration; Own job applications; sensitive salary/contact; no recruiter collaboration"
"career.company.create","FX-39","COMMAND","SELF","true","Resolved delegated","Resolved delegated: action contract; source business rules unchanged","Normal","Normal","","FX39-S03","Own job applications; sensitive salary/contact; no recruiter collaboration; Own job applications; sensitive salary/contact; no recruiter collaboration"
"career.company.update","FX-39","COMMAND","SELF","true","Resolved delegated","Resolved delegated: action contract; source business rules unchanged","Normal","Normal","career.company.read","FX39-S03","Own job applications; sensitive salary/contact; no recruiter collaboration; Own job applications; sensitive salary/contact; no recruiter collaboration"
"career.company.merge","FX-39","COMMAND","SELF","true","Resolved delegated","Resolved delegated: action contract; source business rules unchanged","Normal","Normal","","FX39-S03","Explicit references preview; no external CRM sync; Own job applications; sensitive salary/contact; no recruiter collaboration"
"career.interview.read","FX-39","QUERY","SELF","true","Resolved delegated","Resolved delegated: action contract; source business rules unchanged","Normal","Normal","","FX39-S04","Own job applications; sensitive salary/contact; no recruiter collaboration; Own job applications; sensitive salary/contact; no recruiter collaboration"
"career.interview.create","FX-39","COMMAND","SELF","true","Resolved delegated","Resolved delegated: action contract; source business rules unchanged","Normal","Normal","","FX39-S04","Own job applications; sensitive salary/contact; no recruiter collaboration; Own job applications; sensitive salary/contact; no recruiter collaboration"
"career.interview.update","FX-39","COMMAND","SELF","true","Resolved delegated","Resolved delegated: action contract; source business rules unchanged","Normal","Normal","career.interview.read","FX39-S04","Own job applications; sensitive salary/contact; no recruiter collaboration; Own job applications; sensitive salary/contact; no recruiter collaboration"
"career.interview.complete","FX-39","COMMAND","SELF","true","Resolved delegated","Resolved delegated: action contract; source business rules unchanged","Normal","Normal","","FX39-S04","Explicit lifecycle; no Calendar mutation; Own job applications; sensitive salary/contact; no recruiter collaboration"
"career.interview.cancel","FX-39","COMMAND","SELF","true","Resolved delegated","Resolved delegated: action contract; source business rules unchanged","Normal","Normal","","FX39-S04","Explicit lifecycle; no Calendar mutation; Own job applications; sensitive salary/contact; no recruiter collaboration"
"career.interview.link_calendar","FX-39","COMPOSITE","SELF","true","Blocked","Blocked Q-12","Normal","Normal","","FX39-S04","Must settle source ownership/sync policy first; Own job applications; sensitive salary/contact; no recruiter collaboration"
"career.resume.read","FX-39","QUERY","SELF","true","Resolved delegated","Resolved delegated: action contract; source business rules unchanged","Normal","Normal","","FX39-S05","Own job applications; sensitive salary/contact; no recruiter collaboration; Own job applications; sensitive salary/contact; no recruiter collaboration"
"career.resume.create","FX-39","COMMAND","SELF","true","Resolved delegated","Resolved delegated: action contract; source business rules unchanged","Normal","Normal","","FX39-S05","Own job applications; sensitive salary/contact; no recruiter collaboration; Own job applications; sensitive salary/contact; no recruiter collaboration"
"career.resume.update","FX-39","COMMAND","SELF","true","Resolved delegated","Resolved delegated: action contract; source business rules unchanged","Normal","Normal","career.resume.read","FX39-S05","Own job applications; sensitive salary/contact; no recruiter collaboration; Own job applications; sensitive salary/contact; no recruiter collaboration"
"career.resume.upload_version","FX-39","COMMAND","SELF","true","Resolved delegated","Resolved delegated: action contract; source business rules unchanged","Normal","Normal","","FX39-S05","Clean file or immutable DocumentVersion; pinned version, source enabled/read; no latest pointer drift; Own job applications; sensitive salary/contact; no recruiter collaboration"
"career.resume.select_document","FX-39","COMMAND","SELF","true","Resolved delegated","Resolved delegated: action contract; source business rules unchanged","Normal","Normal","","FX39-S05","Clean file or immutable DocumentVersion; pinned version, source enabled/read; no latest pointer drift; Own job applications; sensitive salary/contact; no recruiter collaboration"
"career.resume.download","FX-39","COMMAND","SELF","true","Resolved delegated","Resolved delegated: action contract; source business rules unchanged","Disclosure","Sensitive","","FX39-S06","Read current owner/version/file-scan authorization, no silent conversion; Own job applications; sensitive salary/contact; no recruiter collaboration"
"career.resume.archive","FX-39","COMMAND","SELF","true","Resolved delegated","Resolved delegated: action contract; source business rules unchanged","Lifecycle","Normal","","FX39-S05","Own job applications; sensitive salary/contact; no recruiter collaboration; ngoài Trash, chưa Archived; Own job applications; sensitive salary/contact; no recruiter collaboration"
"career.resume.unarchive","FX-39","COMMAND","SELF","true","Resolved delegated","Resolved delegated: action contract; source business rules unchanged","Lifecycle","Normal","","FX39-S05","Own job applications; sensitive salary/contact; no recruiter collaboration; Archived, khôi phục previous state; Own job applications; sensitive salary/contact; no recruiter collaboration"
"career.resume.trash","FX-39","COMMAND","SELF","true","Resolved delegated","Resolved delegated: action contract; source business rules unchanged","Lifecycle","Normal","","FX39-S05","Own job applications; sensitive salary/contact; no recruiter collaboration; preview aggregate, không purge; Own job applications; sensitive salary/contact; no recruiter collaboration"
"career.resume.restore","FX-39","COMMAND","SELF","true","Resolved delegated","Resolved delegated: action contract; source business rules unchanged","Lifecycle","Normal","","FX39-S05","Own job applications; sensitive salary/contact; no recruiter collaboration; đúng deletion cohort, parent hợp lệ; Own job applications; sensitive salary/contact; no recruiter collaboration"
"career.resume.purge","FX-39","COMMAND","SELF","true","Resolved delegated","Resolved delegated: action contract; source business rules unchanged","Destructive","Administrative","","FX39-S05","Own job applications; sensitive salary/contact; no recruiter collaboration; chỉ Trash, preview pins/dependencies, xác nhận không thể hoàn tác; Own job applications; sensitive salary/contact; no recruiter collaboration"
"career.resume.history","FX-39","QUERY","SELF","true","Resolved delegated","Resolved delegated: action contract; source business rules unchanged","Sensitive","Sensitive","","FX39-S07","Owner-only history, cùng owner/module; không share/support; Own job applications; sensitive salary/contact; no recruiter collaboration"
"career.resume.share","FX-39","COMPOSITE","SELF","true","Resolved delegated","Resolved delegated: action contract; source business rules unchanged","Disclosure","Sensitive","sharing.link.read","FX39-S06","Source eligible, SharingEnabled, projection chính xác; kết hợp sharing.link.*; không history/reason/secret; Own job applications; sensitive salary/contact; no recruiter collaboration"
"career.application.attach_resume","FX-39","COMMAND","SELF","true","Resolved delegated","Resolved delegated: action contract; source business rules unchanged","Normal","Normal","","FX39-S02","Same owner, immutable pin preserved across later edits/deletion; files/download needs source permissions; Own job applications; sensitive salary/contact; no recruiter collaboration"
"career.resume.convert","FX-39","COMMAND","SELF","true","Blocked","Blocked Q-11","Disclosure","Sensitive","","FX39-S06","Output fidelity/formats approval needed; not same as original file download; Own job applications; sensitive salary/contact; no recruiter collaboration"
"learning.skill.read","FX-40","QUERY","SELF","true","Resolved delegated","Resolved delegated: action contract; source business rules unchanged","Normal","Normal","","FX40-S02","Personal tracking; no LMS enrollment/payroll/provider write; Personal tracking; no LMS enrollment/payroll/provider write"
"learning.skill.create","FX-40","COMMAND","SELF","true","Resolved delegated","Resolved delegated: action contract; source business rules unchanged","Normal","Normal","","FX40-S02","Personal tracking; no LMS enrollment/payroll/provider write; Personal tracking; no LMS enrollment/payroll/provider write"
"learning.skill.update","FX-40","COMMAND","SELF","true","Resolved delegated","Resolved delegated: action contract; source business rules unchanged","Normal","Normal","learning.skill.read","FX40-S02","Personal tracking; no LMS enrollment/payroll/provider write; Personal tracking; no LMS enrollment/payroll/provider write"
"learning.skill.proficiency","FX-40","COMMAND","SELF","true","Resolved delegated","Resolved delegated: action contract; source business rules unchanged","Normal","Normal","","FX40-S02","Owner evidence/source access; no auto certification claim; Personal tracking; no LMS enrollment/payroll/provider write"
"learning.skill.evidence","FX-40","COMMAND","SELF","true","Resolved delegated","Resolved delegated: action contract; source business rules unchanged","Normal","Normal","","FX40-S02","Owner evidence/source access; no auto certification claim; Personal tracking; no LMS enrollment/payroll/provider write"
"learning.skill.merge","FX-40","COMMAND","SELF","true","Resolved delegated","Resolved delegated: action contract; source business rules unchanged","Normal","Normal","","FX40-S02","Owner evidence/source access; no auto certification claim; Personal tracking; no LMS enrollment/payroll/provider write"
"learning.skill.archive","FX-40","COMMAND","SELF","true","Resolved delegated","Resolved delegated: action contract; source business rules unchanged","Lifecycle","Normal","","FX40-S02","Personal tracking; no LMS enrollment/payroll/provider write; ngoài Trash, chưa Archived; Personal tracking; no LMS enrollment/payroll/provider write"
"learning.skill.unarchive","FX-40","COMMAND","SELF","true","Resolved delegated","Resolved delegated: action contract; source business rules unchanged","Lifecycle","Normal","","FX40-S02","Personal tracking; no LMS enrollment/payroll/provider write; Archived, khôi phục previous state; Personal tracking; no LMS enrollment/payroll/provider write"
"learning.skill.trash","FX-40","COMMAND","SELF","true","Resolved delegated","Resolved delegated: action contract; source business rules unchanged","Lifecycle","Normal","","FX40-S02","Personal tracking; no LMS enrollment/payroll/provider write; preview aggregate, không purge; Personal tracking; no LMS enrollment/payroll/provider write"
"learning.skill.restore","FX-40","COMMAND","SELF","true","Resolved delegated","Resolved delegated: action contract; source business rules unchanged","Lifecycle","Normal","","FX40-S02","Personal tracking; no LMS enrollment/payroll/provider write; đúng deletion cohort, parent hợp lệ; Personal tracking; no LMS enrollment/payroll/provider write"
"learning.skill.purge","FX-40","COMMAND","SELF","true","Resolved delegated","Resolved delegated: action contract; source business rules unchanged","Destructive","Administrative","","FX40-S02","Personal tracking; no LMS enrollment/payroll/provider write; chỉ Trash, preview pins/dependencies, xác nhận không thể hoàn tác; Personal tracking; no LMS enrollment/payroll/provider write"
"learning.course.read","FX-40","QUERY","SELF","true","Resolved delegated","Resolved delegated: action contract; source business rules unchanged","Normal","Normal","","FX40-S03","Personal tracking; no LMS enrollment/payroll/provider write; Personal tracking; no LMS enrollment/payroll/provider write"
"learning.course.create","FX-40","COMMAND","SELF","true","Resolved delegated","Resolved delegated: action contract; source business rules unchanged","Normal","Normal","","FX40-S03","Personal tracking; no LMS enrollment/payroll/provider write; Personal tracking; no LMS enrollment/payroll/provider write"
"learning.course.update","FX-40","COMMAND","SELF","true","Resolved delegated","Resolved delegated: action contract; source business rules unchanged","Normal","Normal","learning.course.read","FX40-S03","Personal tracking; no LMS enrollment/payroll/provider write; Personal tracking; no LMS enrollment/payroll/provider write"
"learning.course.progress","FX-40","COMMAND","SELF","true","Resolved delegated","Resolved delegated: action contract; source business rules unchanged","Normal","Normal","","FX40-S03","FX-40 progress/explicit state; no auto award credential; Personal tracking; no LMS enrollment/payroll/provider write"
"learning.course.milestone","FX-40","COMMAND","SELF","true","Resolved delegated","Resolved delegated: action contract; source business rules unchanged","Normal","Normal","","FX40-S03","FX-40 progress/explicit state; no auto award credential; Personal tracking; no LMS enrollment/payroll/provider write"
"learning.course.complete","FX-40","COMMAND","SELF","true","Resolved delegated","Resolved delegated: action contract; source business rules unchanged","Normal","Normal","","FX40-S03","FX-40 progress/explicit state; no auto award credential; Personal tracking; no LMS enrollment/payroll/provider write"
"learning.course.abandon","FX-40","COMMAND","SELF","true","Resolved delegated","Resolved delegated: action contract; source business rules unchanged","Normal","Normal","","FX40-S03","FX-40 progress/explicit state; no auto award credential; Personal tracking; no LMS enrollment/payroll/provider write"
"learning.course.archive","FX-40","COMMAND","SELF","true","Resolved delegated","Resolved delegated: action contract; source business rules unchanged","Lifecycle","Normal","","FX40-S03","Personal tracking; no LMS enrollment/payroll/provider write; ngoài Trash, chưa Archived; Personal tracking; no LMS enrollment/payroll/provider write"
"learning.course.unarchive","FX-40","COMMAND","SELF","true","Resolved delegated","Resolved delegated: action contract; source business rules unchanged","Lifecycle","Normal","","FX40-S03","Personal tracking; no LMS enrollment/payroll/provider write; Archived, khôi phục previous state; Personal tracking; no LMS enrollment/payroll/provider write"
"learning.course.trash","FX-40","COMMAND","SELF","true","Resolved delegated","Resolved delegated: action contract; source business rules unchanged","Lifecycle","Normal","","FX40-S03","Personal tracking; no LMS enrollment/payroll/provider write; preview aggregate, không purge; Personal tracking; no LMS enrollment/payroll/provider write"
"learning.course.restore","FX-40","COMMAND","SELF","true","Resolved delegated","Resolved delegated: action contract; source business rules unchanged","Lifecycle","Normal","","FX40-S03","Personal tracking; no LMS enrollment/payroll/provider write; đúng deletion cohort, parent hợp lệ; Personal tracking; no LMS enrollment/payroll/provider write"
"learning.course.purge","FX-40","COMMAND","SELF","true","Resolved delegated","Resolved delegated: action contract; source business rules unchanged","Destructive","Administrative","","FX40-S03","Personal tracking; no LMS enrollment/payroll/provider write; chỉ Trash, preview pins/dependencies, xác nhận không thể hoàn tác; Personal tracking; no LMS enrollment/payroll/provider write"
"learning.certification.read","FX-40","QUERY","SELF","true","Resolved delegated","Resolved delegated: action contract; source business rules unchanged","Normal","Normal","","FX40-S04","Personal tracking; no LMS enrollment/payroll/provider write; Personal tracking; no LMS enrollment/payroll/provider write"
"learning.certification.create","FX-40","COMMAND","SELF","true","Resolved delegated","Resolved delegated: action contract; source business rules unchanged","Normal","Normal","","FX40-S04","Personal tracking; no LMS enrollment/payroll/provider write; Personal tracking; no LMS enrollment/payroll/provider write"
"learning.certification.update","FX-40","COMMAND","SELF","true","Resolved delegated","Resolved delegated: action contract; source business rules unchanged","Normal","Normal","learning.certification.read","FX40-S04","Personal tracking; no LMS enrollment/payroll/provider write; Personal tracking; no LMS enrollment/payroll/provider write"
"learning.certification.renew","FX-40","COMMAND","SELF","true","Resolved delegated","Resolved delegated: action contract; source business rules unchanged","Normal","Normal","","FX40-S04","Own certification/version; Clean evidence; no provider-issued credential; Personal tracking; no LMS enrollment/payroll/provider write"
"learning.certification.evidence","FX-40","COMMAND","SELF","true","Resolved delegated","Resolved delegated: action contract; source business rules unchanged","Normal","Normal","","FX40-S04","Own certification/version; Clean evidence; no provider-issued credential; Personal tracking; no LMS enrollment/payroll/provider write"
"learning.certification.set_reminder","FX-40","COMMAND","SELF","true","Resolved delegated","Resolved delegated: action contract; source business rules unchanged","Normal","Normal","","FX40-S04","Own certification/version; Clean evidence; no provider-issued credential; Personal tracking; no LMS enrollment/payroll/provider write"
"learning.certification.share","FX-40","COMPOSITE","SELF","true","Blocked","Blocked Q-03","Disclosure","Sensitive","sharing.link.read","FX40-S04","Source eligible, SharingEnabled, projection chính xác; kết hợp sharing.link.*; không history/reason/secret; Personal tracking; no LMS enrollment/payroll/provider write"
"learning.plan.read","FX-40","QUERY","SELF","true","Resolved delegated","Resolved delegated: action contract; source business rules unchanged","Normal","Normal","","FX40-S05","Personal tracking; no LMS enrollment/payroll/provider write; Personal tracking; no LMS enrollment/payroll/provider write"
"learning.plan.create","FX-40","COMMAND","SELF","true","Resolved delegated","Resolved delegated: action contract; source business rules unchanged","Normal","Normal","","FX40-S05","Personal tracking; no LMS enrollment/payroll/provider write; Personal tracking; no LMS enrollment/payroll/provider write"
"learning.plan.update","FX-40","COMMAND","SELF","true","Resolved delegated","Resolved delegated: action contract; source business rules unchanged","Normal","Normal","learning.plan.read","FX40-S05","Personal tracking; no LMS enrollment/payroll/provider write; Personal tracking; no LMS enrollment/payroll/provider write"
"learning.plan.link","FX-40","COMMAND","SELF","true","Resolved delegated","Resolved delegated: action contract; source business rules unchanged","Normal","Normal","","FX40-S05","Own source refs/read; no source status mutation; Personal tracking; no LMS enrollment/payroll/provider write"
"learning.plan.unlink","FX-40","COMMAND","SELF","true","Resolved delegated","Resolved delegated: action contract; source business rules unchanged","Normal","Normal","","FX40-S05","Own source refs/read; no source status mutation; Personal tracking; no LMS enrollment/payroll/provider write"
"learning.plan.reorder","FX-40","COMMAND","SELF","true","Resolved delegated","Resolved delegated: action contract; source business rules unchanged","Normal","Normal","","FX40-S05","Own source refs/read; no source status mutation; Personal tracking; no LMS enrollment/payroll/provider write"
"learning.plan.complete","FX-40","COMMAND","SELF","true","Resolved delegated","Resolved delegated: action contract; source business rules unchanged","Normal","Normal","","FX40-S05","Own source refs/read; no source status mutation; Personal tracking; no LMS enrollment/payroll/provider write"
"learning.plan.archive","FX-40","COMMAND","SELF","true","Resolved delegated","Resolved delegated: action contract; source business rules unchanged","Lifecycle","Normal","","FX40-S05","Personal tracking; no LMS enrollment/payroll/provider write; ngoài Trash, chưa Archived; Personal tracking; no LMS enrollment/payroll/provider write"
"learning.plan.unarchive","FX-40","COMMAND","SELF","true","Resolved delegated","Resolved delegated: action contract; source business rules unchanged","Lifecycle","Normal","","FX40-S05","Personal tracking; no LMS enrollment/payroll/provider write; Archived, khôi phục previous state; Personal tracking; no LMS enrollment/payroll/provider write"
"learning.plan.trash","FX-40","COMMAND","SELF","true","Resolved delegated","Resolved delegated: action contract; source business rules unchanged","Lifecycle","Normal","","FX40-S05","Personal tracking; no LMS enrollment/payroll/provider write; preview aggregate, không purge; Personal tracking; no LMS enrollment/payroll/provider write"
"learning.plan.restore","FX-40","COMMAND","SELF","true","Resolved delegated","Resolved delegated: action contract; source business rules unchanged","Lifecycle","Normal","","FX40-S05","Personal tracking; no LMS enrollment/payroll/provider write; đúng deletion cohort, parent hợp lệ; Personal tracking; no LMS enrollment/payroll/provider write"
"learning.plan.purge","FX-40","COMMAND","SELF","true","Resolved delegated","Resolved delegated: action contract; source business rules unchanged","Destructive","Administrative","","FX40-S05","Personal tracking; no LMS enrollment/payroll/provider write; chỉ Trash, preview pins/dependencies, xác nhận không thể hoàn tác; Personal tracking; no LMS enrollment/payroll/provider write"
"learning.worklog.read","FX-40","QUERY","SELF","true","Resolved delegated","Resolved delegated: action contract; source business rules unchanged","Normal","Normal","","FX40-S06","Personal tracking; no LMS enrollment/payroll/provider write; Personal tracking; no LMS enrollment/payroll/provider write"
"learning.worklog.create","FX-40","COMMAND","SELF","true","Resolved delegated","Resolved delegated: action contract; source business rules unchanged","Normal","Normal","","FX40-S06","Personal tracking; no LMS enrollment/payroll/provider write; Personal tracking; no LMS enrollment/payroll/provider write"
"learning.worklog.update","FX-40","COMMAND","SELF","true","Resolved delegated","Resolved delegated: action contract; source business rules unchanged","Normal","Normal","learning.worklog.read","FX40-S06","Personal tracking; no LMS enrollment/payroll/provider write; Personal tracking; no LMS enrollment/payroll/provider write"
"learning.worklog.link_time","FX-40","COMMAND","SELF","true","Resolved delegated","Resolved delegated: action contract; source business rules unchanged","Normal","Normal","","FX40-S06","Source time.entry.read, no double creation/payroll; Personal tracking; no LMS enrollment/payroll/provider write"
"learning.worklog.archive","FX-40","COMMAND","SELF","true","Resolved delegated","Resolved delegated: action contract; source business rules unchanged","Lifecycle","Normal","","FX40-S06","Personal tracking; no LMS enrollment/payroll/provider write; ngoài Trash, chưa Archived; Personal tracking; no LMS enrollment/payroll/provider write"
"learning.worklog.unarchive","FX-40","COMMAND","SELF","true","Resolved delegated","Resolved delegated: action contract; source business rules unchanged","Lifecycle","Normal","","FX40-S06","Personal tracking; no LMS enrollment/payroll/provider write; Archived, khôi phục previous state; Personal tracking; no LMS enrollment/payroll/provider write"
"learning.worklog.trash","FX-40","COMMAND","SELF","true","Resolved delegated","Resolved delegated: action contract; source business rules unchanged","Lifecycle","Normal","","FX40-S06","Personal tracking; no LMS enrollment/payroll/provider write; preview aggregate, không purge; Personal tracking; no LMS enrollment/payroll/provider write"
"learning.worklog.restore","FX-40","COMMAND","SELF","true","Resolved delegated","Resolved delegated: action contract; source business rules unchanged","Lifecycle","Normal","","FX40-S06","Personal tracking; no LMS enrollment/payroll/provider write; đúng deletion cohort, parent hợp lệ; Personal tracking; no LMS enrollment/payroll/provider write"
"learning.worklog.purge","FX-40","COMMAND","SELF","true","Resolved delegated","Resolved delegated: action contract; source business rules unchanged","Destructive","Administrative","","FX40-S06","Personal tracking; no LMS enrollment/payroll/provider write; chỉ Trash, preview pins/dependencies, xác nhận không thể hoàn tác; Personal tracking; no LMS enrollment/payroll/provider write"
"learning.report.read","FX-40","QUERY","SELF","true","Resolved delegated","Resolved delegated: action contract; source business rules unchanged","Normal","Normal","","FX40-S01","Personal tracking; no LMS enrollment/payroll/provider write; Personal tracking; no LMS enrollment/payroll/provider write"
"files.support.read","FX-07","QUERY","SUPPORT","true","Resolved delegated","Resolved delegated: diagnostic projection only; private body excluded unless source scope explicitly permits","Sensitive","Sensitive","","FX05-S03;FX05-S05","Qualified Admin + support.session.open + current one-module consent OR authorized SuperAdmin Emergency; target enabled; approved redacted projection only; no owner history/export/reveal/linked-module expansion; Own FileObject; Clean trước attach/preview/download; pins/current history được bảo vệ"
"projects.support.read","FX-11","QUERY","SUPPORT","true","Resolved delegated","Resolved delegated: diagnostic projection only; private body excluded unless source scope explicitly permits","Sensitive","Sensitive","","FX05-S03;FX05-S05","Qualified Admin + support.session.open + current one-module consent OR authorized SuperAdmin Emergency; target enabled; approved redacted projection only; no owner history/export/reveal/linked-module expansion; Cùng owner; Project terminal Completed/Skipped không mở lại; mọi Task bên trong chỉ-đọc"
"tasks.support.read","FX-12","QUERY","SUPPORT","true","Resolved delegated","Resolved delegated: diagnostic projection only; private body excluded unless source scope explicitly permits","Sensitive","Sensitive","","FX05-S03;FX05-S05","Qualified Admin + support.session.open + current one-module consent OR authorized SuperAdmin Emergency; target enabled; approved redacted projection only; no owner history/export/reveal/linked-module expansion; Cùng owner; ProjectId bất biến; Project terminal cho xem chỉ-đọc, không tiếp tục Task; mutation cần parent active trừ Trash purge theo provider/cohort riêng"
"calendar.support.read","FX-13","QUERY","SUPPORT","true","Resolved delegated","Resolved delegated: diagnostic projection only; private body excluded unless source scope explicitly permits","Sensitive","Sensitive","","FX05-S03;FX05-S05","Qualified Admin + support.session.open + current one-module consent OR authorized SuperAdmin Emergency; target enabled; approved redacted projection only; no owner history/export/reveal/linked-module expansion; Own Calendar; Task projections luôn cần source Tasks access; không sửa Task qua Calendar"
"planner.support.read","FX-15","QUERY","SUPPORT","true","Resolved delegated","Resolved delegated: diagnostic projection only; private body excluded unless source scope explicitly permits","Sensitive","Sensitive","","FX05-S03;FX05-S05","Qualified Admin + support.session.open + current one-module consent OR authorized SuperAdmin Emergency; target enabled; approved redacted projection only; no owner history/export/reveal/linked-module expansion; Lens trên Task đã có; không tạo bản sao, không thay Start/End hay status"
"goals.support.read","FX-16","QUERY","SUPPORT","true","Resolved delegated","Resolved delegated: diagnostic projection only; private body excluded unless source scope explicitly permits","Sensitive","Sensitive","","FX05-S03;FX05-S05","Qualified Admin + support.session.open + current one-module consent OR authorized SuperAdmin Emergency; target enabled; approved redacted projection only; no owner history/export/reveal/linked-module expansion; Own Goal; explicit status; progress calculation không tự complete Goal"
"habits.support.read","FX-17","QUERY","SUPPORT","true","Resolved delegated","Resolved delegated: diagnostic projection only; private body excluded unless source scope explicitly permits","Sensitive","Sensitive","","FX05-S03;FX05-S05","Qualified Admin + support.session.open + current one-module consent OR authorized SuperAdmin Emergency; target enabled; approved redacted projection only; no owner history/export/reveal/linked-module expansion; Own habit; history past check-ins không bị viết lại bởi đổi schedule"
"time.support.read","FX-18","QUERY","SUPPORT","true","Resolved delegated","Resolved delegated: diagnostic projection only; private body excluded unless source scope explicitly permits","Sensitive","Sensitive","","FX05-S03;FX05-S05","Qualified Admin + support.session.open + current one-module consent OR authorized SuperAdmin Emergency; target enabled; approved redacted projection only; no owner history/export/reveal/linked-module expansion; Owner scope; tối đa một timer đang chạy; không billable/team/payroll"
"focus.support.read","FX-19","QUERY","SUPPORT","true","Resolved delegated","Resolved delegated: diagnostic projection only; private body excluded unless source scope explicitly permits","Sensitive","Sensitive","","FX05-S03;FX05-S05","Qualified Admin + support.session.open + current one-module consent OR authorized SuperAdmin Emergency; target enabled; approved redacted projection only; no owner history/export/reveal/linked-module expansion; Own focus session; elapsed từ clock/state hợp lệ; không tự tạo Calendar"
"documents.support.read","FX-20","QUERY","SUPPORT","true","Resolved delegated","Resolved delegated: diagnostic projection only; private body excluded unless source scope explicitly permits","Sensitive","Sensitive","","FX05-S03;FX05-S05","Qualified Admin + support.session.open + current one-module consent OR authorized SuperAdmin Emergency; target enabled; approved redacted projection only; no owner history/export/reveal/linked-module expansion; Owner; immutable DocumentType/EditorMode/Folder/Parent; Title editable ở Draft/Published theo current FX-20 delegated rule; explicit Save"
"bookmarks.support.read","FX-21","QUERY","SUPPORT","true","Resolved delegated","Resolved delegated: diagnostic projection only; private body excluded unless source scope explicitly permits","Sensitive","Sensitive","","FX05-S03;FX05-S05","Qualified Admin + support.session.open + current one-module consent OR authorized SuperAdmin Emergency; target enabled; approved redacted projection only; no owner history/export/reveal/linked-module expansion; Own bookmark; saved metadata khác fetched metadata, không overwrite owner edit"
"snippets.support.read","FX-22","QUERY","SUPPORT","true","Resolved delegated","Resolved delegated: diagnostic projection only; private body excluded unless source scope explicitly permits","Sensitive","Sensitive","","FX05-S03;FX05-S05","Qualified Admin + support.session.open + current one-module consent OR authorized SuperAdmin Emergency; target enabled; approved redacted projection only; no owner history/export/reveal/linked-module expansion; Text-only; escape rendered code; không thực thi snippet"
"reading.support.read","FX-23","QUERY","SUPPORT","true","Resolved delegated","Resolved delegated: diagnostic projection only; private body excluded unless source scope explicitly permits","Sensitive","Sensitive","","FX05-S03;FX05-S05","Qualified Admin + support.session.open + current one-module consent OR authorized SuperAdmin Emergency; target enabled; approved redacted projection only; no owner history/export/reveal/linked-module expansion; Queue reference theo source; không copy body hay xóa source"
"organization.support.read","FX-24","QUERY","SUPPORT","true","Resolved delegated","Resolved delegated: diagnostic projection only; private body excluded unless source scope explicitly permits","Sensitive","Sensitive","","FX05-S03;FX05-S05","Qualified Admin + support.session.open + current one-module consent OR authorized SuperAdmin Emergency; target enabled; approved redacted projection only; no owner history/export/reveal/linked-module expansion; Namespace và source provider quyết định cardinality/lifecycle; không universal grant"
"finance.support.read","FX-27","QUERY","SUPPORT","true","Blocked","Blocked Q-03; domain gates also apply","Sensitive","Sensitive","","FX05-S03;FX05-S05","Qualified Admin + support.session.open + current one-module consent OR authorized SuperAdmin Emergency; target enabled; approved redacted projection only; no owner history/export/reveal/linked-module expansion; Blocked financial semantics Q-05; reserve contracts only, không cho write production trước duyệt"
"vault.support.read","FX-28","QUERY","SUPPORT","true","Blocked","Blocked Q-04","Sensitive","Sensitive","","FX05-S03;FX05-S05","Qualified Admin + support.session.open + current one-module consent OR authorized SuperAdmin Emergency; target enabled; approved redacted projection only; no owner history/export/reveal/linked-module expansion; Owner personal-only; encrypted payload/keys/recovery Q-04; no support plaintext or share/export"
"news.support.read","FX-29","QUERY","SUPPORT","true","Resolved delegated","Resolved delegated: diagnostic projection only; private body excluded unless source scope explicitly permits","Sensitive","Sensitive","","FX05-S03;FX05-S05","Qualified Admin + support.session.open + current one-module consent OR authorized SuperAdmin Emergency; target enabled; approved redacted projection only; no owner history/export/reveal/linked-module expansion; Own subscriptions/state; fetched articles bất biến từ provider, không editor"
"prices.support.read","FX-30","QUERY","SUPPORT","true","Blocked","Blocked Q-03; domain gates also apply","Sensitive","Sensitive","","FX05-S03;FX05-S05","Qualified Admin + support.session.open + current one-module consent OR authorized SuperAdmin Emergency; target enabled; approved redacted projection only; no owner history/export/reveal/linked-module expansion; Provider/Shopee policy Q-06; stale không price zero; không checkout"
"shopping.support.read","FX-31","QUERY","SUPPORT","true","Resolved delegated","Resolved delegated: diagnostic projection only; private body excluded unless source scope explicitly permits","Sensitive","Sensitive","","FX05-S03;FX05-S05","Qualified Admin + support.session.open + current one-module consent OR authorized SuperAdmin Emergency; target enabled; approved redacted projection only; no owner history/export/reveal/linked-module expansion; Owner manual records; không checkout/payment/provider write"
"toolbox.support.read","FX-32","QUERY","SUPPORT","true","Resolved delegated","Resolved delegated: diagnostic projection only; private body excluded unless source scope explicitly permits","Sensitive","Sensitive","","FX05-S03;FX05-S05","Qualified Admin + support.session.open + current one-module consent OR authorized SuperAdmin Emergency; target enabled; approved redacted projection only; no owner history/export/reveal/linked-module expansion; Local pure tools không lưu input mặc định; network tools là quyền/capability riêng"
"github.support.read","FX-33","QUERY","SUPPORT","true","Resolved delegated","Resolved delegated: diagnostic projection only; private body excluded unless source scope explicitly permits","Sensitive","Sensitive","","FX05-S03;FX05-S05","Qualified Admin + support.session.open + current one-module consent OR authorized SuperAdmin Emergency; target enabled; approved redacted projection only; no owner history/export/reveal/linked-module expansion; Public repository discovery only; không OAuth, star/fork/issues/write"
"automation.support.read","FX-34","QUERY","SUPPORT","true","Blocked","Blocked Q-03; domain gates also apply","Sensitive","Sensitive","","FX05-S03;FX05-S05","Qualified Admin + support.session.open + current one-module consent OR authorized SuperAdmin Emergency; target enabled; approved redacted projection only; no owner history/export/reveal/linked-module expansion; Q-07 workflow/egress effects; no implicit graph editor/unbounded script"
"integrations.support.read","FX-35","QUERY","SUPPORT","true","Blocked","Blocked Q-03; domain gates also apply","Sensitive","Sensitive","","FX05-S03;FX05-S05","Qualified Admin + support.session.open + current one-module consent OR authorized SuperAdmin Emergency; target enabled; approved redacted projection only; no owner history/export/reveal/linked-module expansion; Q-07 provider scopes/cost/network; credentials by Vault reference"
"monitoring.support.read","FX-36","QUERY","SUPPORT","true","Resolved delegated","Resolved delegated: diagnostic projection only; private body excluded unless source scope explicitly permits","Sensitive","Sensitive","","FX05-S03;FX05-S05","Qualified Admin + support.session.open + current one-module consent OR authorized SuperAdmin Emergency; target enabled; approved redacted projection only; no owner history/export/reveal/linked-module expansion; User monitor scope tách operational jobs; không job payload private in admin lists"
"assets.support.read","FX-37","QUERY","SUPPORT","true","Blocked","Blocked Q-03; domain gates also apply","Sensitive","Sensitive","","FX05-S03;FX05-S05","Qualified Admin + support.session.open + current one-module consent OR authorized SuperAdmin Emergency; target enabled; approved redacted projection only; no owner history/export/reveal/linked-module expansion; Own inventory; lifecycle history; không team assignment/ownership transfer"
"digital.support.read","FX-38","QUERY","SUPPORT","true","Blocked","Blocked Q-03; domain gates also apply","Sensitive","Sensitive","","FX05-S03;FX05-S05","Qualified Admin + support.session.open + current one-module consent OR authorized SuperAdmin Emergency; target enabled; approved redacted projection only; no owner history/export/reveal/linked-module expansion; Metadata tracking only; không infrastructure control plane/payment renewal"
"career.support.read","FX-39","QUERY","SUPPORT","true","Blocked","Blocked Q-03; domain gates also apply","Sensitive","Sensitive","","FX05-S03;FX05-S05","Qualified Admin + support.session.open + current one-module consent OR authorized SuperAdmin Emergency; target enabled; approved redacted projection only; no owner history/export/reveal/linked-module expansion; Own job applications; sensitive salary/contact; no recruiter collaboration"
"learning.support.read","FX-40","QUERY","SUPPORT","true","Blocked","Blocked Q-03; domain gates also apply","Sensitive","Sensitive","","FX05-S03;FX05-S05","Qualified Admin + support.session.open + current one-module consent OR authorized SuperAdmin Emergency; target enabled; approved redacted projection only; no owner history/export/reveal/linked-module expansion; Personal tracking; no LMS enrollment/payroll/provider write"
"goals.goal.history","FX-16","QUERY","SELF","true","Resolved delegated","Resolved delegated: action contract; source business rules unchanged","Normal","Normal","","FX16-S03","Owner only, không Support/link; Own Goal; explicit status; progress calculation không tự complete Goal"
"goals.target.record_progress","FX-16","COMMAND","SELF","true","Resolved delegated","Resolved delegated: action contract; source business rules unchanged","Normal","Normal","","FX16-S03;FX16-S04","Editable Goal; Task-based target derives source read, không ghi manual denominator; Own Goal; explicit status; progress calculation không tự complete Goal"
"organization.collection.share","FX-24","COMPOSITE","SELF","true","Blocked","Blocked Q-03 until provider projection approved","Disclosure","Sensitive","sharing.link.read","FX24-S03","Source eligible, SharingEnabled, projection chính xác; kết hợp sharing.link.*; không history/reason/secret; Namespace và source provider quyết định cardinality/lifecycle; không universal grant"
"shopping.order.link_finance","FX-31","COMPOSITE","SELF","true","Blocked","Blocked Q-05 for financial reference semantics","Normal","Normal","finance.transaction.read","FX31-S04","Same owner + finance.transaction.read; no transaction write/ledger side effect; Owner manual records; không checkout/payment/provider write"
"shopping.order.share","FX-31","COMPOSITE","SELF","true","Blocked","Blocked Q-03","Disclosure","Sensitive","sharing.link.read","FX31-S04","Source eligible, SharingEnabled, projection chính xác; kết hợp sharing.link.*; không history/reason/secret; Owner manual records; không checkout/payment/provider write"
"documents.format.import","FX-20","COMPOSITE","SELF","true","Blocked","Blocked Q-11","Disclosure","Sensitive","","FX20-S04;FX20-S05","Approved formats/fidelity Q-11; source state + actual create/save/export checks; immutable Type/Editor preserved; Owner; immutable DocumentType/EditorMode/Folder/Parent; Title editable ở Draft/Published theo current FX-20 delegated rule; explicit Save"
"documents.format.export","FX-20","COMPOSITE","SELF","true","Blocked","Blocked Q-11","Disclosure","Sensitive","","FX20-S04;FX20-S05","Approved formats/fidelity Q-11; source state + actual create/save/export checks; immutable Type/Editor preserved; Owner; immutable DocumentType/EditorMode/Folder/Parent; Title editable ở Draft/Published theo current FX-20 delegated rule; explicit Save"
"learning.certification.archive","FX-40","COMMAND","SELF","true","Resolved delegated","Resolved delegated: action contract; source business rules unchanged","Lifecycle","Normal","","FX40-S04","Personal tracking; no LMS enrollment/payroll/provider write; ngoài Trash, chưa Archived; Personal tracking; no LMS enrollment/payroll/provider write"
"learning.certification.unarchive","FX-40","COMMAND","SELF","true","Resolved delegated","Resolved delegated: action contract; source business rules unchanged","Lifecycle","Normal","","FX40-S04","Personal tracking; no LMS enrollment/payroll/provider write; Archived, khôi phục previous state; Personal tracking; no LMS enrollment/payroll/provider write"
"learning.certification.trash","FX-40","COMMAND","SELF","true","Resolved delegated","Resolved delegated: action contract; source business rules unchanged","Lifecycle","Normal","","FX40-S04","Personal tracking; no LMS enrollment/payroll/provider write; preview aggregate, không purge; Personal tracking; no LMS enrollment/payroll/provider write"
"learning.certification.restore","FX-40","COMMAND","SELF","true","Resolved delegated","Resolved delegated: action contract; source business rules unchanged","Lifecycle","Normal","","FX40-S04","Personal tracking; no LMS enrollment/payroll/provider write; đúng deletion cohort, parent hợp lệ; Personal tracking; no LMS enrollment/payroll/provider write"
"learning.certification.purge","FX-40","COMMAND","SELF","true","Resolved delegated","Resolved delegated: action contract; source business rules unchanged","Destructive","Administrative","","FX40-S04","Personal tracking; no LMS enrollment/payroll/provider write; chỉ Trash, preview pins/dependencies, xác nhận không thể hoàn tác; Personal tracking; no LMS enrollment/payroll/provider write"
